,com (y),com (x),end_1 (y),end_1 (x),end_2 (y),end_2 (x),ee-distance,gyr_distance,length,time,T,length_ref
0,-1.003,44.319,-3.111,42.789,0.561,45.577000000000005,4.610480235290029,1.3310501759436997,6.365673058186179,0.0,20,20.876
1,-0.459,43.367,-0.561,43.401,1.513,41.939,2.53750270935816,1.7017044442512383,10.123906371928694,2.0,20,20.876
2,-0.765,43.095000000000006,0.051,43.197,0.629,39.253,3.986128447503919,1.9240086030436416,9.949372362135469,4.0,20,20.876
3,-0.6970000000000001,42.687000000000005,0.255,43.503,1.853,41.327000000000005,2.699737024230324,1.8784810854744487,10.37099371986871,6.0,20,20.876
4,0.221,42.653000000000006,1.003,44.081,1.717,42.925,1.35872440178279,1.832278575846788,10.646605531840638,8.0,20,20.876
5,0.5950000000000001,43.877,1.139,43.945,2.669,47.583000000000006,3.946637049438421,1.843995083968185,12.376430485061965,10.0,20,20.876
6,0.8330000000000001,43.503,1.003,44.183,3.213,47.345000000000006,3.857764119279457,2.3502214705941253,13.872559643175697,12.0,20,20.876
7,0.493,42.721,0.5950000000000001,44.829,3.791,43.571000000000005,3.43467320133954,2.1320365185289893,9.831331151794524,14.0,20,20.876
8,0.7310000000000001,43.231,0.561,44.931,3.349,46.937000000000005,3.43467320133954,2.52780066974214,14.218702745174488,16.0,20,20.876
9,1.173,44.149,0.629,44.86300000000001,3.1790000000000003,45.815000000000005,2.7219118281090595,2.1015347685680954,14.601497518167132,18.0,20,20.876
10,0.629,44.149,0.629,44.829,3.3830000000000005,42.483,3.6177661615975127,2.1866901913486827,15.805363576175871,20.0,20,20.876
11,0.357,43.29900000000001,0.561,43.877,2.125,44.965,1.9052138987525784,1.5378482250925387,10.034420827106397,22.0,20,20.876
12,1.921,43.911,0.629,45.577000000000005,2.4650000000000003,48.059000000000005,3.087267400145313,2.3431637870844715,13.357022756865616,24.0,20,20.876
13,0.799,44.659000000000006,0.5950000000000001,44.625,3.689,44.829,3.100717981371411,1.9197465562278528,11.779847116976432,26.0,20,20.876
14,0.323,43.027,-0.527,38.607,0.323,45.067,6.515681084890512,2.174023865543416,11.566374357114986,28.0,20,20.876
15,-0.119,42.347,0.7310000000000001,44.217000000000006,0.425,44.761,0.6241570315233179,1.777478354607701,12.169691077827862,30.0,20,20.876
16,-0.017,43.29900000000001,0.187,42.381,-0.527,46.767,4.443736265801562,1.6831657058104246,4.814086840865304,32.0,20,20.876
17,-0.119,44.115,3.587,45.271,0.119,45.067,3.473994818648986,1.7404900566326824,5.957957277557318,34.0,20,20.876
18,-0.187,44.761,2.329,48.025000000000006,-0.255,42.857000000000006,5.777999653859457,1.92584505767864,7.331500494218937,36.0,20,20.876
19,0.051,44.897000000000006,3.4170000000000003,46.767,0.119,44.285,4.127605601314157,1.931457634658951,6.626756966202824,38.0,20,20.876
20,-0.187,44.897000000000006,2.975,46.903000000000006,1.479,46.937000000000005,1.4963863137572464,1.9583585081904544,1.952964286588232,40.0,20,20.876
21,0.459,46.053,3.145,46.359,-1.785,42.653000000000006,6.167603748620691,2.438280751047951,10.617554506134352,42.0,20,20.876
22,1.5470000000000002,45.339000000000006,2.635,44.42100000000001,-1.921,41.871,5.221076134284963,2.201486675022709,12.084245991873928,44.0,20,20.876
23,1.275,43.809000000000005,-1.241,41.463,0.221,40.137,1.973757837223199,2.208996556331668,13.99685019353777,46.0,20,20.876
24,0.425,42.177,0.221,41.055,0.425,35.683,5.375872022286246,3.1749871063622472,17.352073790862004,48.0,20,20.876
25,0.085,39.661,0.119,43.29900000000001,0.6970000000000001,32.895,10.42004318609093,3.639287437888229,14.547231023432612,50.0,20,20.876
26,0.323,38.709,0.051,43.29900000000001,0.187,32.725,10.574874561903796,3.984752316930566,15.112598706608102,52.0,20,20.876
27,0.493,40.273,-0.5950000000000001,36.975,-0.357,37.009,0.2404163056034262,2.94549974425875,1.4558213907346989,54.0,20,20.876
28,0.289,37.825,-0.935,43.945,0.6970000000000001,31.467,12.584272247531835,4.16967783273416,16.152541596352446,56.0,20,20.876
29,0.119,35.955000000000005,-0.085,44.387,0.527,28.339,16.059665251803974,4.488973163386587,16.54761925050019,58.0,20,20.876
30,-0.119,33.371,-0.119,42.143,-0.323,26.163,15.981302074612069,4.986500450330313,16.37261606081791,60.0,20,20.876
31,-0.221,28.713,-0.561,37.145,-0.7310000000000001,20.349,16.796860301854036,4.701506597840567,17.059966711112924,62.0,20,20.876
32,-0.289,24.599,-0.153,32.453,-0.901,18.853,13.620554467421655,3.509345422066376,14.595987657702366,64.0,20,20.876
33,0.051,22.287000000000003,-0.5950000000000001,31.671000000000003,-0.935,15.657000000000002,16.01760893516882,4.751900887701405,16.998747125704334,66.0,20,20.876
34,-0.357,17.901,-0.323,27.421000000000003,-0.459,9.809,17.612525088697534,4.898715585145554,18.16906846207069,68.0,20,20.876
35,-0.187,16.864,-0.527,24.973000000000003,0.629,16.745,8.308809782393626,3.65942749848736,15.273496509056828,70.0,20,20.876
36,-0.085,18.785,-0.663,23.647,0.493,16.949,6.797024348933878,2.1167182552445154,7.968541550508378,72.0,20,20.876
37,0.187,21.964,-0.969,26.435,-0.629,19.839,6.604757073503916,3.0024162129551084,13.556253228610256,74.0,20,20.876
38,0.357,24.667,0.765,32.895,-0.799,17.323,15.650344405156076,4.47063124710705,17.372016241075993,76.0,20,20.876
39,-0.017,27.353,0.289,34.119,-0.8670000000000001,18.955,15.20799894792211,4.541767060158108,15.919685158334746,78.0,20,20.876
40,0.085,33.677,-0.085,40.715,-0.051,25.517000000000003,15.198038031272327,4.382234944292324,15.676641591632452,80.0,20,20.876
41,0.5950000000000001,38.607,1.3090000000000002,45.577000000000005,-0.765,30.515,15.20412180956204,4.2058994813595785,16.20185756424464,82.0,20,20.876
42,0.459,41.395,2.091,45.815000000000005,-0.051,33.201,12.794575413041263,3.834391752886449,14.34488932927782,84.0,20,20.876
43,0.187,42.29600000000001,4.029,45.169,0.357,33.371,12.35622871267767,4.135218996902942,16.079619690974393,86.0,20,20.876
44,0.221,42.381,2.4650000000000003,47.787000000000006,0.765,34.085,13.80705631190081,3.871328201335665,15.554369794208768,88.0,20,20.876
45,0.323,42.789,-1.411,43.775000000000006,-0.187,34.323,9.53092230584218,3.9576200981115073,15.546173033124877,90.0,20,20.876
46,0.8670000000000001,44.42100000000001,-1.649,43.503,0.051,38.131,5.634570436155715,2.837221123240755,14.797450303800469,92.0,20,20.876
47,-0.119,46.189,-1.003,43.265,1.683,45.339000000000006,3.393533851311933,1.7030960222023372,10.960043326968623,94.0,20,20.876
48,0.017,45.577000000000005,0.289,41.225,0.493,48.501000000000005,7.278859251283817,2.154571882306055,8.338695649572502,96.0,20,20.876
49,0.119,45.543000000000006,0.799,43.775000000000006,1.819,47.889,4.238560604733641,2.025363680278016,9.429953819132686,98.0,20,20.876
50,-0.391,43.877,-0.527,37.043,1.241,44.86300000000001,8.017370142384596,2.9988473462086724,11.175019397538376,100.0,20,20.876
51,0.221,44.285,2.7030000000000003,41.871,2.431,45.951,4.089056614917431,2.5716393762381307,13.458947054807744,102.0,20,20.876
52,0.221,44.149,3.757,43.129000000000005,0.629,46.461000000000006,4.570186867076663,1.9710700507976189,10.612153559816004,104.0,20,20.876
53,0.561,43.673,,,,,4.570186867076663,2.308058667206992,,106.0,20,20.876
54,0.187,43.741,-0.629,39.117,0.527,45.543000000000006,6.529150940206545,2.4913824284633304,9.82309122747213,108.0,20,20.876
55,0.119,43.401,-3.349,43.469,0.8330000000000001,45.101000000000006,4.489158941271739,1.8801388297624384,11.793932734116968,110.0,20,20.876
56,-0.221,43.911,-2.193,45.781000000000006,0.323,45.271,2.567168868617723,1.602709461757721,9.778742932718744,112.0,20,20.876
57,-0.527,44.047,-2.873,47.073,0.425,45.441,3.679704879470636,2.141369649146852,11.977953383416784,114.0,20,20.876
58,-0.7310000000000001,44.557,-2.4650000000000003,42.143,0.799,42.857000000000006,3.3411812282484767,1.7382810037464849,11.701134327811294,116.0,20,20.876
59,-0.527,44.251000000000005,-0.187,40.409000000000006,0.663,45.203,4.868771508296523,2.109718739414556,9.745588693015051,118.0,20,20.876
60,-0.289,42.211000000000006,-0.221,34.697,0.969,44.013000000000005,9.391696119445092,3.502472643594065,14.1669039711181,120.0,20,20.876
61,-0.051,41.259,-1.207,41.123000000000005,0.527,45.747,4.9384341647935335,2.2594839584809443,10.563048375137168,122.0,20,20.876
62,0.391,41.123000000000005,0.391,39.797,0.5950000000000001,45.679,5.885536509104332,2.2032489693786146,8.969765460444847,124.0,20,20.876
63,-0.085,40.919,-2.431,42.755,0.5950000000000001,45.679,4.20790351600414,2.227283120687376,14.357842257987093,126.0,20,20.876
64,-0.153,40.749,-0.323,43.877,-0.119,39.559000000000005,4.322816211684231,1.990446420555289,5.977333997928223,128.0,20,20.876
65,0.153,40.409000000000006,0.5950000000000001,41.599,0.085,37.587,4.04428535096128,2.2299650236420003,4.230433030466654,130.0,20,20.876
66,-0.357,39.032,-1.207,41.973000000000006,0.289,35.989000000000004,6.1681660159240215,2.483608157410772,7.963183750871849,132.0,20,20.876
67,-0.425,38.233,-1.955,42.347,-1.717,41.939,0.4723430956412933,3.142296370435059,0.5728192597582622,134.0,20,20.876
68,0.493,39.015,-0.7310000000000001,32.929,2.567,42.177,9.818467701225076,3.2715664864171514,12.500299570814525,136.0,20,20.876
69,0.119,38.437000000000005,0.7310000000000001,34.425000000000004,-0.289,40.613,6.271502531291844,3.463086099368472,9.492205254111209,138.0,20,20.876
70,-0.425,39.253,0.323,32.419000000000004,-0.289,40.409000000000006,8.013404020764211,3.871216397397151,8.30787665482223,140.0,20,20.876
71,-0.391,38.947,-0.221,31.773000000000003,-0.765,41.769000000000005,10.010791776877593,3.584281137051728,10.813270043394589,142.0,20,20.876
72,0.187,39.967000000000006,0.459,33.371,-3.281,45.747,12.928765447636522,3.9443807095501073,14.39860360489924,144.0,20,20.876
73,-0.221,38.811,-0.425,30.209000000000003,-0.561,38.335,8.127137995629212,4.467188161520278,9.15282473022737,146.0,20,20.876
74,0.119,38.709,-0.323,28.917,-0.017,44.727,15.812961013042434,4.571367211493617,16.801101822726427,148.0,20,20.876
75,-0.187,40.443000000000005,0.8330000000000001,35.275000000000006,-0.085,40.239,5.048169965442923,3.275884085223866,6.554461287429329,150.0,20,20.876
76,-0.187,40.035,-0.561,39.219,0.527,45.407,6.282920340096634,3.671903701879318,7.01379835108762,152.0,20,20.876
77,-0.017,40.307,-0.187,33.541000000000004,-0.085,40.205000000000005,6.664780566530304,3.743325884824885,7.9235509650338,154.0,20,20.876
78,-0.085,40.664,-0.561,32.385000000000005,0.051,38.641000000000005,6.285863504722323,4.149245344468487,6.635906505481815,156.0,20,20.876
79,-0.119,41.973000000000006,-0.7310000000000001,34.221000000000004,1.275,46.019000000000005,11.967323844536006,3.719710272363101,13.262364633639184,158.0,20,20.876
80,-0.085,42.381,-0.527,34.901,1.139,46.835,12.049726635903406,3.681721287581832,12.804593857954442,160.0,20,20.876
81,0.187,42.653000000000006,-0.459,41.089000000000006,2.499,45.067,4.9572419751309305,2.9327016467037232,7.2000476557834,162.0,20,20.876
82,-0.017,43.605,-0.153,37.009,3.1790000000000003,44.86300000000001,8.531561404573022,2.7752312317358068,12.569249199966595,164.0,20,20.876
83,-0.085,43.639,-0.357,37.043,2.1590000000000003,48.229000000000006,11.465463444623598,3.390216262438784,13.679609562299715,166.0,20,20.876
84,-0.323,43.197,-0.663,38.539,1.5470000000000002,47.855,9.574547300003276,2.9532976578922105,10.9370605320857,168.0,20,20.876
85,-0.357,45.101000000000006,-1.989,44.727,0.017,46.665000000000006,2.789243625071141,1.6616386338337463,5.949945507858623,170.0,20,20.876
86,0.459,44.404,2.125,43.605,1.6150000000000002,44.795,1.2946814279968646,1.283079955193357,,172.0,20,20.876
87,1.445,44.523,2.2270000000000003,44.217000000000006,2.431,47.923,3.711610432143977,2.034502660637762,12.5271657292552,174.0,20,20.876
88,-0.153,44.965,-3.3150000000000004,46.257000000000005,1.989,44.727,5.520264124115802,1.903694311638668,14.303849023327173,176.0,20,20.876
89,0.323,44.625,-1.139,42.245000000000005,-0.085,48.093,5.942223489570214,2.1123036801141057,7.295109947423672,178.0,20,20.876
90,0.629,45.101000000000006,1.377,43.265,2.907,47.277,4.293837910308213,2.4401489619647565,12.623827306036183,180.0,20,20.876
91,1.037,45.373000000000005,1.649,43.163,3.655,45.339000000000006,2.959562805550847,2.6395555515953357,14.335832639001437,182.0,20,20.876
92,0.8330000000000001,45.645,-0.765,43.027,3.2470000000000003,47.345000000000006,5.894172376169533,2.275911100156007,7.693773539763448,184.0,20,20.876
93,1.207,45.339000000000006,-0.799,42.517,3.995,44.319,5.121488065006108,2.467836095037584,10.191128754097734,186.0,20,20.876
94,2.057,44.86300000000001,2.261,41.497,-1.173,44.455000000000005,4.532341558179392,2.345007620236988,11.88256013529028,188.0,20,20.876
95,1.105,43.809000000000005,0.051,39.865,-1.785,43.571000000000005,4.135859281938881,2.2338895021026324,13.92490206160251,190.0,20,20.876
96,0.289,43.571000000000005,0.901,38.981,0.527,39.151,0.4108235631022154,2.4132547196615843,1.00111889276179,192.0,20,20.876
97,0.663,41.463,0.561,34.901,0.5950000000000001,45.101000000000006,10.20005666650926,3.452557033879965,11.387493728302449,194.0,20,20.876
98,0.6970000000000001,38.641000000000005,-0.425,30.175,-0.017,44.557,14.387786070136018,4.813273080209521,17.549667375662317,196.0,20,20.876
99,0.493,35.649,0.629,28.373,1.887,44.217000000000006,15.89386359574034,5.1642625442399614,16.304471907095216,198.0,20,20.876
100,0.221,36.975,-0.085,30.243,0.935,42.381,12.18078174831156,4.486497379834816,12.742723760769898,200.0,20,20.876
101,0.323,34.799,0.527,26.095,1.0710000000000002,41.089000000000006,15.003865235331862,5.682280729441695,15.38828929263908,202.0,20,20.876
102,0.255,34.833000000000006,0.493,28.305000000000003,0.969,41.259,12.96274245674888,4.971498848811927,13.844088420752303,204.0,20,20.876
103,0.187,34.391000000000005,0.6970000000000001,27.557,0.935,40.511,12.956186167233012,5.352294286618894,13.57679579284699,206.0,20,20.876
104,0.085,33.677,0.6970000000000001,27.999,1.003,40.443000000000005,12.447761726511317,5.171780972824713,13.93239218060786,208.0,20,20.876
105,-0.051,33.439,-0.017,24.735000000000003,1.377,43.741,19.05705307753536,5.869767428912549,19.540623182897782,210.0,20,20.876
106,0.153,34.289,0.527,26.333,0.799,42.415000000000006,16.084300046940186,5.075256015491191,16.434975833769105,212.0,20,20.876
107,0.221,34.289,0.561,28.339,0.663,41.939,13.600382494621243,4.657906081913147,14.47024597131823,214.0,20,20.876
108,0.425,34.102000000000004,0.391,27.659,0.8330000000000001,41.667,14.014971566150251,4.798633957890948,14.772705083245889,216.0,20,20.876
109,0.391,33.405,-0.425,25.007,1.445,42.993,18.08295042298132,5.724943613115324,18.570932007801343,218.0,20,20.876
110,-0.391,33.745000000000005,-0.765,25.891,1.037,41.769000000000005,15.979927659410729,5.3231600670320445,16.51511848864543,220.0,20,20.876
111,-0.425,33.932,0.221,28.101000000000003,0.629,41.973000000000006,13.877998702983078,5.030474113484223,14.993206737071295,222.0,20,20.876
112,-0.017,33.677,-0.5950000000000001,25.381,0.7310000000000001,42.415000000000006,17.08553282751229,5.468582004856842,17.768620043750047,224.0,20,20.876
113,0.629,34.408,-0.8670000000000001,31.059,0.8670000000000001,42.959,12.025670708945928,5.1402503598896505,16.663072774501686,226.0,20,20.876
114,0.663,34.629000000000005,-0.8330000000000001,34.187000000000005,1.003,42.347,8.364,4.609753334089714,14.94948182156048,228.0,20,20.876
115,0.187,36.142,-0.221,37.587,0.969,38.845000000000006,1.7316650946415708,3.883866288442293,11.223139445767249,230.0,20,20.876
116,-0.119,37.247,-0.561,37.893,-0.493,35.343,2.5509065055387667,3.817293468164418,2.829255985814407,232.0,20,20.876
117,0.527,36.601,0.8330000000000001,39.729000000000006,-0.459,32.827000000000005,7.021884932124708,4.810735021285852,10.647813377261238,234.0,20,20.876
118,0.425,41.565000000000005,1.6150000000000002,46.121,0.425,34.663000000000004,11.519629507931237,3.9082173744051913,15.309616110108376,236.0,20,20.876
119,0.017,39.083000000000006,2.7030000000000003,46.529,0.7310000000000001,31.637000000000004,15.021998801757375,4.372876479031746,16.635671421656973,238.0,20,20.876
120,0.357,34.816,0.629,44.217000000000006,-0.289,25.959000000000003,18.281063645204014,5.58913136204897,19.038153915343543,240.0,20,20.876
121,-0.119,30.039,0.187,36.805,0.323,23.953000000000003,12.852719556576345,3.825849526544905,14.403315780876342,242.0,20,20.876
122,0.255,22.729000000000003,-0.323,31.331000000000003,-0.8670000000000001,15.793,15.547520059482157,4.050154910788191,16.38323725865914,244.0,20,20.876
123,-0.323,16.983,0.357,22.491000000000003,0.391,9.401,13.090044155769684,3.857096424277707,15.010772613464985,246.0,20,20.876
124,-0.459,9.061,0.119,16.235,-0.5950000000000001,2.5330000000000004,13.72059036630713,4.061461544515108,14.46677529877873,248.0,20,20.876
125,-0.221,3.4850000000000003,-0.017,11.203,0.017,-1.5470000000000002,12.75004533325274,3.4263670345882296,13.720828439502483,250.0,20,20.876
126,-0.119,-0.357,-0.085,6.715000000000001,-0.7310000000000001,-5.593,12.324941379170935,3.359507505214445,13.268559335443411,252.0,20,20.876
127,-0.289,-1.785,-0.391,5.729,-0.935,-7.395,13.135269772638855,3.944802066923241,13.930052289665868,254.0,20,20.876
128,-0.357,-5.763000000000001,-0.221,2.737,0.527,-9.877,12.636158435220729,3.554443611222376,13.716964556632382,256.0,20,20.876
129,-0.323,-11.169,-0.051,-4.437,-0.085,-16.235,11.79804899125275,3.2121615253434497,13.179627602578035,258.0,20,20.876
130,-0.255,-12.835,-0.765,-5.049,-0.8330000000000001,-17.663,12.614183287078085,3.785098049964119,13.869851373600207,260.0,20,20.876
131,-0.153,-14.841,-0.085,-5.6610000000000005,-0.901,-22.661,17.01957273259232,4.767342704082473,17.89343832451228,262.0,20,20.876
132,0.017,-17.153000000000002,-1.105,-11.203,-0.357,-22.151000000000003,10.973523044127624,3.445731975582009,11.948092526125922,264.0,20,20.876
133,-0.187,-19.227,-1.105,-10.217,-0.935,-26.333,16.11689659953181,4.8903563753986,16.96886771362564,266.0,20,20.876
134,-0.153,-24.293000000000003,0.187,-16.881,-0.459,-31.739,14.87203684772197,4.076127630781626,15.873399460668896,268.0,20,20.876
135,-0.085,-27.489,-0.969,-18.853,-0.8330000000000001,-32.691,13.838668288531236,3.909275951082963,14.609502773516928,270.0,20,20.876
136,-0.357,-29.937,0.391,-21.641,0.153,-36.227,14.58794159571528,3.878491007832837,16.273338256110492,272.0,20,20.876
137,-0.425,-34.425000000000004,-0.7310000000000001,-26.129,-0.799,-41.361,15.23215178495803,4.021374851396269,15.951085336273744,274.0,20,20.876
138,-0.6970000000000001,-37.519000000000005,-0.425,-28.645000000000003,-2.635,-43.741,15.256910434291736,4.364089425850247,16.642615480758906,276.0,20,20.876
139,-0.629,-39.899,-0.935,-31.501,-3.043,-44.081,12.755393525877594,3.868364290066504,14.518803937361588,278.0,20,20.876
140,-0.561,-40.817,0.255,-32.011,-2.1590000000000003,-47.583000000000006,15.758000507678632,4.866348799720727,16.3508639437923,280.0,20,20.876
141,-0.8330000000000001,-42.109,-0.5950000000000001,-32.861000000000004,-1.5810000000000002,-48.025000000000006,15.19602224267917,4.49358397892916,16.0292976704556,282.0,20,20.876
142,-0.6970000000000001,-41.837,-0.969,-32.589000000000006,-2.2950000000000004,-47.413,14.883186889910371,4.459827472215391,18.010832917743926,284.0,20,20.876
143,-0.357,-43.979000000000006,-0.085,-39.491,-1.6150000000000002,-48.025000000000006,8.670066666410358,2.6637383138347013,11.918366417835667,286.0,20,20.876
144,-0.119,-44.047,-0.8330000000000001,-37.179,2.2950000000000004,-47.583000000000006,10.864050809895913,3.3823465370387997,13.02634704456293,288.0,20,20.876
145,-0.323,-44.557,-0.527,-36.669,-3.621,-46.325,10.13958440962942,3.535338292846397,14.390133533829976,290.0,20,20.876
146,0.8330000000000001,-45.101000000000006,-0.7310000000000001,-38.165000000000006,-2.9410000000000003,-47.345000000000006,9.442271972359196,3.313327355070165,14.785044264665798,292.0,20,20.876
147,0.051,-46.529,2.023,-42.347,2.125,-46.733,4.38718588619174,2.0504226784363357,10.370301910883228,294.0,20,20.876
148,1.5810000000000002,-43.605,-1.445,-42.007000000000005,1.445,-48.093,6.737321129351042,2.9068981255557533,13.669952454617082,296.0,20,20.876
149,-1.411,-47.209,-2.125,-41.463,2.567,-46.495000000000005,6.880108138685031,2.8367883318947524,12.796051347303514,298.0,20,20.876
150,1.377,-45.169,0.017,-43.197,0.7310000000000001,-43.231,0.7148090654153738,1.4964333149381317,0.9446207450496976,300.0,20,20.876
151,2.1590000000000003,-46.393,-1.717,-47.753,1.479,-41.837,6.7240963705170085,2.860084676922738,11.506905916918535,302.0,20,20.876
152,1.241,-44.489,0.561,-46.937000000000005,0.391,-38.437000000000005,8.501699830033992,2.688327621945557,12.379285196510006,304.0,20,20.876
153,0.153,-41.021,0.901,-46.767,0.459,-35.513000000000005,11.262676413712684,2.795686600284501,13.0555368223929,306.0,20,20.876
154,-0.357,-37.519000000000005,2.431,-44.795,-0.969,-31.637000000000004,13.590178953935816,3.784663744049672,15.129514224741104,308.0,20,20.876
155,-0.085,-35.649,-0.153,-41.565000000000005,-0.051,-28.883000000000003,12.682410181034204,3.617434278352873,14.317096705307293,310.0,20,20.876
156,-0.459,-29.393,0.221,-33.779,0.357,-23.001,10.778858010012009,3.0234269227148167,12.196207717998504,312.0,20,20.876
157,-0.085,-23.477,-0.765,-31.297,-0.935,-18.207,13.09110384956135,3.879431837451468,14.063008260904123,314.0,20,20.876
158,-0.017,-22.389000000000003,-0.221,-29.801,-0.629,-17.901,11.906992231457952,3.792619812375379,12.917487165210051,316.0,20,20.876
159,-0.459,-21.267000000000003,0.221,-26.945,-0.799,-15.929,11.0631214401723,3.007731279956815,12.54904481326989,318.0,20,20.876
160,-0.323,-23.273000000000003,-1.0710000000000002,-27.761000000000003,-0.799,-19.669,8.096570138027584,3.153514024629196,9.209906757021276,320.0,20,20.876
161,-0.561,-19.839,-0.425,-22.185,-0.119,-15.487000000000002,6.704986204310939,3.1766769718307364,7.129078829486063,322.0,20,20.876
162,-0.561,-20.757,-0.085,-22.967,-0.459,-18.989,3.995542516354945,1.175914971567347,4.816177088269142,324.0,20,20.876
163,-0.085,-23.409,0.119,-25.721,0.391,-20.179,5.5486708318299085,1.6364426518963953,5.994090520146509,326.0,20,20.876
164,-0.459,-22.389000000000003,0.357,-28.441000000000003,-0.5950000000000001,-17.833000000000002,10.650632281700464,3.0723609150112883,11.232073820899204,328.0,20,20.876
165,-0.187,-21.879,-0.153,-27.251,0.085,-27.183000000000003,0.2475237362355376,2.2211181459305176,0.7293370783163357,330.0,20,20.876
166,-0.391,-21.981,-1.105,-28.373,0.255,-19.261000000000003,9.212933517615332,2.748171619362506,10.808388952437438,332.0,20,20.876
167,-0.153,-22.015,-0.255,-27.115,0.425,-20.451,6.698604033677466,2.0525593404954043,9.674371071039248,334.0,20,20.876
168,-0.255,-21.199,-1.139,-21.641,0.255,-19.193,2.8170800485609213,1.446428356660593,7.272224158808965,336.0,20,20.876
169,-0.6970000000000001,-20.723000000000003,-0.7310000000000001,-26.775,-0.8330000000000001,-16.915000000000003,9.860527572092682,2.652354454894696,10.727311409418434,338.0,20,20.876
170,-0.119,-21.131,0.051,-27.659,-0.5950000000000001,-16.235,11.442250303152786,3.1549554894022043,12.649103111852002,340.0,20,20.876
171,-0.391,-22.117,-0.119,-27.761000000000003,-0.663,-16.609,11.165260408964944,3.227658418636016,11.629696357967502,342.0,20,20.876
172,-0.153,-22.015,-0.765,-27.081000000000003,-0.8330000000000001,-16.099,10.98221052429792,2.907645979425477,12.219617803137336,344.0,20,20.876
173,-0.7310000000000001,-23.749,0.459,-30.957,0.391,-18.343,12.614183287078085,3.59724272344715,13.649777501114087,346.0,20,20.876
174,-0.527,-27.183000000000003,0.425,-31.671000000000003,-1.139,-23.069000000000003,8.743025792024179,2.3599468468702365,10.312934127612795,348.0,20,20.876
175,-0.527,-30.651000000000003,-0.357,-36.873000000000005,0.119,-24.327,12.555026563094165,3.5138379437928124,13.517974731833696,350.0,20,20.876
176,-0.357,-35.411,-0.051,-42.041,0.017,-29.393,12.648182794378014,3.70888158877644,13.291616545404093,352.0,20,20.876
177,-0.255,-35.479,0.561,-40.681,-0.901,-31.501,9.29568953870556,2.458565471525576,10.50901514992984,354.0,20,20.876
178,-0.017,-37.723000000000006,1.513,-43.707,0.187,-32.929,10.859261485018216,2.9633004206177582,12.087834095415962,356.0,20,20.876
179,-0.629,-37.859,-0.527,-40.579,-0.323,-35.071000000000005,5.511776483131369,1.736276452082923,6.261136116229428,358.0,20,20.876
180,-0.221,-40.307,3.451,-46.393,-0.629,-35.853,11.30212369424437,3.3194246297104413,13.63458058392579,360.0,20,20.876
181,0.663,-42.245000000000005,-0.629,-48.535,-1.037,-38.471,10.072266874939324,3.134794448511683,12.026237283787516,362.0,20,20.876
182,-1.0710000000000002,-44.965,1.955,-47.209,-0.051,-41.089000000000006,6.440375454893915,2.65879746022904,11.243381957678045,364.0,20,20.876
183,-1.887,-44.336000000000006,0.629,-48.637,-0.663,-40.817,7.926011859693374,2.3521450435409466,12.764300470111,366.0,20,20.876
184,-0.765,-43.707,2.4650000000000003,-46.86900000000001,-0.017,-40.715,6.6356642470818255,2.44337974198077,10.211492022107484,368.0,20,20.876
185,-1.105,-44.047,-2.329,-47.719,1.3090000000000002,-42.347,6.487944820973743,2.2478344908658427,11.680883993682922,370.0,20,20.876
186,-0.561,-44.455000000000005,-3.145,-47.209,0.357,-41.327000000000005,6.8455772583471735,2.885443391152044,14.5502293983509,372.0,20,20.876
187,-1.921,-43.843,-3.655,-42.993,-3.145,-42.721,0.5780000000000001,1.487367074200123,0.9593428666612256,374.0,20,20.876
188,-0.459,-44.625,-0.901,-48.501000000000005,-0.493,-41.599,6.914048596878677,1.9408018770170257,9.510779730704792,376.0,20,20.876
189,-0.901,-46.461000000000006,-1.989,-47.345000000000006,0.425,-47.957,2.4903694505032785,1.2740504522048757,9.600194631764618,378.0,20,20.876
190,-0.187,-46.257000000000005,-3.2470000000000003,-47.005,2.091,-41.73500000000001,7.501142846260162,2.3922263151204377,12.512643454401662,380.0,20,20.876
191,0.391,-43.027,-1.5470000000000002,-46.937000000000005,-0.901,-38.097,8.86357241748495,2.6628566193466416,10.86589623601377,382.0,20,20.876
192,0.221,-40.783,-1.5810000000000002,-46.631,-1.0710000000000002,-36.125,10.51837135682136,3.158479307543127,12.573023020054274,384.0,20,20.876
193,-0.391,-37.825,0.493,-42.551,-1.0710000000000002,-34.561,8.141633497032398,2.3050868081178963,10.194566480751746,386.0,20,20.876
194,-0.153,-37.315000000000005,,,,,8.141633497032398,2.281285110356563,,388.0,20,20.876
195,-0.391,-35.717000000000006,0.221,-37.315000000000005,-0.6970000000000001,-31.059,6.322994543726889,3.182994425629119,7.24644127238312,390.0,20,20.876
196,0.153,-34.493,0.017,-41.73500000000001,0.357,-29.597,12.14276097104773,3.697425622941877,12.779424115633756,392.0,20,20.876
197,-0.425,-35.547000000000004,0.119,-40.647000000000006,-1.173,-27.625000000000004,13.085937031791037,3.676171944454141,13.91424404869488,394.0,20,20.876
198,-0.017,-33.337,0.357,-38.777,-1.139,-26.775,12.094875774475735,3.3302684545328622,12.881384767779307,396.0,20,20.876
199,-0.051,-31.025,0.153,-37.519000000000005,-0.119,-25.823,11.699162363177974,3.3502394331224505,12.911811914525586,398.0,20,20.876
200,-0.221,-30.107000000000003,-0.8670000000000001,-37.655,-1.105,-23.681,13.976026617032469,4.2533494817932285,15.012611570317436,400.0,20,20.876
201,-0.085,-30.889000000000003,0.459,-35.989000000000004,0.051,-24.769,11.227415731146683,3.018904565306267,12.101271211296602,402.0,20,20.876
202,-0.425,-29.699,0.221,-37.009,-1.139,-24.395000000000003,12.687103530751218,4.05392235000064,13.321628664229385,404.0,20,20.876
203,-0.391,-30.379,0.289,-36.091,-0.8330000000000001,-24.327,11.817384651436209,3.113979675599655,13.4558731490266,406.0,20,20.876
204,-0.391,-28.339,-0.629,-36.737,0.255,-22.933000000000003,13.832276457618972,4.265864300703128,14.932456236308107,408.0,20,20.876
205,-0.289,-28.645000000000003,-0.799,-35.887,0.425,-23.681,12.26721696229426,4.434589027631959,14.836256452171945,410.0,20,20.876
206,0.085,-28.509,0.289,-34.663000000000004,0.493,-29.937,4.730400828682491,2.936788811560494,13.940652064106038,412.0,20,20.876
207,-0.493,-31.127,-0.765,-32.351,-0.5950000000000001,-29.427000000000003,2.928937691382321,0.8933235257630804,3.4877358270669028,414.0,20,20.876
208,-0.119,-30.243,-1.0710000000000002,-33.677,-1.037,-28.509,5.168111840895087,1.4651495995760744,6.498498092975405,416.0,20,20.876
209,0.119,-31.875000000000004,-0.8330000000000001,-36.975,-0.459,-32.317,4.672990477199798,2.084631196930522,6.702231334552183,418.0,20,20.876
210,-0.221,-33.779,0.357,-38.879000000000005,-0.935,-31.059,7.926011859693374,2.207928574451665,9.72518826247978,420.0,20,20.876
211,-0.323,-33.949000000000005,-0.901,-38.539,0.187,-31.093000000000004,7.5250687704498755,2.446027967235312,10.323108268920866,422.0,20,20.876
212,-0.7310000000000001,-38.199000000000005,-1.513,-43.061,0.051,-34.051,9.144735972131729,2.78694015762608,11.0558739659341,424.0,20,20.876
213,-0.901,-38.573,,,,,9.144735972131729,2.9487484337128627,,426.0,20,20.876
214,-0.323,-40.715,2.601,-44.319,-0.901,-35.513000000000005,9.476794816814383,3.3935341239028904,13.997096233799429,428.0,20,20.876
215,0.255,-40.851000000000006,-1.105,-45.441,-0.8670000000000001,-36.499,8.94516673964214,3.068868947373029,12.304471602298802,430.0,20,20.876
216,-0.187,-41.633,-2.193,-47.685,-0.119,-36.499,11.37664590290126,3.3722152615847425,13.582361617231188,432.0,20,20.876
217,-0.459,-41.837,0.629,-48.569,-0.901,-36.329,12.33525435489678,3.754488446227681,13.98577053381256,434.0,20,20.876
218,-0.357,-42.211000000000006,-3.2470000000000003,-42.381,-0.8670000000000001,-36.873000000000005,6.0002053298199725,2.8507306529909675,13.170608709103147,436.0,20,20.876
219,-0.289,-42.007000000000005,,,,,6.0002053298199725,3.490772315654199,,438.0,20,20.876
220,0.187,-40.885000000000005,-0.8670000000000001,-45.135000000000005,-0.629,-37.281000000000006,7.857605233148329,2.44851551063866,10.438959976597951,440.0,20,20.876
221,0.187,-40.953,3.519,-45.917,-0.8670000000000001,-38.641000000000005,8.495714919887556,2.475218716209839,11.685732779089308,442.0,20,20.876
222,0.085,-40.341,3.3830000000000005,-43.367,-0.459,-37.927,6.65992222176806,1.61500832723231,9.79533874659001,444.0,20,20.876
223,-0.5950000000000001,-40.273,-2.873,-41.905,-1.0710000000000002,-38.165000000000006,4.151482144969433,1.1794657120763856,6.209989086664197,446.0,20,20.876
224,-0.6970000000000001,-40.715,-3.213,-43.265,-0.901,-38.097,5.661587056647633,1.564684734555465,8.458098928452644,448.0,20,20.876
225,-0.493,-42.041,-3.3830000000000005,-46.597,-0.8670000000000001,-37.621,9.321954301539996,2.8480883044341647,11.82228634666596,450.0,20,20.876
226,0.085,-40.749,-0.323,-38.063,2.975,-44.42100000000001,7.162469406566426,2.0209539161788177,8.697766786784326,452.0,20,20.876
227,-0.425,-39.219,-0.119,-34.969,-0.5950000000000001,-41.191,6.240181087115983,1.8082708240862984,6.67519984108036,454.0,20,20.876
228,0.051,-36.975,-1.139,-31.875000000000004,-1.037,-38.607,6.732772682929374,2.6659943434098814,11.041619971948782,456.0,20,20.876
229,-0.017,-35.241,-0.561,-28.747000000000003,-1.037,-38.539,9.803562617742594,3.390629669598796,13.597865837772424,458.0,20,20.876
230,-0.561,-29.155,-0.935,-23.885,-0.901,-36.193000000000005,12.308046961236377,3.979913355428174,12.986794912174464,460.0,20,20.876
231,-0.323,-28.203000000000003,-1.139,-24.123,-0.799,-34.561,10.44353599122443,4.046483073846949,12.190030301547363,462.0,20,20.876
232,-0.629,-22.457,-0.051,-13.787,-0.425,-29.665000000000003,15.882404100135473,5.856493260251259,16.638680029314493,464.0,20,20.876
233,-0.6970000000000001,-15.147,-1.105,-6.9190000000000005,-0.8330000000000001,-22.763,15.846334591949018,4.407663749447875,16.552217493805053,466.0,20,20.876
234,-0.255,-9.928,-1.0710000000000002,-2.8390000000000004,-0.017,-17.935000000000002,15.132750311823692,4.36442642507037,15.805414844879696,468.0,20,20.876
235,-0.085,-8.619,-1.139,-3.995,-0.289,-17.255000000000003,13.287215660175011,4.533261897624645,16.063871758940458,470.0,20,20.876
236,-0.323,-7.174,0.391,0.289,-0.119,-16.269000000000002,16.565852347525016,4.811006545946529,17.33431087859198,472.0,20,20.876
237,-0.187,-6.069000000000001,-0.6970000000000001,-0.8330000000000001,0.391,-14.909,14.117985692017117,4.275242832156779,15.333416994580013,474.0,20,20.876
238,-0.153,-5.559,-0.323,2.1590000000000003,-0.085,-15.045000000000002,17.205646166302504,5.004914479761229,17.73951473909988,476.0,20,20.876
239,-0.323,-2.737,0.561,1.955,0.561,-7.123,9.078,3.744119594749913,10.229840119504765,478.0,20,20.876
240,-0.561,0.017,0.391,7.293,0.119,-9.163,16.45824778036836,4.86527669757575,17.099706426125493,480.0,20,20.876
241,-0.323,2.176,-0.527,7.259,0.459,-5.899,13.19489143570344,3.900371959658133,14.674446531086645,482.0,20,20.876
242,-0.153,5.049,0.5950000000000001,10.863,-0.119,-3.825,14.70534392661389,4.251393491550742,15.566438715334426,484.0,20,20.876
243,-0.459,11.271,0.527,17.017,-0.663,4.539000000000001,12.534615430877809,4.8313368480005465,12.99333954294632,486.0,20,20.876
244,-0.357,12.019,-0.187,16.983,-0.7310000000000001,7.973000000000001,9.026407701849058,4.352228221706637,9.975231822361112,488.0,20,20.876
245,0.119,14.603000000000002,0.153,21.743,0.5950000000000001,6.103000000000001,15.646244405607373,4.6054845547971,16.555188348644055,490.0,20,20.876
246,-0.357,16.439,-0.459,22.049000000000003,-0.6970000000000001,8.041,14.010021698769778,3.923563053913727,14.574168468532111,492.0,20,20.876
247,-0.391,18.071,-0.493,26.367,-0.8670000000000001,10.217,16.154329945869005,4.607411107363133,17.284486604423275,494.0,20,20.876
248,-0.425,22.797,-0.323,30.107000000000003,0.629,17.085,13.056752582476244,3.652289208421875,14.588229441253969,496.0,20,20.876
249,-0.187,27.863000000000003,0.391,35.275000000000006,0.459,18.853,16.422140786146002,5.048789736283974,17.476105555665782,498.0,20,20.876
250,-0.323,32.113,0.901,37.145,0.153,22.831000000000003,14.33353061879731,5.0445613789127375,15.40991301757954,500.0,20,20.876
251,-0.255,35.411,-0.629,40.817,0.493,26.401000000000003,14.459596813189505,4.888285712806654,15.398126454116976,502.0,20,20.876
252,-0.051,38.335,-1.445,42.551,0.187,30.345,12.31461976676503,4.065958341437469,14.1052153369505,504.0,20,20.876
253,0.119,40.171,0.459,46.359,0.7310000000000001,31.195000000000004,15.166439265694503,4.567996474719545,16.668460224999,506.0,20,20.876
254,-0.051,41.429,0.629,45.475,0.5950000000000001,31.943,13.532042713500427,4.335001528293825,18.254161594656413,508.0,20,20.876
255,-0.629,43.027,1.173,46.801,0.425,35.479,11.346681805708664,3.626800564282814,16.577353862703664,510.0,20,20.876
256,-0.7310000000000001,44.353,1.717,45.917,0.6970000000000001,36.329,9.642102675246724,3.549234454124936,15.700225020334225,512.0,20,20.876
257,-0.969,45.067,1.037,47.685,0.5950000000000001,37.349,10.34544634126532,3.494685780019868,16.066991190362618,514.0,20,20.876
258,-1.139,45.713,0.8330000000000001,48.161,0.187,39.933,8.253320543878083,2.7910111472183265,14.331155722058334,516.0,20,20.876
259,-0.6970000000000001,45.679,2.499,46.121,0.357,39.695,6.773598748080668,2.814427102883314,12.352382575222874,518.0,20,20.876
260,-1.513,45.98500000000001,1.479,48.569,-3.0090000000000003,45.033,5.713618818227202,1.9460543209417056,10.529733950182912,520.0,20,20.876
261,-0.901,45.169,-3.3150000000000004,45.713,3.825,44.42100000000001,7.255953693347279,2.4271488597287445,10.557489428287363,522.0,20,20.876
262,-0.935,46.155,-3.0090000000000003,44.387,3.213,47.277,6.860421561391108,2.230685075076272,10.170694246211593,524.0,20,20.876
263,-0.425,45.747,-2.7030000000000003,46.937000000000005,-1.003,47.073,1.7054313237418857,1.2630404910577024,7.535406102866024,526.0,20,20.876
264,0.017,45.577000000000005,-2.7710000000000004,46.359,0.085,48.705000000000005,3.696004870126662,2.2044956610749766,10.43860670347228,528.0,20,20.876
265,0.391,46.155,-2.9410000000000003,47.005,3.927000000000001,45.339000000000006,7.06717623948915,2.166004204007797,10.850154703803176,530.0,20,20.876
266,0.255,44.727,-3.2470000000000003,43.333000000000006,2.737,41.837,6.1681660159240215,2.497915826953044,13.326321653601122,532.0,20,20.876
267,0.051,44.965,-3.043,43.231,1.173,41.599,4.520849477697748,2.44863747680684,12.08552270246579,534.0,20,20.876
268,0.5950000000000001,45.135000000000005,-2.397,42.075,1.139,44.047,4.048713375876342,2.0880647225874696,10.766677012223894,536.0,20,20.876
269,0.663,45.169,-2.9410000000000003,42.721,3.961,46.019000000000005,7.649471092827269,2.0332055108518667,11.109424210835863,538.0,20,20.876
270,0.8330000000000001,46.461000000000006,-3.3830000000000005,43.741,1.989,48.297,7.043828504442738,1.9750993725658736,13.294290197448465,540.0,20,20.876
271,0.8670000000000001,45.747,-3.1790000000000003,45.373000000000005,3.1790000000000003,42.245000000000005,7.085799037511578,2.605481587389736,14.043915744570402,542.0,20,20.876
272,0.221,45.815000000000005,-2.125,45.679,-0.119,44.965,2.12927969041176,1.9497262955976784,9.725226588137746,544.0,20,20.876
273,0.289,45.407,-2.261,47.311,-1.411,44.523,2.9146944951400995,1.4112277095694763,6.746859501671478,546.0,20,20.876
274,0.153,45.271,-2.431,46.223000000000006,-1.105,45.169,1.6938689441630366,1.280833077258324,7.091787247125867,548.0,20,20.876
275,0.119,45.135000000000005,-2.2950000000000004,47.379000000000005,1.275,42.687000000000005,5.895741174780318,1.5453421104864848,8.86539925244342,550.0,20,20.876
276,0.391,44.897000000000006,-1.479,45.441,-0.221,39.185,6.3812302889019765,2.1504663879230765,9.926859075960586,552.0,20,20.876
277,-0.085,44.727,-0.8670000000000001,44.965,-0.255,38.369,6.62433090960891,2.683946067895491,10.013450090083277,554.0,20,20.876
278,-0.153,43.537000000000006,0.323,44.659000000000006,-0.527,36.397000000000006,8.305609188975845,2.9362959845104024,9.065974239086788,556.0,20,20.876
279,-0.017,39.627,1.5470000000000002,45.271,0.459,31.841,13.47399881252778,4.306852156041701,15.411061640439708,558.0,20,20.876
280,0.187,36.295,1.003,45.645,-0.459,28.611,17.096625398013494,4.763810270859659,17.85428245535789,560.0,20,20.876
281,0.017,34.017,0.017,41.973000000000006,0.629,26.673,15.312235107912889,5.069410855815572,15.634919700245009,562.0,20,20.876
282,0.119,30.039,0.289,38.267,0.119,21.743,16.524874462458104,5.300481651338822,16.896870640997133,564.0,20,20.876
283,0.187,28.679,0.629,36.873000000000005,-0.221,20.689,16.206306056594144,5.128962046861749,16.61322285949691,566.0,20,20.876
284,-0.459,25.143,0.493,33.847,-0.935,16.507,17.398700641139847,5.214655739648459,17.87356310776438,568.0,20,20.876
285,-0.221,19.992,-0.391,26.979000000000003,-0.6970000000000001,13.685,13.297521272778624,3.961864828748933,14.25548536925374,570.0,20,20.876
286,-0.5950000000000001,18.581000000000003,-0.459,27.727,0.527,10.387,17.36801070934723,4.875035269755075,17.770162271926928,572.0,20,20.876
287,-0.221,17.221,-0.5950000000000001,25.177000000000003,-0.357,9.333,15.84578745282165,4.55434399023098,16.467496556355982,574.0,20,20.876
288,-0.357,14.875000000000002,-0.051,22.831000000000003,0.425,9.129,13.7102654970646,3.939990109692822,14.674708565224137,576.0,20,20.876
289,-0.7310000000000001,12.699000000000002,0.153,20.893,0.527,4.981000000000001,15.916394692266213,4.115445053292621,16.660428786896826,578.0,20,20.876
290,-0.255,8.347000000000001,-0.459,17.697000000000003,-0.391,1.037,16.66013877493222,4.777089823101263,17.389885397681024,580.0,20,20.876
291,-0.357,5.253,-0.017,15.011,-0.255,-2.907,17.919580575448744,4.996878723230093,18.46094746609999,582.0,20,20.876
292,-0.663,2.261,-0.391,7.565,-0.935,-4.4030000000000005,11.98035725677661,5.059800006263969,13.102368793326407,584.0,20,20.876
293,-0.459,3.349,-0.561,10.557,-0.8330000000000001,-1.105,11.665171580392634,3.390529229665457,12.897676498888933,586.0,20,20.876
294,-0.289,0.391,-0.935,9.639,0.459,-5.797000000000001,15.498817116154385,4.764583058486752,16.548817731635015,588.0,20,20.876
295,-0.085,-3.4850000000000003,0.255,5.6610000000000005,-0.323,-11.509,17.179725958233444,4.914956430074621,17.69440685256653,590.0,20,20.876
296,-0.527,-6.307,0.187,3.587,-1.003,-13.617,17.245107016194478,4.933295264548508,17.8351885135005,592.0,20,20.876
297,-0.561,-11.781,-0.8670000000000001,-4.097,-1.105,-19.635,15.539822650210654,4.39166282438326,16.518416848695377,594.0,20,20.876
298,-0.459,-16.983,-0.323,-7.531000000000001,0.085,-23.885,16.35908860542054,4.474042751180113,17.25042400858226,596.0,20,20.876
299,-0.119,-18.921000000000003,-0.7310000000000001,-11.135000000000002,-1.003,-23.409,12.277013480484577,4.277656154743837,13.595678848043535,598.0,20,20.876
300,-0.323,-23.953000000000003,-0.051,-14.501,-1.105,-29.835,15.370181261130268,5.365182804699672,15.89380775058084,600.0,20,20.876
301,-0.527,-31.773000000000003,0.425,-22.695,0.391,-38.029,15.334037693966977,5.030426444143566,15.98368739566934,602.0,20,20.876
302,-0.289,-34.051,0.289,-27.013,-0.8330000000000001,-39.763000000000005,12.799272791842514,4.084216929621623,14.517135874768876,604.0,20,20.876
303,-0.255,-34.459,0.187,-26.027,-0.799,-40.443000000000005,14.44967999645667,4.678330548994919,15.635387783535505,606.0,20,20.876
304,-0.391,-35.105000000000004,0.187,-26.639000000000003,-0.6970000000000001,-40.375,13.764416151802443,4.482051959192224,14.787881817858796,608.0,20,20.876
305,-0.459,-34.969,-0.357,-25.653,-0.8330000000000001,-40.137,14.491819485489048,4.595497291426033,15.594737700977172,610.0,20,20.876
306,-0.221,-35.887,-0.119,-27.795,-0.391,-40.375,12.582940196949204,4.048504137935707,13.4689386132807,612.0,20,20.876
307,-0.085,-36.125,0.289,-27.931,-1.037,-39.695,11.838495343581464,4.023990745093422,15.095581006754877,614.0,20,20.876
308,-0.153,-35.683,0.425,-26.911,0.289,-41.327000000000005,14.41664149516107,4.280134883430725,15.638708203180762,616.0,20,20.876
309,-0.323,-36.193000000000005,-0.629,-29.631000000000004,-1.037,-39.049,9.426833402580105,3.0152366879640558,11.41677385839935,618.0,20,20.876
310,-0.221,-35.479,-0.561,-27.013,-0.8330000000000001,-38.981,11.971090510057971,3.983663858062098,13.646605755561106,620.0,20,20.876
311,-0.153,-35.547000000000004,-0.221,-27.047,-0.8670000000000001,-39.763000000000005,12.732398517168711,4.428237553599478,15.04383132880226,622.0,20,20.876
312,-0.187,-35.768,-0.7310000000000001,-26.265,-0.6970000000000001,-42.449000000000005,16.18403571424631,4.219586715995794,17.149420830352497,624.0,20,20.876
313,0.153,-36.057,-0.221,-27.421000000000003,-0.799,-39.797,12.38948990071827,3.905602368295997,13.39599313019198,626.0,20,20.876
314,-0.017,-37.196000000000005,-0.153,-28.985000000000003,-2.057,-42.143,13.295043437311516,3.646399575356203,14.947780680280136,628.0,20,20.876
315,-0.119,-38.080000000000005,0.459,-32.929,-0.085,-43.605,10.689850887641043,3.068706778549035,12.683089831406708,630.0,20,20.876
316,-0.323,-38.471,-0.153,-33.065000000000005,-1.0710000000000002,-38.913,5.919613838756714,1.965989272143116,9.85939646996961,632.0,20,20.876
317,-0.8330000000000001,-40.919,-1.105,-36.975,0.153,-40.137,3.403058624237908,1.8673011959025,11.577474145683896,634.0,20,20.876
318,-0.425,-40.681,0.527,-37.009,-1.275,-44.217000000000006,7.429836337363025,2.2709356898717403,11.282854944364455,636.0,20,20.876
319,0.323,-41.191,0.255,-35.921,-0.357,-43.911,8.013404020764211,3.216774162587932,15.680878484323136,638.0,20,20.876
320,0.289,-40.953,-1.037,-36.023,1.0710000000000002,-44.353,8.592587735950097,2.9122539519064823,12.817648379686332,640.0,20,20.876
321,-0.119,-40.511,-0.6970000000000001,-36.295,0.629,-44.557,8.367730875213423,2.4732312866873127,10.310855334898177,642.0,20,20.876
322,-0.663,-40.341,-0.799,-35.513000000000005,0.221,-47.413,11.943634287770202,3.481946474000306,12.96327377839328,644.0,20,20.876
323,-0.221,-41.157,-1.105,-36.125,-3.893,-44.251000000000005,8.590973169554193,2.8196752520485964,13.142326176719298,646.0,20,20.876
324,-0.017,-40.715,-1.0710000000000002,-36.091,-1.241,-47.209,11.119299618231356,3.2087572277662333,12.884380887298772,648.0,20,20.876
325,0.323,-40.375,-1.139,-34.153000000000006,1.411,-47.583000000000006,13.669945135222743,3.8135198055726702,14.323747562944565,650.0,20,20.876
326,0.289,-40.341,-0.901,-35.343,-0.765,-46.087,10.744860725016403,2.8646690231804914,11.95996526200692,652.0,20,20.876
327,0.119,-39.95,-0.969,-34.901,0.323,-47.719,12.882949507003431,3.677089508001504,13.884482535970514,654.0,20,20.876
328,-0.425,-40.239,0.425,-34.425000000000004,0.391,-46.631,12.206047353668591,3.675398664822105,16.152951763894627,656.0,20,20.876
329,-0.221,-40.63,0.051,-35.479,0.289,-47.99100000000001,12.514263382237088,3.745450928174616,14.997594474428713,658.0,20,20.876
330,-0.323,-40.919,-1.139,-34.935,-0.221,-47.923,13.0204019907221,3.668472226295324,14.9537427651332,660.0,20,20.876
331,-0.289,-40.511,-0.8670000000000001,-35.071000000000005,-3.4850000000000003,-45.917,11.15749254985187,3.5281192838620727,14.335740147020136,662.0,20,20.876
332,-0.391,-40.443000000000005,-0.561,-34.867000000000004,-3.3830000000000005,-45.509,11.00980690112229,3.180460403457664,13.81884935641743,664.0,20,20.876
333,-0.765,-40.647000000000006,0.051,-34.901,-1.683,-44.591,9.843924827018949,3.18129998680996,14.32268436286743,666.0,20,20.876
334,-0.221,-40.103,-0.085,-34.085,-1.513,-45.203,11.20933129138398,3.6508864786022936,14.410493409740416,668.0,20,20.876
335,-0.425,-39.967000000000006,0.357,-34.867000000000004,1.105,-45.917,11.075287987226336,3.357623740798932,14.273722353478307,670.0,20,20.876
336,0.085,-40.273,0.527,-35.037,-1.5470000000000002,-46.733,11.87846336863485,3.27811902098726,13.645933453420511,672.0,20,20.876
337,-0.119,-39.593,0.221,-34.765,2.669,-43.741,9.303831468808967,2.4760364094368383,12.10206489567788,674.0,20,20.876
338,-0.323,-40.137,-0.765,-34.697,-2.2950000000000004,-45.509,10.919718128230237,3.478686507131452,14.660203481541616,676.0,20,20.876
339,-0.255,-39.831,-1.207,-36.635000000000005,-1.955,-45.441,8.837711242171245,2.812686548961797,12.739137149790134,678.0,20,20.876
340,-0.323,-40.307,-0.7310000000000001,-35.207,-2.669,-44.727,9.715258308454798,3.104538623137958,13.964402385522408,680.0,20,20.876
341,-0.204,-39.457,-0.221,-32.997,-1.853,-46.835,13.933903544951072,3.5268244787186536,14.621460433881223,682.0,20,20.876
342,0.017,-39.933,-1.0710000000000002,-33.575,-2.635,-45.475,12.002337105747364,3.002933251298171,14.15419100258188,684.0,20,20.876
343,0.221,-40.069,-0.459,-35.717000000000006,0.459,-45.713,10.038064554484595,2.539729218225996,11.3967135164504,686.0,20,20.876
344,-0.5950000000000001,-39.015,-0.8330000000000001,-32.249,0.221,-45.135000000000005,12.9290336839224,3.808192633452149,15.590095460599487,688.0,20,20.876
345,-0.425,-39.593,-1.173,-32.079,-2.805,-45.135000000000005,13.157604645223232,3.5877421631283446,15.803546391374086,690.0,20,20.876
346,-0.527,-39.865,-1.0710000000000002,-33.337,-3.2470000000000003,-46.325,13.16902122406977,3.671442622675192,14.399830888376878,692.0,20,20.876
347,-0.493,-38.947,-0.153,-31.331000000000003,-0.969,-47.753,16.442260793455382,4.12208100787334,17.01837475388085,694.0,20,20.876
348,-0.391,-38.913,0.527,-34.051,-0.391,-46.087,12.070957708483617,3.3410704595114264,13.89652442973388,696.0,20,20.876
349,-0.119,-38.607,-0.391,-34.799,1.173,-41.225,6.61358994797833,2.1015227267569774,8.636257117688183,698.0,20,20.876
350,-0.255,-39.389,-0.901,-35.853,-0.255,-43.197,7.372357289225746,2.156574374944362,9.177855026491509,700.0,20,20.876
351,-0.6970000000000001,-38.913,-0.527,-33.779,-1.513,-42.041,8.320627380191954,2.926168359458092,8.877223735767794,702.0,20,20.876
352,-0.221,-39.219,-1.139,-34.017,1.003,-43.265,9.492821919745468,2.575670825727055,11.236098876864828,704.0,20,20.876
353,-0.323,-39.457,-1.0710000000000002,-33.269000000000005,-1.173,-43.911,10.64248880666548,3.378037851689688,14.905280412192694,706.0,20,20.876
354,-0.119,-38.811,-0.7310000000000001,-35.547000000000004,-0.323,-43.333000000000006,7.796682627887325,2.0844473909262664,9.038570749145135,708.0,20,20.876
355,-0.085,-38.675,0.561,-39.763000000000005,0.7310000000000001,-42.755,2.996825653921162,1.684456160363159,10.00412978531217,710.0,20,20.876
356,0.017,-40.766000000000005,0.425,-43.095000000000006,2.057,-44.013000000000005,1.8724710945699536,1.694340524431113,7.39345645835867,712.0,20,20.876
357,0.187,-40.137,0.357,-38.811,2.601,-44.659000000000006,6.263756061661406,1.9583606808436125,7.725988583587926,714.0,20,20.876
358,0.085,-40.63,0.459,-36.397000000000006,-0.017,-45.203,8.818855481296879,2.36996723331874,9.794899275648756,716.0,20,20.876
359,-0.459,-40.545,-0.391,-37.213,-1.887,-44.761,7.694824234509844,2.201171179562952,8.911303373427682,718.0,20,20.876
360,-0.221,-41.293000000000006,-0.527,-38.097,0.799,-48.093,10.083565440854738,3.158346040682835,10.567061448129168,720.0,20,20.876
361,0.187,-40.783,0.425,-36.805,-1.717,-46.155,9.59221892994525,2.552914155996178,10.25782776519235,722.0,20,20.876
362,-0.323,-41.939,0.459,-37.689,0.8670000000000001,-46.767,9.087163914005291,2.520921352340056,11.233776944470405,724.0,20,20.876
363,-0.765,-41.769000000000005,0.289,-37.723000000000006,-1.173,-48.263000000000005,10.640913682574444,2.980965204650997,11.38520911040648,726.0,20,20.876
364,-0.153,-41.599,0.221,-38.335,-0.8670000000000001,-45.98500000000001,7.726981558150634,2.344298856080905,8.791852288105515,728.0,20,20.876
365,0.255,-42.177,0.391,-37.553,-2.125,-46.189,8.995040411248857,2.482845254317358,11.197662010380723,730.0,20,20.876
366,-0.391,-41.599,-0.425,-37.893,1.037,-45.475,7.721668731563146,1.9858124464469875,10.231432841900292,732.0,20,20.876
367,-0.221,-42.041,-0.561,-38.981,-0.6970000000000001,-45.713,6.733373597239352,1.782548064722974,7.570952285446356,734.0,20,20.876
368,-0.5950000000000001,-42.721,0.051,-38.845000000000006,-3.349,-45.509,7.481236261474437,2.659893023025436,10.028994840859593,736.0,20,20.876
369,-0.561,-42.262,0.459,-38.165000000000006,-2.873,-47.515,9.925962119613391,2.858783337509673,11.909743046389368,738.0,20,20.876
370,-0.085,-42.721,0.051,-38.505,-2.329,-47.617,9.417693135794986,2.876606531020277,11.073541565002492,740.0,20,20.876
371,-0.459,-43.826,0.289,-39.695,-3.111,-47.243,8.278424004603774,2.3107647653639383,9.639907138935923,742.0,20,20.876
372,0.119,-43.843,0.051,-39.015,3.3830000000000005,-46.053,7.786890778738329,2.501439077967161,10.20471995656637,744.0,20,20.876
373,0.051,-43.707,-1.0710000000000002,-38.233,3.5530000000000004,-45.611,8.707253298256575,3.1632344437131383,13.135010041741117,746.0,20,20.876
374,0.221,-44.183,0.255,-37.485,3.0090000000000003,-47.141000000000005,10.041058310755895,3.155374876771023,13.784127971686168,748.0,20,20.876
375,1.411,-43.469,0.425,-39.219,2.4650000000000003,-47.583000000000006,8.609186721171751,2.639060352537576,11.3778796405732,750.0,20,20.876
376,-0.085,-43.809000000000005,0.391,-39.355,3.519,-44.489,6.011849964861066,2.5158654456350686,11.177482387888892,752.0,20,20.876
377,-0.051,-43.843,-2.669,-45.713,0.5950000000000001,-39.627,6.906018534582715,2.5099144011969448,11.769558618667611,754.0,20,20.876
378,0.153,-43.809000000000005,-0.357,-39.797,2.125,-46.801,7.430769812071964,2.541465324618505,11.650170932366706,756.0,20,20.876
379,0.799,-43.401,-0.051,-39.117,1.003,-48.535,9.476794816814383,2.54843371465886,11.00214599975705,758.0,20,20.876
380,1.207,-43.231,0.425,-39.083000000000006,3.587,-45.203,6.888587954000442,2.2866533816212726,9.552381593896673,760.0,20,20.876
381,0.391,-42.619,0.5950000000000001,-39.423,2.567,-44.285,5.246696865647948,1.9551134335691809,8.749510593745574,762.0,20,20.876
382,0.153,-43.435,0.391,-39.083000000000006,-1.445,-47.481,8.596353878243962,2.628195880213453,11.781047124893542,764.0,20,20.876
383,0.153,-45.169,-0.085,-38.981,-3.621,-46.121,7.967615452567976,3.236187845075433,13.39293262093358,766.0,20,20.876
384,-0.187,-43.979000000000006,-0.017,-39.865,0.085,-47.515,7.650679969780464,2.3213940624006417,9.302761858221787,768.0,20,20.876
385,0.391,-44.285,0.425,-39.355,2.261,-47.889,8.729264115605623,2.7863878146212624,12.384376268976265,770.0,20,20.876
386,1.139,-44.081,-0.051,-40.307,1.955,-48.093,8.040263179772165,2.522170064772487,10.03631968379896,772.0,20,20.876
387,0.153,-43.775000000000006,-0.8330000000000001,-39.899,0.289,-48.603,8.77601845941541,2.596800753877703,12.413008099372137,774.0,20,20.876
388,1.751,-42.653000000000006,-0.7310000000000001,-40.171,2.091,-45.917,6.401577930479329,1.9088062857356924,10.033173997147788,776.0,20,20.876
389,1.5810000000000002,-42.653000000000006,-0.391,-39.967000000000006,1.3430000000000002,-44.999,5.322384803826195,1.8629377556122064,10.704690531813489,778.0,20,20.876
390,-0.187,-41.599,-0.357,-39.185,1.377,-45.407,6.459105201186927,1.9895702375461368,8.544649420828906,780.0,20,20.876
391,-0.221,-42.143,-0.7310000000000001,-39.287000000000006,0.289,-48.603,9.371673063012816,2.8725013406993543,11.137348839061358,782.0,20,20.876
392,-0.425,-42.245000000000005,-0.187,-39.389,-0.7310000000000001,-44.115,4.757206323042969,1.7124630827726346,7.870167354395073,784.0,20,20.876
393,-0.289,-44.149,0.425,-42.007000000000005,0.8670000000000001,-48.263000000000005,6.271594693536884,2.778780905793829,8.369467747329654,786.0,20,20.876
394,-0.255,-42.789,0.221,-40.171,-2.805,-47.311,7.754758281210318,2.8551409160022407,10.296193179640303,788.0,20,20.876
395,0.119,-43.843,0.935,-41.123000000000005,-1.105,-47.651,6.839326282610006,2.57541471496772,10.344201940495523,790.0,20,20.876
396,-0.391,-43.29900000000001,0.493,-39.933,-4.063000000000001,-45.339000000000006,7.069792924831675,2.573446922476144,9.531460202344292,792.0,20,20.876
397,-0.187,-43.639,0.493,-39.865,-2.125,-47.957,8.504962551357885,2.613157094023184,9.928277960273707,794.0,20,20.876
398,-0.153,-43.571000000000005,1.683,-41.429,1.445,-48.365,6.940082132078842,2.8766512938202893,10.5288114873434,796.0,20,20.876
399,-0.391,-43.571000000000005,1.785,-41.497,-0.561,-48.399,7.289809325352756,2.6144779268540184,9.219228776936824,798.0,20,20.876
400,-0.493,-43.639,1.207,-41.259,-2.7030000000000003,-47.107000000000006,7.034714208836063,2.556695119689232,8.664284696571432,800.0,20,20.876
401,-0.357,-44.013000000000005,2.1590000000000003,-41.769000000000005,0.935,-48.331,6.675179398338296,2.55429194440366,9.768863255547144,802.0,20,20.876
402,-0.323,-44.353,1.445,-41.361,1.139,-48.535,7.1805231007218415,2.8759660541469323,10.911070974135866,804.0,20,20.876
403,-0.5950000000000001,-44.217000000000006,2.397,-42.007000000000005,-2.5330000000000004,-47.787000000000006,7.596927010311472,2.7675758867550626,9.222772679411412,806.0,20,20.876
404,-0.663,-44.251000000000005,2.499,-42.075,-3.621,-45.917,7.226019928010164,2.902500550951862,10.324708775487832,808.0,20,20.876
405,-0.527,-43.605,1.139,-41.361,-0.085,-42.517,1.683600902827033,2.100859543842668,11.30906788285188,810.0,20,20.876
406,-0.561,-44.523,0.629,-40.715,-0.221,-47.277,6.616822802523883,2.3377553857775943,10.414714722700412,812.0,20,20.876
407,-0.085,-44.387,1.037,-41.429,1.207,-47.889,6.462236454974393,2.397456569383722,8.889669059033125,814.0,20,20.876
408,-0.119,-44.455000000000005,0.289,-40.715,-1.0710000000000002,-48.263000000000005,7.669543923858835,2.5971338379228994,10.07981341134068,816.0,20,20.876
409,-0.255,-44.115,0.493,-40.307,2.431,-47.447,7.398340624761745,2.651869064888656,10.520286001204497,818.0,20,20.876
410,-0.119,-44.217000000000006,0.493,-40.171,2.499,-47.54900000000001,7.645843315161514,2.690574725627511,11.319453236552675,820.0,20,20.876
411,-1.037,-44.557,0.425,-41.123000000000005,-2.601,-47.345000000000006,6.918812036758912,2.3407028172908326,9.397211723939291,822.0,20,20.876
412,-1.377,-44.42100000000001,0.527,-40.579,-3.757,-46.155,7.031673485024743,2.6726484964914645,11.544186599896166,824.0,20,20.876
413,-1.479,-44.455000000000005,0.255,-40.409000000000006,-3.757,-45.98500000000001,6.86934640267908,2.642311712137283,10.54372548252975,826.0,20,20.876
414,-1.0710000000000002,-44.659000000000006,,,,,6.86934640267908,2.943360490336948,,828.0,20,20.876
415,-1.275,-44.965,-0.017,-41.259,-3.3830000000000005,-46.699000000000005,6.397152178899608,2.3850157060037325,8.82914088224605,830.0,20,20.876
416,-0.527,-44.897000000000006,0.357,-40.919,-2.193,-47.753,7.294248144942699,2.510564415211613,8.20856211219881,832.0,20,20.876
417,0.051,-45.067,0.323,-40.783,1.275,-48.195,7.472887527589319,2.301030926921787,9.177994310795624,834.0,20,20.876
418,-1.207,-44.659000000000006,-0.629,-41.395,-2.737,-47.515,6.472871387568271,2.2542230427685443,9.308193563013113,836.0,20,20.876
419,-0.289,-43.605,-0.6970000000000001,-41.021,-0.221,-48.603,7.596927010311472,2.5003833069875423,10.250891045694331,838.0,20,20.876
420,-0.527,-43.826,-1.003,-40.919,-2.431,-47.583000000000006,6.815282826119544,2.4181187301345983,11.41465772246815,840.0,20,20.876
421,0.255,-43.707,-0.493,-40.987,2.091,-47.855,7.338016080658314,2.652836459375472,10.59550983039603,842.0,20,20.876
422,1.139,-42.925,-1.003,-40.783,0.799,-47.787000000000006,7.232096514842706,2.5313183436404034,10.225361545083114,844.0,20,20.876
423,1.785,-43.809000000000005,-1.0710000000000002,-40.953,0.289,-48.43300000000001,7.602631123499285,2.9232027835744594,11.533536851664351,846.0,20,20.876
424,1.003,-43.741,-1.411,-41.225,3.281,-46.257000000000005,6.880108138685031,2.449489927821224,11.745307742036188,848.0,20,20.876
425,0.391,-44.42100000000001,-1.0710000000000002,-40.953,3.349,-46.563,7.142023522784002,2.5259006987309744,11.578164616805248,850.0,20,20.876
426,0.969,-43.911,-0.8670000000000001,-40.341,1.0710000000000002,-48.195,8.089571064030528,2.6708414912727045,12.721986104936374,852.0,20,20.876
427,-0.357,-44.557,-1.377,-41.089000000000006,2.023,-48.025000000000006,7.724512670712633,2.730127560328866,12.53350205500589,854.0,20,20.876
428,0.119,-45.101000000000006,-0.901,-40.341,3.519,-43.809000000000005,5.618133497879879,2.957810935889502,13.56147616584996,856.0,20,20.876
429,0.323,-42.551,-1.003,-40.375,3.621,-45.883,7.1916229044632205,2.271202410724121,12.236654058273745,858.0,20,20.876
430,0.935,-42.551,-1.513,-41.123000000000005,3.587,-45.577000000000005,6.771123688133308,2.3994777535254803,12.130011223459682,860.0,20,20.876
431,1.6150000000000002,-42.483,-1.717,-41.191,1.479,-48.331,7.822660417019264,3.031864550494832,14.626480273476236,862.0,20,20.876
432,1.683,-42.959,-1.785,-41.157,2.7710000000000004,-47.039,7.44009811763259,2.73617791225048,13.838028211474944,864.0,20,20.876
433,2.091,-43.809000000000005,-2.091,-41.361,1.411,-48.297,7.769948519777979,2.8419845257222014,11.662914748976096,866.0,20,20.876
434,0.153,-43.979000000000006,-1.241,-41.021,1.207,-48.535,7.902714723435233,2.725040893674315,14.317159054775985,868.0,20,20.876
435,-1.139,-43.979000000000006,1.139,-41.565000000000005,-1.411,-47.957,6.881872129006758,2.3722367153597443,10.675069596648877,870.0,20,20.876
436,-1.003,-44.115,0.8330000000000001,-41.225,2.261,-47.651,6.582754742507122,2.634992992465061,13.141905782366136,872.0,20,20.876
437,-1.241,-44.931,0.255,-42.143,-0.221,-48.297,6.172381388086774,2.7312341975644068,13.17625596666137,874.0,20,20.876
438,-0.6970000000000001,-44.013000000000005,0.459,-41.429,-2.2950000000000004,-47.821000000000005,6.960041666541947,2.392828708775131,12.365087712408473,876.0,20,20.876
439,-1.5810000000000002,-44.761,0.5950000000000001,-40.647000000000006,0.935,-48.263000000000005,7.623585508145101,2.889744193364287,12.88975321526822,878.0,20,20.876
440,-1.955,-45.815000000000005,0.629,-40.715,1.037,-48.43300000000001,7.728776617292029,3.3017086199122603,13.884346451390051,880.0,20,20.876
441,-0.765,-44.42100000000001,0.017,-41.055,-2.8390000000000004,-47.413,6.970000000000001,2.4803594271359164,14.39824342716208,882.0,20,20.876
442,-0.187,-43.843,0.255,-40.477,1.921,-47.923,7.630103013721375,2.8340275419407,13.04267332659832,884.0,20,20.876
443,-0.051,-44.013000000000005,-0.527,-39.865,1.955,-47.583000000000006,8.107271304205874,2.5882165277590023,10.9926895482257,886.0,20,20.876
444,0.085,-44.897000000000006,-0.527,-40.273,3.349,-44.183,5.505585890711361,2.8553522281931,14.233139148167458,888.0,20,20.876
445,-0.085,-45.645,-0.901,-40.817,3.587,-45.611,6.566930789950508,2.9315660001517605,13.359861065348154,890.0,20,20.876
446,-0.663,-46.087,-0.629,-40.647000000000006,2.9410000000000003,-44.625,5.345033582682152,3.0834769639281943,13.720216464233603,892.0,20,20.876
447,-0.663,-44.795,-1.275,-48.161,-0.8670000000000001,-40.613,7.559018983968754,2.5072292200423067,12.056137261571616,894.0,20,20.876
448,-1.275,-44.42100000000001,-1.955,-48.127,0.119,-39.525000000000006,8.848495917386186,2.703182702998011,12.74337331032597,896.0,20,20.876
449,-1.445,-44.591,1.139,-48.263000000000005,0.459,-40.239,8.05276201063958,3.148824442290268,16.645219831485242,898.0,20,20.876
450,-0.8330000000000001,-44.86300000000001,2.261,-46.903000000000006,-0.8670000000000001,-40.919,6.752232223494687,2.6723539099741265,10.437400608136969,900.0,20,20.876
451,-0.255,-45.611,3.0090000000000003,-44.761,-0.493,-41.259,4.95257589543058,3.1880363430310714,14.15072312913186,902.0,20,20.876
452,-0.119,-45.203,-1.105,-48.43300000000001,-1.003,-40.851000000000006,7.582686067614826,2.7230609731896864,13.019610412348303,904.0,20,20.876
453,-0.8670000000000001,-45.577000000000005,1.275,-47.855,-0.799,-40.953,7.20687727105159,2.971085205017554,13.820415692581845,906.0,20,20.876
454,-1.887,-45.339000000000006,1.037,-47.447,-0.901,-41.157,6.581788814600481,2.8903437115494364,10.55501733546484,908.0,20,20.876
455,-1.173,-46.189,2.567,-47.175,-1.275,-41.055,7.226019928010164,3.205520238399987,11.859829384061513,910.0,20,20.876
456,-0.357,-44.931,2.261,-47.515,-1.5470000000000002,-41.157,7.411142152192198,2.336349865469115,13.002058410665713,912.0,20,20.876
457,0.425,-43.231,0.799,-48.603,-1.037,-40.953,7.867235600895655,2.393560664189601,12.723950781032476,914.0,20,20.876
458,1.0710000000000002,-43.333000000000006,-1.0710000000000002,-48.569,-1.207,-41.225,7.345259151316583,2.633925245829005,12.910133459397722,916.0,20,20.876
459,-0.289,-43.945,-3.825,-45.883,-1.717,-41.191,5.143785376549065,2.7755966666144767,14.552873575398474,918.0,20,20.876
460,-0.255,-44.86300000000001,-3.927000000000001,-44.727,-1.411,-41.191,4.339764048885607,2.5721426360579205,10.788939554277697,920.0,20,20.876
461,-0.8330000000000001,-43.367,-1.173,-44.251000000000005,-1.445,-41.599,2.665912226612122,2.033852700409499,15.267760113947531,922.0,20,20.876
462,-0.561,-41.599,0.357,-39.831,0.017,-39.831,0.34,1.6226038394391258,0.5313810163840564,924.0,20,20.876
463,-1.3090000000000002,-41.429,-0.561,-37.009,-2.2270000000000003,-43.027,6.244347844250831,1.8830677702935368,7.485558728837267,926.0,20,20.876
464,-1.241,-41.565000000000005,0.323,-40.205000000000005,-1.887,-42.415000000000006,3.12541197284454,1.21218071164253,5.67538886105662,928.0,20,20.876
465,-0.527,-40.443000000000005,0.289,-37.893,-1.751,-42.415000000000006,4.960855168214449,1.312078365994366,5.73009174378098,930.0,20,20.876
466,-0.323,-40.477,0.289,-38.879000000000005,-2.091,-42.347,4.206117449620256,1.6914843614685648,4.882956107243267,932.0,20,20.876
467,-0.153,-40.409000000000006,0.425,-34.867000000000004,-2.5330000000000004,-41.667,7.415508344004476,2.167813734598745,8.92075178053646,934.0,20,20.876
468,-0.153,-40.273,-0.051,-38.233,-2.635,-41.701,4.324821383594935,1.4234492767374,5.796038453343863,936.0,20,20.876
469,0.085,-40.001000000000005,0.221,-37.485,-2.7030000000000003,-41.837,5.243060175126736,2.640484202642531,10.552393685937393,938.0,20,20.876
470,0.017,-38.964000000000006,0.357,-33.745000000000005,-2.737,-41.803,8.631581546854552,2.2387391687579226,10.365589204050195,940.0,20,20.876
471,0.221,-38.471,0.493,-32.691,-2.091,-41.361,9.046875482728831,2.444015652436072,10.384971544986485,942.0,20,20.876
472,0.153,-36.431,0.391,-30.107000000000003,-0.629,-40.273,10.217042429196429,3.186244657249667,11.673798508819289,944.0,20,20.876
473,-0.085,-34.527,-0.153,-27.081000000000003,0.493,-39.763000000000005,12.698442424171558,3.967806602595708,13.024097072324627,946.0,20,20.876
474,-0.459,-35.615,,,,,12.698442424171558,3.597332775747049,,948.0,20,20.876
475,-0.187,-34.867000000000004,0.357,-28.203000000000003,-0.187,-40.409000000000006,12.218116548797529,3.4638276548947537,13.260793506734986,950.0,20,20.876
476,-0.255,-33.847,0.357,-25.993,0.493,-39.729000000000006,13.736673250827511,4.227472038851404,14.247547440183228,952.0,20,20.876
477,-0.357,-33.201,-0.493,-27.353,0.493,-39.049,11.73748746538202,3.866146454452124,12.28620307909136,954.0,20,20.876
478,-0.051,-34.051,-0.8330000000000001,-26.401000000000003,0.493,-39.253,12.920223682274235,4.008128949841921,13.330200578454404,956.0,20,20.876
479,0.051,-32.351,-0.391,-24.701,0.493,-39.457,14.782455547032772,4.386855036525858,15.254525740732593,958.0,20,20.876
480,-0.051,-33.881,,,,,14.782455547032772,3.3964019423275205,,960.0,20,20.876
481,-0.323,-31.093000000000004,0.221,-25.517000000000003,0.459,-39.287000000000006,13.772056636537624,4.094085209165928,14.442212159223685,962.0,20,20.876
482,-0.357,-34.085,,,,,13.772056636537624,3.119576175503322,,964.0,20,20.876
483,-0.221,-32.827000000000005,-0.8670000000000001,-27.251,0.051,-39.083000000000006,11.867558636889054,3.6466136708829824,13.057333119297915,966.0,20,20.876
484,-0.221,-33.507000000000005,-1.241,-28.713,-0.221,-40.171,11.50331100162036,3.5390321938352103,12.94379130570996,968.0,20,20.876
485,-0.289,-32.045,-0.969,-25.109,0.425,-39.491,14.449399987542735,4.33690995296535,15.253099526930118,970.0,20,20.876
486,-0.459,-31.365,-1.139,-23.579,-0.289,-38.233,14.678631271341343,4.5732867131713455,15.316848898469704,972.0,20,20.876
487,0.051,-31.501,-1.037,-23.477,0.425,-39.219,15.809744083950251,4.425257788105477,16.4384968602049,974.0,20,20.876
488,-0.153,-29.563,-0.6970000000000001,-21.573,0.255,-38.131,16.58534497681613,5.064707517346117,17.099988341097145,976.0,20,20.876
489,-0.119,-29.767000000000003,,,,,16.58534497681613,4.062856133283099,,978.0,20,20.876
490,-0.085,-32.793,-1.139,-28.101000000000003,-0.289,-37.791,9.727209260625578,3.298444237324671,10.473517993767398,980.0,20,20.876
491,-0.901,-32.419000000000004,0.493,-27.625000000000004,-0.6970000000000001,-37.961000000000006,10.404277774069666,3.443379384421564,11.412420781997978,982.0,20,20.876
492,-0.391,-33.677,0.391,-33.473,-0.459,-36.499,3.1431156517061223,2.3842221140183293,7.25760152370404,984.0,20,20.876
493,-0.901,-32.011,0.391,-27.625000000000004,-1.105,-37.757000000000005,10.241847489588976,3.57951523832118,11.110214052661554,986.0,20,20.876
494,-0.493,-32.249,-0.153,-27.455,-0.935,-38.505,11.077636209950208,3.603103221859137,11.605713312583584,988.0,20,20.876
495,-0.629,-34.289,0.357,-29.155,-0.8670000000000001,-39.287000000000006,10.205665093466472,3.323090487122973,12.052488037095548,990.0,20,20.876
496,-0.459,-32.249,-0.425,-29.291,-0.935,-38.811,9.533650927110768,3.744207021142155,12.762434168105992,992.0,20,20.876
497,-0.323,-35.445,-0.935,-37.247,-0.051,-38.573,1.5936536637550835,1.9468331637850227,10.689697827485292,994.0,20,20.876
498,-0.8670000000000001,-37.961000000000006,-1.513,-41.633,0.425,-37.179,4.857361423653793,2.3122436928307235,11.339529734379164,996.0,20,20.876
499,-0.935,-41.837,-2.057,-47.821000000000005,0.425,-37.213,10.894493471474478,3.00919785627335,12.46694710923323,998.0,20,20.876
500,-0.901,-44.183,-0.629,-48.637,-0.969,-37.995000000000005,10.647429924634396,2.859691697038214,12.217730255335733,1000.0,20,20.876
501,-1.037,-45.305,1.921,-47.753,-0.799,-38.981,9.184028745599614,3.0098654064161643,13.109755227137308,1002.0,20,20.876
502,-0.085,-44.659000000000006,-2.261,-47.787000000000006,-0.561,-40.103,7.869806604993544,2.9582292803844603,14.50738305491871,1004.0,20,20.876
503,0.629,-45.441,-0.391,-48.127,-0.187,-40.987,7.142913691204732,3.0559011632053363,11.37127370451926,1006.0,20,20.876
504,-0.136,-45.169,0.187,-41.055,3.281,-43.435,3.903490233111901,2.939121804917885,14.1769971619432,1008.0,20,20.876
505,-1.3090000000000002,-44.455000000000005,-1.207,-41.021,3.4170000000000003,-45.883,6.709725776810854,2.752808044979314,13.01487381094386,1010.0,20,20.876
506,1.0710000000000002,-42.959,-1.037,-40.919,2.975,-46.733,7.063904019732997,2.840049581433395,12.89701312069234,1012.0,20,20.876
507,-0.187,-42.687000000000005,-2.193,-48.161,0.5950000000000001,-39.015,9.56149883647956,3.07764043210389,13.018883235326864,1014.0,20,20.876
508,-0.459,-42.381,0.935,-47.719,0.493,-40.443000000000005,7.289412870732457,3.355249347953557,14.60891570504833,1016.0,20,20.876
509,-0.5950000000000001,-44.081,-2.5330000000000004,-47.54900000000001,0.5950000000000001,-39.117,8.9934980958468,2.773244164779761,13.414470946709104,1018.0,20,20.876
510,-1.411,-45.339000000000006,2.397,-47.481,0.5950000000000001,-39.253,8.4230153745556,3.499948848106331,15.531984804214936,1020.0,20,20.876
511,-1.3090000000000002,-44.727,-1.377,-47.923,-1.5810000000000002,-42.177,5.749620161367184,2.472173947782325,10.918996015197465,1022.0,20,20.876
512,-1.6150000000000002,-46.223000000000006,2.397,-47.787000000000006,-1.003,-40.953,7.633056792661771,2.8869625175399363,11.971108144897066,1024.0,20,20.876
513,-1.683,-46.563,1.955,-47.753,-1.173,-42.211000000000006,6.363815522153357,2.547892580076346,11.598387012048995,1026.0,20,20.876
514,-1.275,-45.577000000000005,1.751,-48.229000000000006,0.629,-41.429,6.891943412420042,3.015069969093054,15.679513025356036,1028.0,20,20.876
515,-1.003,-45.98500000000001,-0.221,-41.497,3.5530000000000004,-43.809000000000005,4.425880703317703,3.1479973038296496,15.92059364491927,1030.0,20,20.876
516,1.445,-42.245000000000005,-2.363,-41.531000000000006,1.139,-47.821000000000005,7.199173841490426,2.900018635645269,12.981719923218206,1032.0,20,20.876
517,1.751,-43.265,-2.737,-41.837,-0.629,-48.467000000000006,6.957051386902357,3.0391678147689065,13.874381621138838,1034.0,20,20.876
518,0.935,-44.761,-1.683,-41.191,2.2950000000000004,-47.719,7.6445580644011075,2.508094000676948,11.96233241492765,1036.0,20,20.876
519,0.8330000000000001,-44.693000000000005,-2.023,-46.699000000000005,-0.017,-41.939,5.165426991062791,2.846369243246829,11.232487216196551,1038.0,20,20.876
520,-0.6970000000000001,-44.523,1.6150000000000002,-48.331,1.207,-41.633,6.710414890302983,2.805490538932487,14.004359050696475,1040.0,20,20.876
521,-1.513,-46.223000000000006,3.4850000000000003,-46.121,0.765,-41.055,5.750022260826475,3.493482683614347,16.030952364774674,1042.0,20,20.876
522,0.017,-44.387,0.221,-46.801,0.017,-41.089000000000006,5.715641696257736,2.732987953024093,14.738880664845334,1044.0,20,20.876
523,1.037,-43.197,1.105,-48.331,-0.391,-40.273,8.195692771206105,3.03226472610308,13.109920621855736,1046.0,20,20.876
524,2.1590000000000003,-44.353,1.207,-47.651,-0.901,-40.545,7.412077981241159,2.7769088277464475,11.688002109218026,1048.0,20,20.876
525,1.5810000000000002,-44.999,2.499,-47.175,-0.017,-40.681,6.9643586926579255,2.4556890426489817,10.525585505316505,1050.0,20,20.876
526,2.805,-44.251000000000005,2.397,-47.039,-1.377,-41.157,6.988633628972119,2.5421360174836134,9.962358125150237,1052.0,20,20.876
527,2.907,-45.033,2.499,-47.311,0.765,-41.123000000000005,6.426359778288172,2.5101304116821908,7.96703763806401,1054.0,20,20.876
528,2.2950000000000004,-45.373000000000005,-0.289,-48.67100000000001,0.561,-40.987,7.730870326166389,2.628550350016956,11.629125863196228,1056.0,20,20.876
529,2.091,-45.339000000000006,0.969,-48.059000000000005,0.119,-40.545,7.561924093774018,2.561393203112042,11.765880370438898,1058.0,20,20.876
530,2.873,-45.781000000000006,1.819,-47.447,1.445,-42.211000000000006,5.249340149009207,1.850947170989632,7.835710648300604,1060.0,20,20.876
531,2.907,-46.155,-0.255,-48.67100000000001,2.499,-42.075,7.147848067775365,2.629689482697874,9.497401389275234,1062.0,20,20.876
532,2.9410000000000003,-45.883,1.887,-47.481,2.431,-44.115,3.409676230963873,1.2674385821530627,5.613276440109142,1064.0,20,20.876
533,2.737,-45.951,2.907,-46.461000000000006,3.1790000000000003,-42.959,3.512547223881837,1.1887902705668911,7.172226586971329,1066.0,20,20.876
534,2.567,-45.917,0.051,-48.535,2.1590000000000003,-41.769000000000005,7.08677782916891,2.531305669216903,10.070459913781932,1068.0,20,20.876
535,2.499,-46.155,-0.221,-48.739,1.6150000000000002,-41.429,7.537041594684217,2.8359848428732946,10.63376622951352,1070.0,20,20.876
536,2.822,-45.237,1.411,-47.923,1.649,-42.993,4.935741484316211,1.4885814987054562,7.347918339172256,1072.0,20,20.876
537,2.2270000000000003,-44.931,3.213,-45.509,2.057,-42.517,3.207553584899246,2.2724103431299087,6.473345343067301,1074.0,20,20.876
538,2.635,-45.237,0.8330000000000001,-47.855,0.323,-40.953,6.920816714810472,2.703926844208963,10.748306206808673,1076.0,20,20.876
539,2.125,-45.781000000000006,2.805,-47.277,1.173,-41.701,5.809922546815922,2.49947458557597,7.430485728868799,1078.0,20,20.876
540,2.2950000000000004,-46.767,-1.6150000000000002,-48.365,1.513,-42.687000000000005,6.4825973189764,2.2177237673279344,10.08724376215509,1080.0,20,20.876
541,2.057,-46.597,1.037,-42.041,2.737,-46.325,4.608975591169908,2.1589050025552368,6.745277262914322,1082.0,20,20.876
542,2.2270000000000003,-46.665000000000006,1.683,-41.973000000000006,3.213,-45.883,4.19869027197768,2.8270424960464524,5.782732182903314,1084.0,20,20.876
543,1.819,-47.787000000000006,-2.057,-48.127,3.043,-45.917,5.558246126252418,2.3536289627909044,7.080636431363903,1086.0,20,20.876
544,1.496,-46.801,-2.363,-46.563,3.213,-45.271,5.723726059133159,2.1241802597989192,7.59169226460064,1088.0,20,20.876
545,1.173,-46.767,-3.451,-44.115,3.451,-44.557,6.916138228809486,2.569465693675112,11.071340423043829,1090.0,20,20.876
546,1.411,-45.98500000000001,-1.717,-47.787000000000006,3.451,-44.149,6.320068670513003,1.8038968837599032,8.468283345255545,1092.0,20,20.876
547,0.765,-46.291,-2.2270000000000003,-45.407,3.4170000000000003,-45.271,5.645638316435087,1.9882380613298336,7.660189947918714,1094.0,20,20.876
548,1.003,-47.243,-2.669,-47.413,3.4170000000000003,-45.135000000000005,6.498359793055476,2.073458298630864,7.942385316489124,1096.0,20,20.876
549,1.377,-46.359,-1.751,-47.311,3.213,-45.509,5.280956352783083,1.7617653245181513,7.105678567193872,1098.0,20,20.876
550,0.629,-46.597,-2.737,-46.665000000000006,3.3830000000000005,-45.577000000000005,6.215958815822384,1.7291363890254154,8.127733694344705,1100.0,20,20.876
551,0.663,-45.849,-1.513,-41.905,3.043,-46.155,6.230540586498093,2.150204525949805,8.487739706911414,1102.0,20,20.876
552,0.6970000000000001,-45.101000000000006,-2.499,-43.775000000000006,2.567,-47.005,6.008099200246281,2.390979197489744,8.200511716855994,1104.0,20,20.876
553,1.003,-44.931,-2.8390000000000004,-43.333000000000006,3.213,-45.815000000000005,6.541179404358208,2.075261346450242,8.669192236489117,1106.0,20,20.876
554,0.425,-44.591,-0.8670000000000001,-40.953,3.2470000000000003,-46.155,6.632179129064594,2.36745042999036,8.25816852047408,1108.0,20,20.876
555,1.0710000000000002,-44.285,-1.0710000000000002,-40.069,3.0770000000000004,-46.155,7.36514086762772,2.293853129555372,8.992546052978339,1110.0,20,20.876
556,1.0710000000000002,-43.775000000000006,-0.8670000000000001,-39.321000000000005,3.0770000000000004,-46.155,7.89041773292137,2.7947553034156947,10.211455097591232,1112.0,20,20.876
557,0.221,-43.29900000000001,-0.8670000000000001,-38.607,3.0770000000000004,-46.223000000000006,8.576630573832594,2.819960133930333,10.728633415085364,1114.0,20,20.876
558,0.527,-42.789,-0.6970000000000001,-37.995000000000005,3.4170000000000003,-45.271,8.35853886752942,2.765663101025561,10.667394108392644,1116.0,20,20.876
559,0.085,-43.29900000000001,-0.6970000000000001,-37.791,3.4170000000000003,-45.271,8.53670873346397,3.040622092506123,11.715427281709845,1118.0,20,20.876
560,0.6970000000000001,-42.007000000000005,-1.037,-39.967000000000006,3.213,-46.155,7.5069197411454995,2.5379075657133554,9.828070950934832,1120.0,20,20.876
561,-0.085,-41.497,-0.901,-37.689,3.043,-46.257000000000005,9.43216624111344,2.912143899232579,10.68432728653703,1122.0,20,20.876
562,-0.085,-42.075,-0.561,-38.165000000000006,2.805,-46.529,9.01589995507936,2.492908324395787,10.195519918126504,1124.0,20,20.876
563,-0.323,-41.089000000000006,,,,,9.01589995507936,3.1499884877933715,,1126.0,20,20.876
564,0.051,-42.075,-0.901,-37.417,2.397,-45.951,9.14909613021964,2.7255615615185578,9.901983835787792,1128.0,20,20.876
565,-0.051,-42.551,-0.935,-38.641000000000005,2.907,-46.733,8.957757978422949,2.898945947443004,10.603266416496083,1130.0,20,20.876
566,-0.357,-41.973000000000006,-0.901,-37.383,2.2270000000000003,-46.291,9.441231275633491,2.3867299335783523,10.795292205113894,1132.0,20,20.876
567,-0.493,-41.667,-0.561,-37.689,2.9410000000000003,-46.325,9.319039650092709,2.639872380644956,10.965478582239868,1134.0,20,20.876
568,-0.289,-39.695,-1.0710000000000002,-33.099000000000004,1.3430000000000002,-45.339000000000006,12.475776368627326,3.697705016140936,13.292401365925754,1136.0,20,20.876
569,-0.357,-39.321000000000005,0.425,-33.643,0.799,-43.911,10.274809000657871,2.834183033928736,11.694698022927485,1138.0,20,20.876
570,-0.357,-38.369,-0.153,-30.957,0.051,-41.259,10.30401960401862,3.3991698743073706,11.16201767461216,1140.0,20,20.876
571,-0.153,-38.845000000000006,-0.561,-33.371,-0.085,-41.089000000000006,7.732664482570028,3.157219524978437,8.403633807427447,1142.0,20,20.876
572,-0.289,-37.689,0.085,-30.583,2.091,-43.027,12.604648824937568,3.623130868790596,13.88822927211928,1144.0,20,20.876
573,-0.051,-36.975,-0.119,-30.243,-0.051,-41.123000000000005,10.880212497924846,3.873915454522736,11.82668036094706,1146.0,20,20.876
574,-0.221,-37.213,-1.003,-31.603,-0.085,-41.599,10.038064554484595,3.269418915144498,10.9887040801482,1148.0,20,20.876
575,-0.425,-35.411,,,,,10.038064554484595,3.841284034601289,,1150.0,20,20.876
576,-0.289,-35.479,-1.003,-28.577,0.085,-41.089000000000006,12.559215262109332,3.6904803481389794,13.007817464268603,1152.0,20,20.876
577,-0.187,-34.595000000000006,-0.221,-26.911,0.153,-41.191,14.284896779466068,4.076993348645185,14.877433190295465,1154.0,20,20.876
578,-0.289,-33.167,-1.207,-26.911,-0.289,-39.151,12.274376725520527,3.7843572729985433,13.032550364960647,1156.0,20,20.876
579,-0.017,-31.025,-0.153,-24.497000000000003,-0.493,-37.961000000000006,13.468292245121503,4.409846362664769,13.861972628565583,1158.0,20,20.876
580,-0.289,-28.781,0.187,-22.321,-0.527,-36.261,13.958273388926012,4.757342889070761,14.37044151864574,1160.0,20,20.876
581,-0.561,-28.169,0.051,-19.771,-0.799,-36.703,16.953321916367898,5.475244040965873,17.461786709039682,1162.0,20,20.876
582,-0.391,-26.129,-0.459,-20.689,0.323,-32.249,11.586419809414815,3.311071431561287,12.684573725626604,1164.0,20,20.876
583,-0.255,-19.533,-0.255,-13.311000000000002,-0.459,-25.347,12.037728689416456,3.614695319425794,12.845253010193638,1166.0,20,20.876
584,-0.459,-14.297,0.425,-6.307,-0.5950000000000001,-23.409,17.13239049286468,4.778826892815977,17.543136125031573,1168.0,20,20.876
585,-0.391,-9.673,0.425,-3.349,-0.459,-15.997000000000002,12.678854837878696,3.731555919945897,13.486962762537988,1170.0,20,20.876
586,-0.425,-6.205,0.357,-1.5810000000000002,0.017,-13.311000000000002,11.734926501687177,3.9001486468628217,13.394945477135208,1172.0,20,20.876
587,-0.221,-2.9410000000000003,0.493,5.083,-0.085,-10.251,15.344889703090082,4.555912570055573,15.889310091939894,1174.0,20,20.876
588,-0.289,0.459,-0.561,7.599,-0.085,-8.279,15.885133301297792,4.967957191423247,16.18691114482026,1176.0,20,20.876
589,-0.391,4.947,-0.357,7.565,-0.221,-4.369000000000001,11.93477490361674,4.766749013331577,12.165380863057637,1178.0,20,20.876
590,-0.527,5.559,0.425,10.523,-0.493,-2.975,13.52918061081306,4.181988467640515,14.093924546437364,1180.0,20,20.876
591,-0.561,5.627000000000001,0.391,9.979,-0.8670000000000001,0.255,9.8050364609215,4.0275617446644185,11.032654789692064,1182.0,20,20.876
592,-0.391,6.715000000000001,-0.935,10.387,-1.0710000000000002,0.629,9.75894768917223,4.053979544619617,13.117615397079664,1184.0,20,20.876
593,-0.527,10.591,-0.901,17.459,-0.017,2.601,14.884274251706062,3.8812581541291657,15.848773538421876,1186.0,20,20.876
594,-0.459,15.215000000000002,-0.969,19.635,-0.493,8.381,11.264061967159094,3.073703756034696,12.610963675900212,1188.0,20,20.876
595,-0.459,16.643,-0.5950000000000001,23.953000000000003,-0.561,8.007000000000001,15.94603624729356,4.450296832467624,16.313354417211396,1190.0,20,20.876
596,-0.323,18.887,-0.187,26.231,-0.255,10.319,15.912145298481914,4.473440429090695,16.171307673809217,1192.0,20,20.876
597,0.017,23.239,0.221,30.039,-0.357,14.977,15.073086213513143,4.674912000496311,15.556261799264062,1194.0,20,20.876
598,0.017,25.041,-0.017,31.603,-0.085,15.079,16.5241399171031,4.552163406409274,17.135781870942996,1196.0,20,20.876
599,0.153,27.421000000000003,0.663,33.711000000000006,-0.629,18.989,14.778584099973855,4.360118905922912,15.236207330443902,1198.0,20,20.876
600,0.221,31.28,0.663,37.417,-0.119,22.083,15.353927184925688,5.498371846715873,15.761668093242646,1200.0,20,20.876
601,0.289,33.371,-0.459,39.355,-0.289,24.055000000000003,15.300944415296724,4.98867387795078,15.886747880955,1202.0,20,20.876
602,0.255,34.459,0.8330000000000001,42.211000000000006,0.153,25.483,16.7418154332199,5.238696568729692,17.243555532182775,1204.0,20,20.876
603,0.527,38.267,1.445,44.387,0.527,30.039,14.377337305634866,4.099723566875732,15.080293294058215,1206.0,20,20.876
604,0.629,42.245000000000005,0.8670000000000001,48.43300000000001,0.017,34.391000000000005,14.067702868627842,3.809726272053155,15.682802030270278,1208.0,20,20.876
605,1.411,43.061,2.397,47.447,0.017,36.567,11.137270760828256,3.262756700627426,13.144119681862408,1210.0,20,20.876
606,1.6150000000000002,43.061,2.975,47.54900000000001,-0.153,35.309000000000005,12.63336788033975,3.5541216514792398,15.889776645732928,1212.0,20,20.876
607,1.241,42.755,0.085,45.679,0.901,37.655,8.06538480173141,3.0222563058763057,14.040326376259042,1214.0,20,20.876
608,1.411,43.741,-0.119,48.161,0.8670000000000001,37.995000000000005,10.213704127298774,2.973658672967776,14.97143083739252,1216.0,20,20.876
609,1.377,43.707,1.003,48.195,0.8330000000000001,37.995000000000005,10.2014165683007,2.8729477375164203,13.699990805949763,1218.0,20,20.876
610,1.5470000000000002,44.115,-0.8330000000000001,46.189,-0.391,39.491,6.712567913995359,2.668204966020728,12.171837244492997,1220.0,20,20.876
611,1.955,45.577000000000005,-0.901,48.365,-0.459,39.525000000000006,8.85104310236935,3.033066962117661,14.42376473093896,1222.0,20,20.876
612,1.989,45.611,2.2950000000000004,47.515,-0.357,39.253,8.677197012860779,2.909056097230722,14.776418583931363,1224.0,20,20.876
613,1.5810000000000002,45.305,-0.8670000000000001,45.577000000000005,1.0710000000000002,41.123000000000005,4.857361423653793,2.05376722770692,9.982390977962169,1226.0,20,20.876
614,1.989,45.203,-0.7310000000000001,45.271,-0.901,42.211000000000006,3.064718584144391,1.9621493856326184,12.821470031314323,1228.0,20,20.876
615,1.6150000000000002,44.523,-2.193,46.631,1.139,42.415000000000006,5.373721243235455,2.2333503949041806,11.74293301593674,1230.0,20,20.876
616,2.091,44.659000000000006,1.785,42.109,3.655,46.121,4.426403054399814,1.4307355979335663,9.76710461554307,1232.0,20,20.876
617,1.173,43.503,-0.459,42.415000000000006,0.8670000000000001,48.501000000000005,6.228777729217828,2.2582789475803797,7.587467423800121,1234.0,20,20.876
618,1.479,44.217000000000006,0.425,42.517,4.131,45.203,4.577011251897902,2.0603209064922763,13.229331218617572,1236.0,20,20.876
619,0.527,43.979000000000006,0.017,48.127,1.003,41.157,7.039395996816773,2.1364647705993387,9.90257421123905,1238.0,20,20.876
620,1.955,45.169,3.587,46.801,1.207,41.123000000000005,6.156629272580898,2.33008207639077,12.707395482358825,1240.0,20,20.876
621,2.397,45.101000000000006,4.097,45.339000000000006,0.323,41.327000000000005,5.508104937271984,1.9310892582745,13.04381664402306,1242.0,20,20.876
622,2.193,44.829,3.791,45.067,0.051,41.259,5.337458571267791,2.049981622179663,13.981165653099175,1244.0,20,20.876
623,1.819,45.203,1.105,46.155,3.043,42.109,4.486196607372442,2.189129839064997,9.98486601671806,1246.0,20,20.876
624,1.921,45.645,-0.289,40.987,2.057,45.407,5.004009991996419,2.4304845683230267,14.564920840152762,1248.0,20,20.876
625,0.7310000000000001,46.359,-0.561,45.815000000000005,3.723,45.611,4.288854392492243,1.585916235015316,9.691025018034376,1250.0,20,20.876
626,0.119,46.903000000000006,-3.0090000000000003,45.747,2.7030000000000003,45.951,5.715641696257736,1.7292612673346155,8.62683291282032,1252.0,20,20.876
627,0.255,46.291,-0.799,47.413,3.519,45.441,4.746989361690207,1.9084613397599277,7.024543151106162,1254.0,20,20.876
628,0.561,46.223000000000006,-1.445,47.617,3.587,43.163,6.72005505929825,2.261214684561792,8.61524334192128,1256.0,20,20.876
629,0.799,46.053,-1.105,47.651,3.1790000000000003,42.279,6.871029035013606,2.406812222948876,9.500221337644687,1258.0,20,20.876
630,0.6970000000000001,46.257000000000005,-1.207,48.093,3.893,43.639,6.771123688133308,2.0385458176197213,7.820449597935709,1260.0,20,20.876
631,0.748,46.121,-1.479,46.461000000000006,3.621,42.959,6.186598742443218,2.419279083468063,10.41703422426638,1262.0,20,20.876
632,0.8670000000000001,45.713,-1.785,47.753,4.029,44.013000000000005,6.913045349193076,2.423799974129817,9.600486285465578,1264.0,20,20.876
633,1.173,45.747,-1.105,47.923,3.995,45.747,5.544815235875764,2.291034189489606,9.951831965506337,1266.0,20,20.876
634,1.411,46.257000000000005,-1.921,47.889,2.737,47.855,4.658124085938458,1.855365915055572,12.382444916904255,1268.0,20,20.876
635,0.765,46.121,-0.799,48.297,3.859,45.747,5.3103167513812215,1.9380566066977691,7.528385744583072,1270.0,20,20.876
636,0.629,45.271,-2.2950000000000004,46.631,0.8670000000000001,40.511,6.888587954000442,2.5941925616061363,11.208428506311144,1272.0,20,20.876
637,1.0710000000000002,45.645,-3.213,45.883,3.043,42.313,7.202946341602165,2.4997361023022977,11.256230630799424,1274.0,20,20.876
638,1.139,46.189,-2.499,46.291,3.281,47.277,5.863496908842026,2.1053210377071445,11.843235334427412,1276.0,20,20.876
639,1.3090000000000002,46.121,-2.2270000000000003,46.665000000000006,3.961,44.897000000000006,6.435617142123979,2.0460866979983017,12.023962704047534,1278.0,20,20.876
640,1.275,45.679,-1.411,46.767,3.655,43.503,6.026446050534262,2.0459705283558223,10.469259150390007,1280.0,20,20.876
641,1.785,45.203,-1.3090000000000002,48.059000000000005,1.275,41.089000000000006,7.433569532869118,2.641725771950449,11.220399852894976,1282.0,20,20.876
642,0.425,44.149,-1.751,47.719,0.935,38.573,9.532256396048105,2.8813519654108197,13.27077389051881,1284.0,20,20.876
643,0.357,44.523,-2.9410000000000003,46.971,0.8670000000000001,40.137,7.823325379913583,2.467910275054167,11.895913842133131,1286.0,20,20.876
644,0.255,43.775000000000006,-2.125,47.685,0.8670000000000001,37.553,10.564539175941372,3.0973589152575234,14.236859836460434,1288.0,20,20.876
645,0.391,43.29900000000001,-2.4650000000000003,47.107000000000006,-0.357,37.417,9.916640761870926,3.282588475110696,13.954438419941388,1290.0,20,20.876
646,0.561,42.823,-1.479,47.719,0.153,37.315000000000005,10.531222151298492,3.349774784150518,13.381124130252507,1292.0,20,20.876
647,0.459,43.163,-0.221,47.209,0.8670000000000001,38.777,8.501903786799755,2.505683727103193,10.28187051677467,1294.0,20,20.876
648,0.255,41.871,1.003,47.039,0.6970000000000001,37.383,9.660847374842437,2.6663950712165727,10.478546742606198,1296.0,20,20.876
649,0.051,40.205000000000005,1.139,45.98500000000001,-0.357,33.439,12.63487760130663,3.354331843346484,13.095685138941656,1298.0,20,20.876
650,0.119,38.981,0.969,46.019000000000005,-0.765,32.623000000000005,13.507759695819288,3.773485510562658,14.909577530237968,1300.0,20,20.876
651,0.119,37.757000000000005,0.901,44.387,-0.051,29.325000000000003,15.092055791044508,4.477963691669803,15.961237967890058,1302.0,20,20.876
652,-0.085,35.037,0.8670000000000001,42.789,-0.289,28.577,14.25893684676386,4.475416523319278,14.640668945829791,1304.0,20,20.876
653,-0.221,33.915,-0.255,42.211000000000006,0.017,25.585,16.628224800019996,5.144298865932451,17.172556810581586,1306.0,20,20.876
654,-0.153,33.711000000000006,1.003,40.749,-0.085,25.007,15.77955347910707,5.326831917884088,16.229112325677786,1308.0,20,20.876
655,0.221,31.569000000000003,0.493,39.219,0.663,23.749,15.4709340377367,4.783757354139465,15.95118022352418,1310.0,20,20.876
656,-0.085,28.271,-0.017,35.139,-0.323,20.587,14.555216934144267,4.687705626514006,14.99066440870191,1312.0,20,20.876
657,0.085,22.593,-0.187,30.787000000000003,-0.629,16.235,14.558711069322037,4.268119502594733,15.060615798720493,1314.0,20,20.876
658,-0.289,16.983,0.357,23.409,-0.901,11.849,11.628248535355617,3.2832212539901824,12.509231672116488,1316.0,20,20.876
659,0.085,13.005,0.119,20.315,-0.017,7.837000000000001,12.478741122404935,3.606147944829774,13.072864588684473,1318.0,20,20.876
660,0.085,11.407,-0.221,19.907,-0.085,4.845000000000001,15.062613982971216,4.381851698813984,15.459832687180253,1320.0,20,20.876
661,-0.221,8.925,-0.493,14.093000000000002,-0.629,2.499,11.594797626521991,3.212144427374225,12.560600172205952,1322.0,20,20.876
662,-0.017,4.471,-0.017,12.733,0.561,-1.3090000000000002,14.05389084915633,3.976103958674722,14.613951515084423,1324.0,20,20.876
663,0.153,3.723,-0.085,7.497000000000001,-0.969,-3.451,10.983631457764778,4.922770777894494,11.59940577327822,1326.0,20,20.876
664,-0.085,3.3150000000000004,-0.323,7.599,0.527,-4.573,12.20164267629568,4.916094446925927,12.648754333797536,1328.0,20,20.876
665,-0.493,-1.241,-0.425,6.817,-0.119,-8.857000000000001,15.67698670025589,5.211927205258934,16.19927893384672,1330.0,20,20.876
666,0.051,-7.769,-0.527,0.493,0.119,-15.929,16.434701092505456,4.251845857200718,17.282191872656234,1332.0,20,20.876
667,-0.425,-7.089,-0.255,-0.969,-0.799,-4.7090000000000005,3.779356558992549,2.508370321753276,15.688800108442727,1334.0,20,20.876
668,-0.221,-5.287000000000001,,,,,3.779356558992549,1.915281749931749,,1336.0,20,20.876
669,-0.289,-4.301,-0.527,-3.213,0.221,-4.029,1.10695980053478,0.6532318741727607,2.747177579486357,1338.0,20,20.876
670,-0.119,-3.3830000000000005,-1.003,-10.557,-0.289,2.363,12.93971390719285,3.7914939647289216,13.362746642341952,1340.0,20,20.876
671,-0.085,0.357,-0.663,-5.355,-0.017,6.4430000000000005,11.815672642723309,3.285595655268213,12.720812508041856,1342.0,20,20.876
672,0.017,1.037,-0.119,-7.463000000000001,-0.357,7.497000000000001,14.96189306204265,4.790154633472635,15.879885886337064,1344.0,20,20.876
673,-0.391,7.123,0.255,1.683,-1.037,13.991,12.37562636798639,3.487864347897708,13.498458951771571,1346.0,20,20.876
674,0.017,12.937,-0.119,7.327000000000001,0.663,15.555,8.265077616090487,2.7233469555452863,11.249535455358378,1348.0,20,20.876
675,0.187,18.003,-0.255,10.489,-0.221,25.109,14.620039534830267,3.812282217487684,15.173331713515958,1350.0,20,20.876
676,0.017,20.451,0.289,11.543,0.629,27.829,16.28954867391973,4.637577665088279,16.767284791481636,1352.0,20,20.876
677,0.051,25.738000000000003,0.017,17.765,-0.357,30.685,12.9254120243805,3.873053004126067,13.72342073922563,1354.0,20,20.876
678,-0.051,27.217,0.085,18.615,-0.289,32.487,13.877040750822925,4.254549478431657,14.679274854274606,1356.0,20,20.876
679,0.051,27.047,0.187,18.343,0.629,31.909,13.57319859134169,4.135801769891225,14.435000753178448,1358.0,20,20.876
680,-0.085,27.115,-0.187,20.315,0.7310000000000001,31.331000000000003,11.054183823331329,3.571492798956555,13.825233647953526,1360.0,20,20.876
681,-0.153,29.767000000000003,0.017,22.389000000000003,-0.561,36.397000000000006,14.019919685932583,4.249812621639808,14.72569235235602,1362.0,20,20.876
682,-0.153,32.113,0.391,24.259,0.765,38.743,14.488827833886358,4.680954074376881,15.3344603226844,1364.0,20,20.876
683,-0.153,36.431,-0.391,29.053,-1.955,42.007000000000005,13.04807311444874,4.372297248499453,14.722019473079968,1366.0,20,20.876
684,0.153,39.423,0.425,30.549000000000003,1.3090000000000002,45.543000000000006,15.020036351487304,4.788389491757289,15.711940869795647,1368.0,20,20.876
685,0.187,40.443000000000005,-0.017,32.045,1.105,45.98500000000001,13.985080764872258,4.253160206185124,15.04743238378306,1370.0,20,20.876
686,0.085,40.477,0.187,31.807,1.105,46.223000000000006,14.445199202503233,4.295159153743412,15.38236965848882,1372.0,20,20.876
687,0.119,40.341,0.5950000000000001,31.603,1.6150000000000002,45.98500000000001,14.418124843404568,4.323077596690053,15.400471024453338,1374.0,20,20.876
688,0.391,40.511,0.663,33.303000000000004,0.7310000000000001,44.42100000000001,11.118207949125615,3.503962609025824,12.673247849280626,1376.0,20,20.876
689,0.425,40.851000000000006,0.391,32.691,-0.153,44.897000000000006,12.218116548797529,4.171485278660917,15.796702642193209,1378.0,20,20.876
690,0.527,42.789,0.493,35.411,-1.003,45.951,10.645638355683516,3.2490724584233712,14.852062497435933,1380.0,20,20.876
691,0.6970000000000001,44.86300000000001,0.153,38.743,-2.193,46.189,7.806832392206202,2.505163755744108,13.80213915263945,1382.0,20,20.876
692,0.901,45.305,1.105,42.075,-0.459,48.229000000000006,6.349630855411991,1.7664992147120833,12.945826035841977,1384.0,20,20.876
693,0.8840000000000001,45.305,2.091,42.007000000000005,-0.323,48.195,6.64219391466404,1.83948083789107,12.23165291943538,1386.0,20,20.876
694,0.8330000000000001,45.713,3.621,43.435,-0.085,47.039,5.169453742901663,2.1174074440651016,13.89873024374094,1388.0,20,20.876
695,0.799,45.135000000000005,1.785,42.449000000000005,-2.057,44.795,4.501630815604496,1.6930129312103288,9.624472638486536,1390.0,20,20.876
696,0.935,45.747,2.363,43.129000000000005,-1.3090000000000002,47.855,5.98486925504643,1.9188451849644068,13.45580608775959,1392.0,20,20.876
697,0.663,45.543000000000006,-2.193,44.625,2.499,47.175,5.340165165985038,1.5883474994118192,8.655614453947768,1394.0,20,20.876
698,0.6970000000000001,44.115,-2.7710000000000004,42.381,2.363,41.565000000000005,5.198443228506012,2.1297474528822478,10.238632719006944,1396.0,20,20.876
699,-0.459,44.965,0.527,48.365,3.893,43.809000000000005,5.664546936869709,2.306206172286188,11.735992709709818,1398.0,20,20.876
700,-0.357,45.611,-0.017,48.535,4.131,44.285,5.938720737667331,2.2380150361510744,11.837801504865109,1400.0,20,20.876
701,0.051,45.98500000000001,-2.5330000000000004,46.053,4.131,44.523,6.837382247614946,2.1222185207387,14.241303178520392,1402.0,20,20.876
702,0.323,46.053,-2.329,45.271,4.131,44.42100000000001,6.515681084890512,2.1690126447878253,14.971647973280415,1404.0,20,20.876
703,0.391,45.441,2.329,42.823,2.669,47.719,4.907791356608388,1.9894442975170423,11.559537821153398,1406.0,20,20.876
704,-0.561,44.557,0.289,41.769000000000005,-3.281,46.325,5.788094332334262,1.7418513804804894,8.494789525805631,1408.0,20,20.876
705,-0.425,43.775000000000006,-2.601,42.619,1.717,42.415000000000006,4.322816211684231,1.380774246100631,8.904404892525074,1410.0,20,20.876
706,0.425,43.095000000000006,1.241,41.259,2.091,41.429,0.8668333173107735,1.6376192746630762,1.2702105160094783,1412.0,20,20.876
707,0.051,43.061,-1.819,44.047,-0.7310000000000001,41.73500000000001,2.555208015015608,1.780235069728366,4.523117788720647,1414.0,20,20.876
708,-1.003,43.605,-3.213,45.271,0.289,43.265,4.0358443973969065,1.77979431880734,11.657555097625464,1416.0,20,20.876
709,-0.969,45.322,1.003,44.285,1.819,48.365,4.160799923091713,2.1895013415020923,13.285498785649294,1418.0,20,20.876
710,-0.5950000000000001,45.679,0.629,45.611,1.003,45.645,0.3755422745843669,1.3255481029889096,0.5591611619134927,1420.0,20,20.876
711,-0.799,46.291,-3.4850000000000003,43.809000000000005,0.663,44.999,4.315322004207798,1.7885593003251583,12.407033505861463,1422.0,20,20.876
712,-0.901,45.645,-3.4850000000000003,44.013000000000005,0.391,44.625,3.9240183485809546,1.6996605895896983,8.744983454088748,1424.0,20,20.876
713,-0.8670000000000001,46.189,-2.9410000000000003,44.659000000000006,0.629,44.795,3.5725895370165324,1.6858952568053576,10.823962724662929,1426.0,20,20.876
714,-0.425,46.42700000000001,0.7310000000000001,44.999,0.391,44.591,0.5310969779616526,1.3365852156474691,0.6671674177038645,1428.0,20,20.876
715,-0.493,46.733,-1.275,48.127,1.0710000000000002,44.829,4.047285510067211,1.4367715353270352,10.6699547847811,1430.0,20,20.876
716,0.323,46.529,-1.479,48.127,1.105,44.795,4.216548351436279,1.322565484106839,9.392121783783995,1432.0,20,20.876
717,0.8330000000000001,45.815000000000005,1.275,43.401,3.587,42.891000000000005,2.367581888763301,2.153417485505809,12.867808844984038,1434.0,20,20.876
718,0.799,45.509,1.785,44.217000000000006,3.995,43.877,2.236000894454204,2.1347489140921367,13.028723734743298,1436.0,20,20.876
