t,msd
0.05,0.050280596465535364
0.15000000000000002,0.12009104949424733
0.25,0.2134274979043369
0.35000000000000003,0.33023475387907864
0.45,0.4473655278857952
0.55,0.5853574899789299
0.6500000000000001,0.715654141632593
0.7500000000000001,0.8488042694188184
0.8500000000000001,0.9850260503710674
0.9500000000000001,1.1085981796201994
1.05,1.2511692617108812
1.1500000000000001,1.4155551844903251
1.2500000000000002,1.542649199037066
1.35,1.7015831664991155
1.4500000000000002,1.8381994143294675
1.55,2.0021376955099566
1.6500000000000001,2.158981841087869
1.7500000000000002,2.309395760756644
1.85,2.4768044280633954
1.9500000000000002,2.624062667107765
2.05,2.80262803158054
2.15,3.01073014371388
2.25,3.164772158441259
2.35,3.366485448239177
2.45,3.517189737234915
2.55,3.7180931969961146
2.65,3.924264532397544
2.75,4.103855998775982
2.85,4.315236557290601
2.95,4.490207983292083
3.05,4.703359992090626
3.15,4.948688694564475
3.25,5.1228754673589485
3.35,5.368981760020764
3.45,5.54449779050121
3.55,5.7707156277301115
3.65,6.037662024827523
3.75,6.224085703696322
3.85,6.481972028231102
3.95,6.670664650970799
4.05,6.8910815725640715
4.15,7.17662915567754
4.25,7.376690309011049
4.35,7.663065664714512
4.45,7.8408392364829576
4.55,8.098423305245637
4.65,8.438995990494481
4.75,8.616990950305107
4.8500000000000005,8.914134016635447
4.95,9.119624461904031
5.05,9.378565813541742
5.15,9.68704179268096
5.25,9.916797860239221
5.3500000000000005,10.23364487856182
5.45,10.420383090417957
5.55,10.679530139579656
5.65,11.050992659267871
5.75,11.235029226785741
5.8500000000000005,11.586746696513426
5.95,11.804691492548422
6.05,12.087066576551738
6.15,12.426746987868906
6.25,12.684007857986298
6.3500000000000005,13.041189664116587
6.45,13.338957342393837
6.55,13.512658199029941
6.65,13.95656261276136
6.75,14.161900984455006
6.8500000000000005,14.538863751504413
6.95,14.792399469112071
7.05,15.10313351689214
7.15,15.462696904515754
7.25,15.71667480619495
7.3500000000000005,16.11139729656669
7.45,16.341470348401185
7.55,16.63684821570526
7.65,17.143913512003223
7.75,17.3445035854454
7.8500000000000005,17.7737252738797
7.95,18.04175789186922
8.05,18.346878072225664
8.15,18.736418471702393
8.250000000000002,19.04752756607489
8.350000000000001,19.47029438177935
8.450000000000001,19.694557342621298
8.55,20.03558008885999
8.65,20.597992850876494
8.750000000000002,20.77729099760365
8.850000000000001,21.206066408221044
8.950000000000001,21.49818823558883
9.05,21.85371778165532
9.15,22.261639685793646
9.250000000000002,22.614360516981215
9.350000000000001,23.07294304233991
9.450000000000001,23.27809135773725
9.55,23.62197190543963
9.650000000000002,24.25804815880608
9.750000000000002,24.424438665904525
9.850000000000001,24.9169753559857
9.950000000000001,25.217190858469543
10.05,25.581799596807794
10.150000000000002,26.05055446158935
10.250000000000002,26.429365731696972
10.350000000000001,26.90210265634239
10.450000000000001,27.04592468125683
10.55,27.40046857612185
10.650000000000002,28.16412209333015
10.750000000000002,28.31528920141929
10.850000000000001,28.836457599978488
10.950000000000001,29.184954833379926
11.05,29.574689009288313
11.150000000000002,30.039788884180535
11.250000000000002,30.405981846469412
11.350000000000001,30.9099853773601
11.450000000000001,31.075587998201414
11.55,31.453735799401816
11.650000000000002,32.288713434256266
11.750000000000002,32.40903608737243
11.850000000000001,32.99397544311037
11.950000000000001,33.29911152295106
12.05,33.62183558991116
12.150000000000002,34.11421966430244
12.250000000000002,34.57280946620541
12.350000000000001,35.099022953600574
12.450000000000001,35.25062378037798
12.55,35.65595482776489
12.650000000000002,36.53266694375272
12.750000000000002,36.64635935933498
12.850000000000001,37.19097674741357
12.950000000000001,37.51547441787115
13.05,37.90053805835493
13.150000000000002,38.40861566426591
13.250000000000002,38.863788087943185
13.350000000000001,39.47454412450931
13.450000000000001,39.61254820423472
13.55,39.91169284508702
13.650000000000002,40.92543453306126
13.750000000000002,40.96740641860829
13.850000000000001,41.64693765246592
13.950000000000001,41.952255798153764
14.05,42.36975909496348
14.150000000000002,42.9509715966334
14.250000000000002,43.4575169734539
14.350000000000001,44.09569805085996
14.450000000000001,44.153739417564886
14.55,44.462139709268705
14.650000000000002,44.837328818411756
14.750000000000002,45.635039396983096
14.850000000000001,46.33165043082969
14.950000000000001,46.69497708968874
15.05,47.151263566606715
15.150000000000002,47.67892068391681
15.250000000000002,48.077477745342655
15.350000000000001,48.768704145176535
15.450000000000001,48.913949996392866
15.55,49.19290958070863
15.650000000000002,50.52990521223799
15.750000000000002,50.503369873837535
15.850000000000001,51.18670449281538
15.950000000000001,51.54724098703834
16.05,51.94180037044339
16.150000000000002,52.45764145923665
16.25,52.994048042239
16.35,53.77072300499596
16.450000000000003,53.74320042635329
16.55,54.097380102270805
16.650000000000002,55.51716984192839
16.75,55.43988614046271
16.85,56.01579679399157
16.950000000000003,56.38184745822476
17.05,57.01806060148635
17.150000000000002,57.504849606655725
17.25,58.08753696615894
17.35,58.903380518364955
17.450000000000003,58.83558198452169
17.55,59.17954280887467
17.650000000000002,60.62780599906944
17.75,60.48515841780837
17.85,61.26751194989674
17.950000000000003,61.55576914733918
18.05,62.169309061639815
18.150000000000002,62.681597076591295
18.25,63.29763969100064
18.35,64.07981535168364
18.450000000000003,63.80148706048275
18.55,64.12860612525337
18.650000000000002,65.8881131728189
18.75,65.64795741780273
18.85,66.50310217404568
18.950000000000003,66.85267068822141
19.05,67.44613224828147
19.150000000000002,67.98013037681976
19.250000000000004,68.529939516338
19.35,69.37654126970301
19.450000000000003,69.12045304402913
19.55,69.43764818957654
19.650000000000002,71.21013609075037
19.750000000000004,71.03402234836216
19.85,71.88588118018129
19.950000000000003,72.15385423045664
20.05,73.23297908483761
20.150000000000002,73.0852957742074
20.250000000000004,73.85740095254495
20.35,74.67647559330852
20.450000000000003,74.39405392848455
20.55,74.74038844544033
20.650000000000002,76.69655404321661
20.750000000000004,76.42605598947027
20.85,77.13069286220559
20.950000000000003,77.50728869281109
21.05,78.02349830432313
21.150000000000002,78.524947191337
21.250000000000004,79.336143147187
21.35,80.24016957014959
21.450000000000003,79.9780511930554
21.55,80.15569603115854
21.650000000000002,82.04113348750641
21.750000000000004,81.71828570114052
21.85,82.70790280829662
21.950000000000003,82.95181050396808
22.05,83.50305448780053
22.150000000000002,84.04901619629453
22.250000000000004,84.9505476720122
22.35,85.79094933215309
22.450000000000003,85.32143517993516
22.55,85.58632276459537
22.650000000000002,87.6900989815503
22.750000000000004,87.03613373987689
22.85,88.28965793501922
22.950000000000003,88.69044939997517
23.05,89.19303740979684
23.150000000000002,89.67918505939814
23.250000000000004,90.39878988530667
23.35,91.2916311622008
23.450000000000003,91.03159080144451
23.55,91.21544663932741
23.650000000000002,93.44661740952213
23.750000000000004,93.12277576972309
23.85,94.13136658459834
23.950000000000003,94.50999511893859
24.05,94.79488868998854
24.150000000000002,95.24166486203231
24.250000000000004,96.21016055177222
24.35,97.07454001648402
24.450000000000003,96.81142155310519
24.55,97.04617723860018
24.650000000000002,99.39844078580931
24.750000000000004,98.86839360414675
24.85,99.55467612277644
24.950000000000003,100.11192585524077
25.05,100.65332828869427
25.150000000000002,101.02057126116235
25.250000000000004,102.12440330738687
25.35,102.99105757989298
25.450000000000003,102.66327835979153
25.55,102.90235502139151
25.650000000000002,105.15405586637404
25.750000000000004,104.5494294785165
25.85,105.57655042330633
25.950000000000003,106.083881746855
26.05,106.51543336646708
26.150000000000002,106.59597853417522
26.250000000000004,108.54943412181112
26.35,108.96256562901497
26.450000000000003,108.25629643786932
26.55,108.45697670011734
26.650000000000002,111.23100240121067
26.750000000000004,110.49760915189106
26.85,111.56990936491171
26.950000000000003,112.19180377292182
27.05,112.47949387767744
27.150000000000002,112.6319029303199
27.250000000000004,114.34798430082856
27.35,114.73301716783783
27.450000000000003,114.40419769311349
27.55,114.52373786555722
27.650000000000002,117.1796843338361
27.750000000000004,116.52585553303248
27.85,117.64225128109884
27.950000000000003,118.10372686824614
28.05,118.06550292907437
28.150000000000002,118.29188296304515
28.250000000000004,120.42183743295273
28.35,120.88224642750431
28.450000000000003,120.35484809914726
28.55,120.60797140156002
28.650000000000002,123.34200373259422
28.750000000000004,122.66555875628916
28.85,123.66267877886713
28.950000000000003,124.13415039483569
29.05,124.24614213760726
29.150000000000002,124.17295097408933
29.250000000000004,126.48441666779445
29.35,126.84503151530645
29.450000000000003,126.57220100791248
29.55,126.60009905043148
29.650000000000002,129.0337920192962
29.750000000000004,129.2744751436539
29.85,129.9681822189548
29.950000000000003,130.322247930476
30.05,130.3862590940667
30.150000000000002,130.37930597583187
30.250000000000004,132.8202452470535
30.35,133.11498794816967
30.450000000000003,132.61387062211932
30.55,132.58234816530407
30.650000000000002,135.29413402865737
30.750000000000004,134.5240525543561
30.85,135.924619737171
30.950000000000003,136.4745357351274
31.05,136.49046727430547
31.150000000000002,136.5461958400028
31.250000000000004,138.55286879066932
31.35,138.96469194610094
31.450000000000003,138.85474889421636
31.55,138.7414106997365
31.650000000000002,141.58007062792723
31.750000000000004,140.73231084827464
31.85,142.31849626913362
31.950000000000003,142.8381659151174
32.05,142.62616016599407
32.15,142.55185278888624
32.25,145.0477394054244
32.35,145.34558583160532
32.449999999999996,145.05609816294168
32.55,145.01456632531372
32.65,148.16896105444889
32.75,147.8110423838527
32.85,147.42194637827825
32.949999999999996,148.48031644252194
33.05,149.28772180876322
33.15,148.78726605649916
33.25,151.46128638803097
33.35,151.814036959123
33.449999999999996,151.29807661171748
33.55,151.35079391917404
33.65,154.18898840670417
33.75,153.77731694216848
33.85,153.92950653912783
33.949999999999996,154.75586925661884
34.05,155.44447713109722
34.15,155.0771302714315
34.25,157.84731052813444
34.35,157.95321191090287
34.449999999999996,157.02036910343648
34.55,156.9997740933294
34.65,160.57389565331454
34.75,159.98481170452672
34.85,160.13837281220512
34.949999999999996,161.0090507657344
35.05,161.85926516199146
35.15,161.5399826189147
35.25,163.96333661113377
35.35,164.07374888907373
35.449999999999996,163.70372818234867
35.55,163.61088045178627
35.65,167.163724135856
35.75,166.82209104326895
35.85,166.77155218570695
35.949999999999996,167.473833622216
36.05,167.64169882645388
36.15,167.4977619166923
36.25,170.52217988304207
36.35,170.65730504188625
36.449999999999996,170.0119144308753
36.55,170.09060301769884
36.65,173.75789391502977
36.75,172.87358708245887
36.85,172.9277804526309
36.949999999999996,173.69476365694442
37.05,174.3650422993095
37.15,173.8623519976742
37.25,177.10762157464058
37.35,177.18546739145947
37.449999999999996,176.82502340079037
37.55,176.6244633256295
37.65,179.84153197002203
37.75,179.4681202701342
37.85,179.6664267599022
37.949999999999996,180.37212774455352
38.05,181.01273809900923
38.15,180.62160923648472
38.25,183.91235428266788
38.35,183.95523112929362
38.45,183.19808089567076
38.55,182.89355325488341
38.65,186.30800425725414
38.75,186.1445362885843
38.85,186.1950753886261
38.95,187.06225513016278
39.05,188.02116605817992
39.15,187.31590365227026
39.25,189.93943667797143
39.35,190.00675012935906
39.45,190.01057279006255
39.55,189.3849487920657
39.65,193.05483441348247
39.75,192.80957206425478
39.85,192.90652305601722
39.95,193.7935233585377
40.05,194.31036369576472
40.15,193.657356168243
40.25,196.91634589944917
40.35,196.62613122739876
40.45,196.59542704742265
40.55,196.5614851357444
40.65,200.34775373898
40.75,199.8794797792779
40.85,198.81387057060422
40.95,199.98576771912096
41.05,201.34596477626698
41.15,200.40838193981827
41.25,203.92452487404282
41.35,203.99367558706288
41.45,203.61277987223252
41.55,203.3795868312554
41.65,206.88216979642115
41.75,206.57689599962876
41.85,206.12504148363183
41.95,207.1018999576298
42.05,208.07614897713697
42.15,207.5221582824245
42.25,211.2037257442833
42.35,210.9877709100708
42.45,209.43856839463447
42.55,209.79237884502214
42.65,213.74172557764575
42.75,213.4733012747198
42.85,212.85125143660986
42.95,214.03708117369177
43.05,215.38650768115295
43.15,214.592523864297
43.25,217.60642059157647
43.35,217.62765190663075
43.45,216.81252562689494
43.55,216.56272570802514
43.65,220.73327145825908
43.75,220.61945513847348
43.85,220.1105861083223
43.95,221.00410461017972
44.05,221.23423243714163
44.15,220.62838323871253
44.25,224.9691635954458
44.35,224.62122131454208
44.45,223.72247195846452
44.55,223.95898624286153
44.65,228.29089253785352
44.75,227.82832906459618
44.85,226.8777130305247
44.95,227.9734150748451
45.05,229.11309647596946
45.15,228.03399854215573
45.25,231.97740236616806
45.35,232.0757597846199
45.45,231.1398343789132
45.55,230.858591320985
45.65,234.39514675598235
45.75,234.3178836732725
45.85,234.2476797022558
45.95,235.03772481635468
46.05,236.28951528254328
46.15,235.28338989382132
46.25,239.2344268067777
46.35,239.42364871639455
46.45,237.60668242153352
46.55,237.62320709041813
46.65,241.94586725464953
46.75,241.9112636664253
46.85,240.98836486185587
46.95,242.1401910800866
47.05,243.3386691603492
47.15,242.2509638426759
47.25,245.54338934600923
47.35,245.87550154237374
47.45,245.15878686626604
47.55,244.81065310784416
47.65,246.14504179217505
47.75,249.08833129962312
47.85,248.47569251784628
47.95,249.45288680512203
48.05,250.21878808617868
48.15,249.15809394282826
48.25,253.29434034794488
48.35,253.32766057577817
48.45,252.35784498215077
48.55,252.2146212355179
48.65,256.8182948270716
48.75,256.4385972960312
48.85,254.48082674558407
48.95,255.9349606759218
49.05,257.572970033755
49.15,256.3313884600326
49.25,260.6393652297489
49.35,260.9979729640029
49.45,260.04144601005925
49.55,259.8866906152737
49.65,263.2081791539878
49.75,262.75510873888936
49.85,261.9250645279839
49.95,263.03184559079415
50.05,264.67433721028846
50.15,263.4972879288732
50.25,267.8229351416381
50.35,267.7533649877187
50.45,265.5488582088806
50.55,266.03489316010445
50.65,270.6627933494582
50.75,270.19632870106693
50.85,269.19064650925156
50.95,270.8001192603026
51.05,272.427616217611
51.15,271.1381162915966
51.25,274.58480179313017
51.35,271.1663120932554
51.45,276.09628443792474
51.55,272.95930574144376
51.65,277.77043667544245
51.75,277.7269351980138
51.85,276.48026494981923
51.95,277.69447596192464
52.05,278.0921257259469
52.15,277.46045679045676
52.25,282.0241815036773
52.35,278.71082311162485
52.45,283.7790336462129
52.55,281.2354226145794
52.65,286.02729102032663
52.75,285.65257076081195
52.85,283.2923004778577
52.95,284.4946747241806
53.05,286.10946224154816
53.15,284.8930201098267
53.25,289.4534133827677
53.35,286.1253570618695
53.45,291.26735483344197
53.55,288.0664073681537
53.65,291.8688410890492
53.75,292.0355285327806
53.85,291.20925094304783
53.95,291.98411365191504
54.05,293.19601578634126
54.15,292.09844217921426
54.25,296.7983485715139
54.35,293.5196840671692
54.45,297.66841046579606
54.55,294.9675896289658
54.65,300.1504514590826
54.75,299.7137131442143
54.85,297.8654324428697
54.95,299.43850190696674
55.05,301.1067241416268
55.15,299.63155517961957
55.25,303.2816827001413
55.35,300.0955961179919
55.45,305.45562469925466
55.55,301.98864029022695
55.65,306.37135480058134
55.75,306.790148506766
55.85,305.9257441067365
55.95,306.80049064275175
56.05,307.60069718295654
56.15,306.6717810227769
56.25,310.4680968394511
56.35,307.15985868153047
56.45,312.58828680638527
56.55,309.96861275786256
56.65,314.2588670363513
56.75,314.5882798499823
56.85,311.44826580736964
56.95,313.3748798833701
57.05,315.8268572613496
57.15,314.3348029488393
57.25,318.4319421005009
57.35,315.3849022536928
57.45,320.6559318940714
57.55,317.58405172915224
57.65,321.2179311335011
57.75,321.3555559972157
57.85,319.1142406530745
57.95,320.82621418962674
58.05,322.6889790356557
58.15,321.7654087775895
58.25,326.0023130456557
58.35,322.2924846929916
58.45,326.45090031261765
58.55,324.13668672530036
58.65,328.2890383110018
58.75,328.83652728882873
58.85,326.4539928591752
58.95,328.6541172204071
59.05,330.3799291406941
59.15,329.3234876472943
59.25,332.3822639941336
59.35,329.16279805564864
59.45,334.0226351105756
59.55,331.48308599830045
59.65,335.6677730139479
59.75,336.7264690351566
59.85,334.3142222119325
59.95,335.6170542961954
60.05,336.2286778343003
60.15,335.5601856281725
60.25,339.9856387539312
60.35,336.5519141774415
60.45,341.5283809847776
60.55,339.0391100292903
60.65,343.71377364444504
60.75,344.65668467476024
60.85,341.42217419424844
60.95,343.0885489935862
61.05,344.6744487194412
61.15,343.10373424552273
61.25,347.5354617402067
61.35,344.2010882988812
61.45,349.3506987240541
61.55,346.4529921267191
61.65,348.8722986574853
61.75,350.3023444844966
61.85,348.80656704984176
61.95,350.1235597600687
62.05,351.6535607730758
62.15,350.82421120677253
62.25,355.3026453669959
62.35,352.0612418823455
62.45,356.03164159366133
62.55,353.27398622383004
62.65,356.92474594647484
62.75,357.8668581295609
62.85,355.33931072035404
62.95,357.5240934282114
63.05,359.2280802834602
63.15,357.9219242832968
63.25,360.22023424557557
63.35,357.23235194680603
63.45,363.521319850334
63.55,360.28127530712175
63.65,363.763487123605
63.75,365.4433648931112
63.85,362.43362896363533
63.95,364.87181024220786
64.05,365.4535780442141
64.15,363.08298434939917
64.25,368.2984605798667
64.35,365.47275164668946
64.45,369.00619501540973
64.55,370.1353203997989
64.65,368.01364790884264
64.75,373.1952829364198
64.85,366.8800599875035
64.95,368.90765327305854
65.05,373.1745497510008
65.15,370.15595103962227
65.25,375.69573902608187
65.35,373.47043387562536
65.45,376.69904903242065
65.55,378.06168492206336
65.65,374.56911905304287
65.75,379.738868400945
65.85,374.5295065118574
65.95,376.29785968657
66.05,380.3266170937303
66.15,377.55600240655815
66.25,383.4146322780438
66.35,380.2427160887415
66.45,381.8353793977214
66.55,383.71936470734846
66.65,381.54393095073726
66.75,387.0107570604498
66.85,381.64497111225955
66.95,383.76036033709306
67.05,387.81798682059775
67.15,385.2526288309215
67.25,390.19915680265063
67.35,387.2884449757461
67.45,390.492762945679
67.55,391.51025740742284
67.65,388.88520179107235
67.75,395.022082695931
67.85,389.5058912996633
67.95,391.0691957355671
68.05,393.1815307029914
68.15,391.2316017218958
68.25,397.10367516227905
68.35,394.2648009400379
68.45,396.81345684515196
68.55,398.5982972643536
68.65,396.3021308434388
68.75,402.22617083222866
68.85,395.04035762133236
68.95,396.98308810364324
69.05,400.94735222342973
69.15,397.7459658942918
69.25,403.3526258008771
69.35,400.94108109349634
69.45,403.9109755492902
69.55,405.3395933279345
69.65,400.94951737953573
69.75,407.6979441604102
69.85,402.69680909445094
69.95,404.0114785604758
70.05,407.9541238537319
70.15,405.42775837312706
70.25,411.75086284322686
70.35,409.4199048392849
70.45,410.4466784770025
70.55,412.1803143861935
70.65,408.763153791226
70.75,415.0144447954937
70.85,409.2616887588561
70.95,411.7801924347608
71.05,415.2328236729386
71.15,412.4312236574004
71.25,416.4355331884457
71.35,413.98732689222743
71.45,417.6963026650253
71.55,418.38132366555146
71.65,415.4720230043802
71.75,422.74192197456995
71.85,416.77092803487255
71.95,418.64311350096654
72.05,421.03442366002935
72.15,418.1269202984247
72.25,423.5895962161656
72.35,421.57492911235323
72.45,424.30076488830525
72.55,426.5469844164007
72.65,422.8475573170143
72.75,429.60944103795924
72.85,420.45122164445655
72.95,423.8040513291731
73.05,428.2658511073223
73.15,424.5995120002971
73.25,430.1416023183278
73.35,428.35905096149827
73.45,431.10159000576255
73.55,433.66749593261824
73.65,428.7871742838639
73.75,435.59943839668034
73.85,428.4076339365811
73.95,431.0215032227158
74.05,435.2792800791203
74.15,432.45663883252826
74.25,437.9445713608066
74.35,435.12079609150766
74.45,435.66213495236644
74.55,439.0595717985926
74.65,435.0921195388781
74.75,442.23734834372664
74.85,434.68254074352546
74.95,438.7013837329993
75.05,442.7971570719675
75.15,439.85300643249013
75.25,443.6233909520061
75.35,441.3318089505209
75.45,442.6611836261227
75.55,445.1777141824842
75.65,440.85840956521884
75.75,448.8037310706462
75.85,441.6402922188489
75.95,444.66612674573565
76.05,446.48794819043053
76.15,444.91019434185137
76.25,450.212349492075
76.35,448.18973175998786
76.45,449.5297381623237
76.55,452.8145434255427
76.65,449.11993363547964
76.75,456.7601947738341
76.85000000000001,447.67287907184857
76.95,450.558284656873
77.05,453.9210983788767
77.15,451.1171869730523
77.25,456.25408531344897
77.35000000000001,455.19539419206774
77.45,456.7042683256154
77.55,459.63030465526776
77.65,453.0947700103144
77.75,461.3513829618491
77.85000000000001,454.59599867644596
77.95,457.3181470470516
78.05,461.06040875536087
78.15,458.9800978848148
78.25,464.15061313482386
78.35000000000001,462.9262885746253
78.45,462.3772021257222
78.55,465.111244131984
78.65,459.979869069809
78.75,468.4270907200758
78.85000000000001,460.6265373737509
78.95,464.2585668469887
79.05,452.20356132879067
79.15,466.26214023016126
79.25,467.9804907564387
79.35000000000001,466.8641692293822
79.45,468.96638442188595
79.55,472.1942159206995
79.65,467.22209066994935
79.75,476.64459025402516
79.85000000000001,468.99028824530035
79.95,472.15971405245284
80.05,474.2071462781189
80.15,472.1282621139239
80.25,476.84998118766674
80.35000000000001,475.1147156040783
80.45,476.5111896790862
80.55,479.9004744290097
80.65,474.61087016371533
80.75,483.112763412085
80.85000000000001,472.19988135786167
80.95,476.727542813463
81.05,481.8022340505763
81.15,479.1162565586752
81.25,483.13134360697336
81.35000000000001,482.06870889363574
81.45,484.0436202676623
81.55,487.23125480773916
81.65,480.8282532842858
81.75,489.60531269004815
81.85000000000001,480.78593779782534
81.95,484.2318477292106
82.05,488.6821946497203
82.15,486.48348096935325
82.25,491.39648586103465
82.35000000000001,489.8514359736347
82.45,489.02113208446127
82.55,493.3080723133904
82.65,487.82469416548344
82.75,496.7459470488277
82.85000000000001,488.1463878185275
82.95,492.2646772339439
83.05,496.62808354298573
83.15,494.48534142826213
83.25,496.52055792267964
83.35000000000001,495.85043705916115
83.45,496.3393832446097
83.55,499.65722796439394
83.65,494.0455309246133
83.75,503.12853272289715
83.85000000000001,494.9436531792159
83.95,497.97184400440386
84.05,500.22121408561156
84.15,499.1910314165178
84.25,503.07911044401004
84.35000000000001,502.2854523305911
84.45,503.736509627356
84.55,508.3622750723423
84.65,502.46001896963884
84.75,512.0299499941226
84.85000000000001,501.31245320210536
84.95,504.8046022111917
85.05,509.17779030275085
85.15,507.18830745639775
85.25,510.87062130431895
85.35000000000001,510.28048743639937
85.45,510.897918978892
85.55,515.0897960592912
85.65,506.4960595930379
85.75,515.9094376736119
85.85000000000001,508.3575669536546
85.95,510.647198525453
86.05,514.6439221801298
86.15,513.3082777749839
86.25,517.6638954366734
86.35000000000001,517.2718350707632
86.45,516.6575323735318
86.55,520.686876873754
86.65,514.3090492002906
86.75,523.76783495848
86.85000000000001,514.9525018959185
86.95,519.306921148891
87.05,523.4599501794759
87.15,521.3313213259913
87.25,522.8954597587209
87.35000000000001,523.228229450689
87.45,523.9749598770728
87.55,527.6155689390325
87.65,520.8655931199612
87.75,530.6224654067581
87.85000000000001,522.8200516828232
87.95,526.357749938203
88.05,528.6963939768807
88.15,527.1759908929171
88.25,529.7790557326101
88.35000000000001,529.6724878987948
88.45,530.3476880377581
88.55,535.282400038561
88.65,528.6090685518002
88.75,538.4413145623715
88.85000000000001,526.9983838223787
88.95,532.1645836303114
89.05,536.7259461388716
89.15,535.0207804005773
89.25,537.3444888463727
89.35000000000001,537.3590327825196
89.45,538.7315516401702
89.55,543.8467248103785
89.65,534.7659817050103
89.75,544.8974787380781
89.85000000000001,535.1682546054114
89.95,538.6286131389487
90.05,543.6061758304179
90.15,542.0660634966299
90.25,545.1383176631825
90.35000000000001,544.6908780742722
90.45,542.8177805274131
90.55,548.1244539283344
90.65,542.8359347957963
90.75,552.5784715017566
90.85000000000001,543.1686809366037
90.95,546.7560783233102
91.05,551.5440757679241
91.15,550.5253086527603
91.25,552.6174936115494
91.35000000000001,551.9165922273256
91.45,552.1436771201027
91.55,556.2658081022472
91.65,549.1344152346935
91.75,559.1898625564025
91.85000000000001,550.1542510846831
91.95,553.9154909855852
92.05,555.1365254850698
92.15,554.6877526302062
92.25,557.6260012322613
92.35000000000001,557.9268927702186
92.45,558.4130643296214
92.55,563.8775791923505
92.65,558.4810397027869
92.75,568.0713676678013
92.85000000000001,556.5768424247306
92.95,559.8103179320739
93.05,563.689346452879
93.15,561.5610107818857
93.25,564.5299426841666
93.35000000000001,565.4775535631593
93.45,566.3772792447875
93.55,570.5442751380758
93.65,562.2427290038502
93.75,571.7897535573644
93.85000000000001,564.3775103338594
93.95,567.2265262649601
94.05,571.3724032536634
94.15,570.4011465632896
94.25,573.4779937274978
94.35000000000001,574.2811736582213
94.45,572.7577301977717
94.55,577.3750888012463
94.65,570.1257181495234
94.75,579.7067985542743
94.85000000000001,572.0342031432541
94.95,576.017241158086
95.05,580.1115213765964
95.15,578.824916417142
95.25,579.1459936807261
95.35000000000001,579.336116196298
95.45,581.358604608153
95.55,583.6139681206396
95.65,577.8782819392782
95.75,588.9966984719938
95.85000000000001,580.2124513124636
95.95,583.4988538956869
96.05,585.8738760276163
96.15,584.4642778442541
96.25,586.4401682292206
96.35000000000001,586.5346955246911
96.45,587.7998882412811
96.55,593.0141543363801
96.65,585.962487889696
96.75,595.7332409944652
96.85000000000001,584.1248568107849
96.95,587.8438295490923
97.05,593.0026468892522
97.15,591.7792399979736
97.25,594.2146565953436
97.35000000000001,595.0935432403036
97.45,596.5474110270737
97.55,601.1214058729404
97.65,592.6516781957013
97.75,601.6994361401348
97.85000000000001,593.0536648797115
97.95,596.7675328497145
98.05,600.782073676355
98.15,599.8059512847649
98.25,602.6353482049551
98.35000000000001,602.6408250487343
98.45,600.0967452467025
98.55,605.8749209673712
98.65,601.1979727057152
98.75,609.5821682302939
98.85000000000001,601.7009394906397
98.95,605.3681688242807
99.05,609.8053529697727
99.15,609.316102678862
99.25,609.6901172701364
99.35000000000001,609.8837961557468
99.45,609.7825198337006
99.55,613.8258471879361
99.65,607.755351085437
99.75,617.2611445763015
99.85000000000001,609.2240181139742
99.95,612.9004794775972
100.05,613.5934819045397
100.15,613.7621149960148
100.25,617.5291446872553
100.35000000000001,617.8409628085191
100.45,617.359687399736
100.55,622.4218565114905
100.65,617.7625530453665
100.75,626.2622319724898
100.85000000000001,616.0178814893218
100.95,619.7087178397875
101.05,623.1092677229711
101.15,621.3803510559221
101.25,624.4716518652444
101.35000000000001,625.2918721329012
101.45,625.3191344526699
101.55,629.2028878878749
101.65,621.7995628720546
101.75,630.4974284372796
101.85000000000001,624.5733578234967
101.95,627.3932641933865
102.05,630.7650092320666
102.15,629.8752537176327
102.25,632.8537479661197
102.35000000000001,633.8489150966859
102.45,631.4381164037716
102.55,636.1682317141509
102.65,630.7995275351077
102.75,632.2880325043915
102.85000000000001,636.8118192662764
102.95,634.7360296119248
103.05,638.3334592638204
103.15,638.1919652341958
103.25,637.134476485901
103.35000000000001,638.477545248525
103.45,639.533352254153
103.55,642.5300580217182
103.65,637.8908407591473
103.75,640.1967774677142
103.85000000000001,645.6350205377462
103.95,644.5928174464634
104.05,645.4988532745995
104.15,644.3903119164017
104.25,646.131307559443
104.35000000000001,646.8755166462205
104.45,646.3547746983776
104.55,651.3204764558677
104.65,646.641761583835
104.75,647.84585059963
104.85000000000001,650.1033004306275
104.95,648.4728337966214
105.05,653.6694705226672
105.15,651.7604947931617
105.25,653.9418774077042
105.35000000000001,655.0922007204928
105.45,655.0552158150521
105.55,659.0700483787516
105.65,653.6136074778625
105.75,654.8838009128702
105.85000000000001,659.5155305072498
105.95,656.7237218978091
106.05,660.4103923240929
106.15,659.8413454081195
106.25,662.2096796564405
106.35000000000001,661.9845112626214
106.45,659.5039840712838
106.55,664.8945215208049
106.65,661.9354935387489
106.75,662.56264327116
106.85000000000001,666.6117687112256
106.95,664.9867087150542
107.05,668.8606874131393
107.15,668.9117828043551
107.25,668.3951451586144
107.35000000000001,668.6516783645773
107.45,668.6455118490301
107.55,671.9625327609706
107.65,669.1682034337697
107.75,670.5128911012849
107.85000000000001,675.6085931506519
107.95,671.6920200231627
108.05,672.2020574534562
108.15,673.2732182783221
108.25,676.4517925318819
108.35000000000001,676.6638704855468
108.45,676.4466697588844
108.55,680.3531676911095
108.65,677.5068530276068
108.75,678.2106927227334
108.85000000000001,681.4087910104919
108.95,678.9481678709761
109.05,682.0106507898861
109.15,680.2103943634894
109.25,683.8212418948001
109.35000000000001,684.5632924692909
109.45,683.8685833097937
109.55,687.1470770694709
109.65,680.9905219104498
109.75,682.8083011117417
109.85000000000001,689.1756943976158
109.95,685.0908069720085
110.05,689.6130908685438
110.15,688.3355193764615
110.25,691.7967705000597
110.35000000000001,692.4574847678068
110.45,689.5778039324672
110.55,692.5883475498139
110.65,689.616041045628
110.75,690.5501744242822
110.85000000000001,695.5281545599235
110.95,693.0426000345219
111.05,697.6393374140634
111.15,696.3098892474314
111.25,696.6439012296045
111.35000000000001,697.3398358172226
111.45,697.9192109964235
111.55,700.0758340009863
111.65,698.1445063882821
111.75,698.7011187788746
111.85000000000001,705.416985596456
111.95,702.4732541157401
112.05,703.7588092682771
112.15,701.9188379776125
112.25,704.6117389225285
112.35000000000001,704.8564968078691
112.45,704.466693214045
112.55,708.7101984334124
112.65,706.5687280138944
112.75,706.7038239246552
112.85000000000001,708.3560679951913
112.95,706.2085167391301
113.05,712.3658432851855
113.15,709.0764655352698
113.25,712.8106467171449
113.35000000000001,713.637346564248
113.45,714.5582978362947
113.55,717.4555025991357
113.65,713.0726906496424
113.75,713.1359205130053
113.85000000000001,718.3410255361636
113.95,714.3216331243149
114.05,719.3729499825802
114.15,717.9663333728239
114.25,721.4812229148002
114.35000000000001,721.0038539390721
114.45,718.5876297305985
114.55,720.7539563667901
114.65,720.6397669024333
114.75,720.1147595014512
114.85000000000001,724.6239024088723
114.95,722.528971990747
115.05,727.8709057994685
115.15,726.6461078761535
115.25,726.7977098740356
115.35000000000001,727.2934839850619
115.45,727.8909455914555
115.55,730.5368660689578
115.65,729.8991975724729
115.75,729.6922241912989
115.85000000000001,734.8017546676159
115.95,730.7716128362706
116.05,732.113443782397
116.15,732.2017084232091
116.25,736.7922896516898
116.35000000000001,735.9598375969316
116.45,736.2888041673934
116.55,739.7202230410487
116.65,738.2518805765714
116.75,737.6762153090692
116.85000000000001,741.8094839487256
116.95,738.1512350759234
117.05,741.6948415061214
117.15,740.5815107772783
117.25,745.0348946073943
117.35000000000001,745.2104185910715
117.45,745.6549835613147
117.55,747.2883942677709
117.65,742.6638284608648
117.75,742.7102521226216
117.85000000000001,751.3541518046874
117.95,747.1032494248301
118.05,751.0128618287048
118.15,749.6828050959017
118.25,753.6141295485794
118.35000000000001,753.7308263099292
118.45,752.7785572559342
118.55,754.0346591093551
118.65,753.5556235142475
118.75,752.0825177465638
118.85000000000001,758.7426156458855
118.95,755.9682342857334
119.05,760.2053124902125
119.15,757.9925461387521
119.25,758.756839715019
119.35000000000001,759.2382500156115
119.45,761.4863162345385
119.55,761.3616399270196
119.65,761.7875657821528
119.75,761.2150807852278
119.85000000000001,768.2150365358198
119.95,764.7971469077729
120.05,766.5031118139642
120.15,763.9800378058179
120.25,768.6340976267434
120.35000000000001,767.3737918040002
120.45,769.7865300218434
120.55,771.5318360394543
120.65,771.726345430172
120.75,770.163636609383
120.85000000000001,771.5329848994696
120.95,770.4103499825529
121.05,774.661442594792
121.15,773.4576340752595
121.25,776.6597369434868
121.35000000000001,777.1402419416786
121.45,779.0701359860946
121.55,780.5158715721379
121.65,779.6305100453831
121.75,777.3781965861032
121.85000000000001,782.5557589441094
121.95,779.1182840366658
122.05,783.1057438673296
122.15,781.3254287700003
122.25,786.3635655290915
122.35000000000001,785.3888928975432
122.45,782.4144846051875
122.55,784.8082905640952
122.65,787.947794854188
122.75,786.5671752027014
122.85000000000001,792.1482639541966
122.95,790.4033004270711
123.05,795.4055384922314
123.15,793.7611868807043
123.25,794.8042570725648
123.35000000000001,794.5743413441376
123.45,794.6291141722361
123.55,795.4762005794574
123.65,796.5140682411426
123.75,795.3841132669393
123.85000000000001,802.1710093987898
123.95,799.2385428612168
124.05,799.0602554638908
124.15,799.0695976562945
124.25,805.1098166788236
124.35000000000001,803.146968100077
124.45,805.1054602918263
124.55,806.469136436985
124.65,808.9202438006669
124.75,806.4299422981057
124.85000000000001,809.4148822233052
124.95,806.0722115955602
125.05,809.8702582239255
125.15,808.0577781603725
125.25,812.6613730845544
125.35000000000001,812.1400459655819
125.45,814.3802603205289
125.55,814.5221733100506
125.65,811.6525541848918
125.75,811.3658001704318
125.85000000000001,819.9705903278566
125.95,815.3217933914898
126.05,818.698044106394
126.15,819.2560460741581
126.25,823.5754263759077
126.35000000000001,822.4428465345087
126.45,822.6404256118915
126.55,822.3760376819309
126.65,824.4596657737154
126.75,822.2686508326584
126.85000000000001,839.4604205168608
126.95,826.4110636622385
127.05,830.0986968801582
127.15,826.9302450548208
127.25,827.9975903494943
127.35000000000001,827.3902503806493
127.45,831.0563580389237
127.55,829.8689089007702
127.65,832.4685375791977
127.75,831.6026965272318
127.85000000000001,840.0476430770183
127.95,836.1299548246894
128.05,837.4495062037544
128.15,836.1398566290933
128.25000000000003,838.9224410604046
128.35000000000002,836.2132804702936
128.45000000000002,843.5436791594221
128.55,843.9997763303302
128.65,842.5263246034863
128.75000000000003,843.5728143800911
128.85000000000002,841.160774744007
128.95000000000002,842.1864850494533
129.05,846.432549065726
129.15,844.9778556624108
129.25000000000003,850.0981318650923
129.35000000000002,845.8571940808725
129.45000000000002,853.548384382536
129.55,853.6251810052485
129.65,849.8703799264247
129.75000000000003,851.8067641455528
129.85000000000002,852.9261834160561
129.95000000000002,850.0897740611402
130.05,855.1429411737254
130.15,855.3229761931103
130.25000000000003,858.5754265069993
130.35000000000002,854.8857769549934
130.45000000000002,856.8352884410616
130.55,859.7970572384853
130.65,858.1852124078669
130.75000000000003,860.0499740094506
130.85000000000002,862.7690447174961
130.95000000000002,863.5852946811996
131.05,867.2457274212733
131.15,866.2448739708577
131.25000000000003,866.3999509403328
131.35000000000002,862.5317156834152
131.45000000000002,869.9872698237311
131.55,868.8144299190118
131.65,867.2857354378575
131.75000000000003,869.8133454505918
131.85000000000002,870.9092930593208
131.95000000000002,870.1353584833126
132.05,869.9257736937777
132.15,871.0649365527954
132.25000000000003,876.3905666803712
132.35000000000002,872.180812958479
132.45000000000002,879.4245579964054
132.55,878.7165341636901
132.65,878.9583549900478
132.75000000000003,880.9258173218664
132.85000000000002,879.4054301352999
132.95000000000002,878.3351496420355
133.05,881.3376838794646
133.15,879.2617526245206
133.25000000000003,884.3294128615441
133.35000000000002,879.2733475621023
133.45000000000002,888.2236385256332
133.55,887.4576704558731
133.65,882.4697868571506
133.75000000000003,885.9368996005694
133.85000000000002,888.808194771375
133.95000000000002,886.976561397511
134.05,890.6579541809235
134.15,889.8456157327525
134.25000000000003,896.6332449311097
134.35000000000002,891.9351863874863
134.45000000000002,896.3844377501171
134.55,895.7660254285458
134.65,893.170263115515
134.75000000000003,895.5691781405941
134.85000000000002,898.077484421762
134.95000000000002,898.1712799595584
135.05,901.7071965192649
135.15,900.1388061822612
135.25000000000003,901.6501249737939
135.35000000000002,897.1429770929304
135.45000000000002,906.8691659550634
135.55,904.3491658812444
135.65,903.8433093288935
135.75000000000003,906.4069913441385
135.85000000000002,908.423472159299
135.95000000000002,907.4062094297719
136.05,907.1107975458189
136.15,906.1987454521305
136.25000000000003,911.7947638816993
136.35000000000002,906.1564773806653
136.45000000000002,915.542201002428
136.55,914.6911694729523
136.65,914.0739950500445
136.75000000000003,915.9896755793543
136.85000000000002,913.0358577936692
136.95000000000002,914.3378592437215
137.05,919.4894547200798
137.15,915.7113831547788
137.25000000000003,922.5685917676399
137.35000000000002,917.1287543541633
137.45000000000002,927.8925618828924
137.55,926.5195121673111
137.65,920.8481513769059
137.75000000000003,922.2857160845651
137.85000000000002,924.2862861538997
137.95000000000002,922.6126976861926
138.05,927.0494507240887
138.15,925.5302889882752
138.25000000000003,933.0270017848881
138.35000000000002,925.3199030667821
138.45000000000002,929.9462612157645
138.55,931.4221318197074
138.65,931.405505007391
138.75000000000003,933.9993488232024
138.85000000000002,934.6440790972871
138.95000000000002,934.8909997339592
139.05,940.0134788142886
139.15,938.6423892689929
139.25000000000003,938.9952784055898
139.35000000000002,933.1844789470848
139.45000000000002,941.3891624896704
139.55,940.8304273449419
139.65,938.6475616958096
139.75000000000003,941.8615632953678
139.85000000000002,942.9841928433196
139.95000000000002,942.3274630858206
140.05,942.4188227393984
140.15,942.7463308863657
140.25000000000003,949.6796922969538
140.35000000000002,943.0182013348524
140.45000000000002,952.2744226782844
140.55,952.0410515395803
140.65,949.7507283481266
140.75000000000003,953.0406533729913
140.85000000000002,950.2225192466899
140.95000000000002,949.359235718756
141.05,952.6706905085632
141.15,950.5347919853915
141.25000000000003,957.780948252887
141.35000000000002,950.6460689121421
141.45000000000002,960.1541463457957
141.55,958.5702088398983
141.65,952.6540216282032
141.75000000000003,956.6730452689853
141.85000000000002,960.8272370935325
141.95000000000002,957.6254765629898
142.05,961.3795194513916
142.15,959.5229008478705
142.25000000000003,967.9368017035799
142.35000000000002,960.8319322424577
142.45000000000002,967.8931946706821
142.55,966.4830074925146
142.65,964.1140769481915
142.75000000000003,967.0534304256436
142.85000000000002,968.3133256356701
142.95000000000002,967.9640181447805
143.05,970.6158843879118
143.15,968.0656217574624
143.25000000000003,970.9714060406756
143.35000000000002,966.1194277854115
143.45000000000002,978.8951559370099
143.55,976.7278885292568
143.65,973.7809242758345
143.75000000000003,976.8516616808332
143.85000000000002,978.555870896033
143.95000000000002,977.5521356710054
144.05,978.214610427951
144.15,975.9052216014728
144.25000000000003,981.6121825637865
144.35000000000002,976.1625387494082
144.45000000000002,986.6137858469506
144.55,985.4876639709397
144.65,982.2720395345514
144.75000000000003,985.4269123352306
144.85000000000002,982.778038484941
144.95000000000002,983.6094768344583
145.05,987.9326690965031
145.15,985.2133250107055
145.25000000000003,991.9078340380735
145.35000000000002,986.0225542810995
145.45000000000002,996.1672633080507
145.55,995.4210088245359
145.65,989.2631338597287
145.75000000000003,992.8009866180132
145.85000000000002,992.9227597206134
145.95000000000002,991.664761011903
146.05,997.2128997931602
146.15,995.8892448023759
146.25000000000003,1003.0923376990858
146.35000000000002,994.5325080258662
146.45000000000002,1002.0415994348779
146.55,1002.7235093974542
146.65,999.5678644183022
146.75000000000003,1002.734448566803
146.85000000000002,1001.071013561532
146.95000000000002,1001.5441217564442
147.05,1005.5355352609862
147.15,1004.8292914192916
147.25000000000003,1005.4953217543256
147.35000000000002,999.3903773588735
147.45000000000002,1009.8309490640916
147.55,1009.3213913868593
147.65,1006.5329399526768
147.75000000000003,1009.8183992027882
147.85000000000002,1010.7686838985446
147.95000000000002,1008.6192792241586
148.05,1009.4124343059923
148.15,1010.544335303723
148.25000000000003,1017.7275425485883
148.35000000000002,1009.8538291487896
148.45000000000002,1020.6185583083216
148.55,1020.9645246959927
148.65,1017.4122795375009
148.75000000000003,1022.0272988031047
148.85000000000002,1017.3449129458645
148.95000000000002,1016.966098170794
149.05,1020.4413029251184
149.15,1016.8152487728925
149.25000000000003,1024.2840681740997
149.35000000000002,1016.6689771662512
149.45000000000002,1027.691457675784
149.55,1026.6850199548219
149.65,1018.4304931106803
149.75000000000003,1024.8369720641576
149.85000000000002,1027.6837385344772
149.95000000000002,1025.4095150540559
150.05,1028.7327567352454
150.15,1027.6693909468665
150.25000000000003,1035.932947783854
150.35000000000002,1029.340651042946
150.45000000000002,1034.9171939602047
150.55,1033.9051012840766
150.65,1030.378362950783
150.75000000000003,1035.0657334379762
150.85000000000002,1035.2854225091467
150.95000000000002,1035.2272384490154
151.05,1038.8514447135399
151.15,1036.7386078889665
151.25000000000003,1038.865604245408
151.35000000000002,1031.532613200847
151.45000000000002,1044.6592078761937
151.55,1043.5369355163486
151.65,1039.224524854189
151.75000000000003,1045.010337756247
151.85000000000002,1045.7282439307985
151.95000000000002,1044.6821891340887
152.05,1044.0154928997244
152.15,1042.2717282965732
152.25000000000003,1048.4066754949995
152.35000000000002,1040.8425811181382
152.45000000000002,1052.624868450519
152.55,1053.6301676178552
152.65,1048.4013467566863
152.75000000000003,1054.0604358174796
152.85000000000002,1047.3141956898337
152.95000000000002,1050.101845408316
153.05,1054.620166015735
153.15,1051.1747898015258
153.25000000000003,1057.3238180826957
153.35000000000002,1051.826480795355
153.45000000000002,1063.7610995342404
153.55,1063.6468481166262
153.65000000000003,1053.0380914875989
153.75000000000003,1059.1490950097866
153.85000000000002,1057.567406234235
153.95000000000002,1056.5349163659616
154.05,1063.1027058513812
154.15000000000003,1060.818892307643
154.25000000000003,1067.5677586470038
154.35000000000002,1057.801771064675
154.45000000000002,1065.3026825176205
154.55,1067.312917061075
154.65000000000003,1062.5328828801257
154.75000000000003,1067.7846898437563
154.85000000000002,1065.8803892808485
154.95000000000002,1065.9120262975077
155.05,1072.2290902752993
155.15000000000003,1070.9425416394834
155.25000000000003,1073.5564100474537
155.35000000000002,1065.9483507244574
155.45000000000002,1078.1241471205458
155.55,1076.6202116803313
155.65000000000003,1070.8591269712447
155.75000000000003,1077.9248967097058
155.85000000000002,1077.3316350216514
155.95000000000002,1075.5477230120737
156.05,1076.5727876155274
156.15000000000003,1077.3643214802553
156.25000000000003,1083.4861831002374
156.35000000000002,1074.9121767128197
156.45000000000002,1087.8228651305576
156.55,1088.4429896115619
156.65000000000003,1082.2966227853465
156.75000000000003,1088.4843013157397
156.85000000000002,1083.43546254168
156.95000000000002,1082.771769440984
157.05,1085.3907130452278
157.15000000000003,1082.8437151228827
157.25000000000003,1089.4116618775279
157.35000000000002,1082.6717750150706
157.45000000000002,1095.4166502320206
157.55,1094.5037343277475
157.65000000000003,1082.4637987471178
157.75000000000003,1091.7836831209174
157.85000000000002,1091.7258924343423
157.95000000000002,1089.2742970804811
158.05,1093.3243352591148
158.15000000000003,1092.7093926697219
158.25000000000003,1099.6359979188646
158.35000000000002,1093.1249662636146
158.45000000000002,1100.8657763417445
158.55,1102.461730309359
158.65000000000003,1093.275335979062
158.75000000000003,1101.1191487260205
158.85000000000002,1098.4986097230405
158.95000000000002,1098.5348027199818
159.05,1103.09056047416
159.15000000000003,1101.6763013403006
159.25000000000003,1101.7533433853287
159.35000000000002,1097.0588196668
159.45000000000002,1111.4375845692232
159.55,1110.3686590000777
159.65000000000003,1101.4905500162442
159.75000000000003,1109.9426361703631
159.85000000000002,1110.2784690517656
159.95000000000002,1110.5452713750717
160.05,1110.2982089300467
160.15000000000003,1107.7884343259218
160.25000000000003,1112.5152246088467
160.35000000000002,1105.521422184051
160.45000000000002,1119.043793508603
160.55,1121.06707636599
160.65000000000003,1110.7891314726673
160.75000000000003,1119.0939736043629
160.85000000000002,1112.5166096969829
160.95000000000002,1115.0584080722524
161.05,1120.39458046286
161.15000000000003,1117.2029877637663
161.25000000000003,1122.9335581266257
161.35000000000002,1115.3465735737473
161.45000000000002,1128.154830754552
161.55,1130.3459719373266
161.65000000000003,1114.9821081560317
161.75000000000003,1124.5990113852756
161.85000000000002,1120.996760223397
161.95000000000002,1120.2426701803877
162.05,1126.656879536708
162.15000000000003,1126.5796514239412
162.25000000000003,1131.5374358393924
162.35000000000002,1122.6257559270766
162.45000000000002,1131.4506057745339
162.55,1136.7702217478145
162.65000000000003,1126.444169988164
162.75000000000003,1134.1752969022093
162.85000000000002,1131.1693176126637
162.95000000000002,1131.040230935076
163.05,1138.3137943512738
163.15000000000003,1136.198363861262
163.25000000000003,1137.0981136139746
163.35000000000002,1129.1786206821926
163.45000000000002,1142.945740744174
163.55,1143.8234881053993
163.65000000000003,1131.4302281609205
163.75000000000003,1142.4024204205969
163.85000000000002,1140.2340390951401
163.95000000000002,1139.050256224084
164.05,1140.9551246627036
164.15000000000003,1141.0941398415014
164.25000000000003,1145.7566146810657
164.35000000000002,1139.5442716869873
164.45000000000002,1150.8753416653117
164.55,1155.2472081035367
164.65000000000003,1144.0225736953955
164.75000000000003,1154.1216354846324
164.85000000000002,1146.3535525840814
164.95000000000002,1146.9629045910121
165.05,1151.556920172514
165.15000000000003,1149.6249820409123
165.25000000000003,1153.9657835343344
165.35000000000002,1147.0581828916668
165.45000000000002,1160.2400406166373
165.55,1161.399952342769
165.65000000000003,1145.358105029713
165.75000000000003,1157.6864400749
165.85000000000002,1157.5835581926308
165.95000000000002,1155.744208266429
166.05,1159.8144299059973
166.15000000000003,1159.4694297277322
166.25000000000003,1164.013170436136
166.35000000000002,1156.5231238957986
166.45000000000002,1167.3106011404495
166.55,1169.7179620123839
166.65000000000003,1154.8188401122277
166.75000000000003,1166.1734684429343
166.85000000000002,1163.5036810788201
166.95000000000002,1163.8244588882767
167.05,1169.1985266447525
167.15000000000003,1168.3949357562387
167.25000000000003,1166.5045773372594
167.35000000000002,1162.533881030253
167.45000000000002,1177.8406581219854
167.55,1179.9641487114493
167.65000000000003,1163.2798648391538
167.75000000000003,1176.4265534466322
167.85000000000002,1172.140753319725
167.95000000000002,1173.8740101283329
168.05,1175.2195578304095
168.15000000000003,1175.6416815778473
168.25000000000003,1176.3965907071354
168.35000000000002,1170.7894056108182
168.45000000000002,1184.1546037821092
168.55,1188.9475510172986
168.65000000000003,1171.9570944081856
168.75000000000003,1184.2493763037105
168.85000000000002,1175.7728763882212
168.95000000000002,1179.311813987118
169.05,1185.027766124859
169.15000000000003,1184.1849806625646
169.25000000000003,1185.4587600134835
169.35000000000002,1179.6552241437241
169.45000000000002,1193.8715486538424
169.55,1197.5135154254815
169.65000000000003,1176.4111956170395
169.75000000000003,1188.9453305394613
169.85000000000002,1184.6754629389227
169.95000000000002,1184.097203929369
170.05,1190.5758131185141
170.15000000000003,1192.023890589336
170.25000000000003,1192.7154808602443
170.35000000000002,1185.4978887261323
170.45000000000002,1194.2395379323304
170.55,1201.067498487504
170.65000000000003,1183.44734099737
170.75000000000003,1197.4889134747907
170.85000000000002,1193.043382323177
170.95000000000002,1194.4885008775964
171.05,1200.756391140382
171.15000000000003,1200.7722698948216
171.25000000000003,1197.3606771381903
171.35000000000002,1192.0813737546398
171.45000000000002,1204.298471500854
171.55,1208.322251947489
171.65000000000003,1190.6442953434707
171.75000000000003,1205.0198036152221
171.85000000000002,1200.9618073681784
171.95000000000002,1199.1620558440243
172.05,1202.7565969658544
172.15000000000003,1206.0603739171934
172.25000000000003,1205.4265550265363
172.35000000000002,1199.731866939186
172.45000000000002,1212.244789144653
172.55,1219.3531616033745
172.65000000000003,1199.6185377429672
172.75000000000003,1214.4745522780083
172.85000000000002,1205.9357167798769
172.95000000000002,1205.9647475600495
173.05,1210.7796771779672
173.15000000000003,1211.30411559253
173.25000000000003,1211.6061596102388
173.35000000000002,1206.464652991115
173.45000000000002,1219.7703365912848
173.55,1224.3926758918133
173.65000000000003,1200.166169669249
173.75000000000003,1218.1307112491454
173.85000000000002,1214.2613850504958
173.95000000000002,1213.4023881653213
174.05,1217.3094435637038
174.15000000000003,1218.7140794612612
174.25000000000003,1219.1845805017215
174.35000000000002,1214.6420603108897
174.45000000000002,1225.4937937034424
174.55,1230.4843385747852
174.65000000000003,1209.7479280078917
174.75000000000003,1226.3136495658157
174.85000000000002,1220.8883394887196
174.95000000000002,1221.060214052395
175.05,1226.609113074259
175.15000000000003,1226.5015217489517
175.25000000000003,1220.6153726586672
175.35000000000002,1217.8686042053482
175.45000000000002,1233.754270521319
175.55,1237.6731160404938
175.65000000000003,1215.8435508113203
175.75000000000003,1233.7014542932443
175.85000000000002,1228.3220539195866
175.95000000000002,1228.281517287955
176.05,1229.7996826838116
176.15000000000003,1231.524313435761
176.25000000000003,1229.0058559693102
176.35000000000002,1225.987400755035
176.45000000000002,1239.146655324586
176.55,1248.1008908682347
176.65000000000003,1225.0701985868868
176.75000000000003,1241.9634211351142
176.85000000000002,1230.622592752894
176.95000000000002,1233.2972403403742
177.05,1240.8677202855488
177.15000000000003,1242.6542573808676
177.25000000000003,1237.1997718111058
177.35000000000002,1234.2688863105393
177.45000000000002,1248.79251804234
177.55,1255.9315111921587
177.65000000000003,1228.5842917882835
177.75000000000003,1246.3768609655447
177.85000000000002,1239.507685224369
177.95000000000002,1239.0706917851364
178.05,1245.278977158189
178.15000000000003,1247.6829602793891
178.25000000000003,1243.2581738400268
178.35000000000002,1239.6582854563849
178.45000000000002,1243.472461471964
178.55,1257.3814641537226
178.65000000000003,1233.9655339326428
178.75000000000003,1253.4478985712128
178.85000000000002,1245.8104938412914
178.95000000000002,1247.6362836010358
179.05,1255.3171921140765
179.15000000000003,1258.2007567615162
179.25000000000003,1248.7374223573097
179.35000000000002,1245.5149285819034
179.45000000000002,1256.647200350434
179.55,1264.292281808234
179.65000000000003,1239.733566990526
179.75000000000003,1260.1138972408269
179.85000000000002,1253.7227304381759
179.95000000000002,1252.95342255469
180.05,1255.5189065371153
180.15000000000003,1260.9091484166102
180.25000000000003,1254.9037921699346
180.35000000000002,1252.126360681047
180.45000000000002,1265.4266585923365
180.55,1275.0975557871857
180.65000000000003,1249.1767523440042
180.75000000000003,1270.313654413261
180.85000000000002,1257.4535533412302
180.95000000000002,1259.482180558679
181.05,1265.4839500755388
181.15000000000003,1267.4623750395888
181.25000000000003,1262.181236056486
181.35000000000002,1260.819092374954
181.45000000000002,1273.7564959335734
181.55,1281.415483432634
181.65000000000003,1249.3335723296482
181.75000000000003,1272.6273837733536
181.85000000000002,1266.3806464094685
181.95000000000002,1266.7469207392962
182.05,1274.1076916697932
182.15000000000003,1277.5630912361692
182.25000000000003,1271.7025134225682
182.35000000000002,1269.0236353912544
182.45000000000002,1278.2496994405535
182.55,1289.0007708709043
182.65000000000003,1259.5164479978378
182.75000000000003,1281.0966431225472
182.85000000000002,1273.9618186439393
182.95000000000002,1274.7331673014953
183.05,1281.7359806512127
183.15000000000003,1285.044740578365
183.25000000000003,1272.4169271662656
183.35000000000002,1272.9106717094824
183.45000000000002,1289.3420777667209
183.55,1296.6386400885879
183.65000000000003,1267.9162353876543
183.75000000000003,1290.3109265126998
183.85000000000002,1283.3246568151267
183.95000000000002,1284.2231455528683
184.05,1287.296018360411
184.15000000000003,1290.5838735255238
184.25000000000003,1281.4735946428043
184.35000000000002,1281.2887939979921
184.45000000000002,1294.5587470821752
184.55,1305.944419600693
184.65000000000003,1276.4639727124081
184.75000000000003,1297.7890211557824
184.85000000000002,1284.6979405280451
184.95000000000002,1289.2996375474231
185.05,1297.8321195303272
185.15000000000003,1300.4759874067652
185.25000000000003,1292.172441715382
185.35000000000002,1290.5990104184962
185.45000000000002,1304.9954062098584
185.55,1314.8265634514844
185.65000000000003,1280.5598482697696
185.75000000000003,1303.6913814347276
185.85000000000002,1295.528874634107
185.95000000000002,1296.8147791381366
186.05,1305.605886808767
186.15000000000003,1309.1114218172513
186.25000000000003,1299.4019272576584
186.35000000000002,1298.6439145503878
186.45000000000002,1307.8860888255192
186.55,1321.3060694078442
186.65000000000003,1290.759561989278
186.75000000000003,1313.4570474957904
186.85000000000002,1304.0265133055905
186.95000000000002,1304.6421284872733
187.05,1311.6370613151475
187.15000000000003,1317.3771456188206
187.25000000000003,1303.3272620466541
187.35000000000002,1303.4300957286216
187.45000000000002,1317.696152610429
187.55,1327.3475668462959
187.65000000000003,1296.5648609800894
187.75000000000003,1319.9066630280452
187.85000000000002,1312.7785905704227
187.95000000000002,1312.7402881320343
188.05,1315.8831912467579
188.15000000000003,1322.3652473025522
188.25000000000003,1312.150815797056
188.35000000000002,1311.2805718685088
188.45000000000002,1325.3846687158334
188.55,1337.5006997088763
188.65000000000003,1304.9739898211612
188.75000000000003,1329.3409998161244
188.85000000000002,1316.4206207522072
188.95000000000002,1317.7959288211416
189.05,1325.1804018733355
189.15000000000003,1328.8133301470498
189.25000000000003,1318.7347305091412
189.35000000000002,1319.2642706611339
189.45000000000002,1334.4005785409424
189.55,1345.7698273577473
189.65000000000003,1306.2020607828981
189.75000000000003,1334.531363272298
189.85000000000002,1327.1452952878735
189.95000000000002,1325.7461706689612
190.05,1332.8073711313957
190.15000000000003,1338.8348260226558
190.25000000000003,1328.4182173121292
190.35000000000002,1329.769923782029
190.45000000000002,1338.923758817377
190.55,1351.0972395036686
190.65000000000003,1316.7189897319358
190.75000000000003,1341.8514179513243
190.85000000000002,1332.8487269780937
190.95000000000002,1335.2471753365007
191.05,1342.948820760552
191.15000000000003,1346.9580217780017
191.25000000000003,1331.3375409771363
191.35000000000002,1333.420230836157
191.45000000000002,1348.3524252956036
191.55,1359.1954277554548
191.65000000000003,1326.0844924748517
191.75000000000003,1351.1075929270487
191.85000000000002,1344.6796984872578
191.95000000000002,1345.2839773609194
192.05,1349.0754330519133
192.15000000000003,1354.181330424524
192.25000000000003,1341.441877726541
192.35000000000002,1342.5265714933505
192.45000000000002,1356.714096424839
192.55,1369.8929938393742
192.65000000000003,1333.5709774213014
192.75000000000003,1359.5311212627714
192.85000000000002,1345.1839229412706
192.95000000000002,1348.9727237836248
193.05,1359.0186530286353
193.15000000000003,1361.0575435689243
193.25000000000003,1350.9834655281295
193.35000000000002,1351.7589792150818
193.45000000000002,1367.1428123155947
193.55,1380.013157855459
193.65000000000003,1339.355793068159
193.75000000000003,1366.400673011956
193.85000000000002,1356.4490190734136
193.95000000000002,1356.127775168452
194.05,1366.578717128134
194.15000000000003,1371.4169070866776
194.25000000000003,1358.5129084317257
194.35000000000002,1357.729425965661
194.45000000000002,1368.8147372642848
194.55,1384.07949772761
194.65000000000003,1349.1095478550174
194.75000000000003,1374.8223591113415
194.85000000000002,1366.34781136524
194.95000000000002,1367.4781919028078
195.05,1375.9073004688182
195.15000000000003,1382.1500496727513
195.25000000000003,1364.246024145934
195.35000000000002,1365.715782285447
195.45000000000002,1380.437673529303
195.55,1391.9098392062156
195.65000000000003,1356.5672569468547
195.75000000000003,1383.518372539923
195.85000000000002,1375.404225735227
195.95000000000002,1375.7854905072168
196.05,1379.6309989988883
196.15000000000003,1387.4033089068796
196.25000000000003,1374.4057063004216
196.35000000000002,1375.5552273798246
196.45000000000002,1391.4286244390491
196.55,1403.3678925826853
196.65000000000003,1366.0578608256153
196.75000000000003,1393.851809605648
196.85000000000002,1378.947759026559
196.95000000000002,1380.327775844752
197.05,1388.1266971103869
197.15000000000003,1393.961744930479
197.25000000000003,1382.095629071357
197.35000000000002,1383.7768594109184
197.45000000000002,1398.9821354142841
197.55,1411.2066729020648
197.65000000000003,1368.8377166878934
197.75000000000003,1399.364338842274
197.85000000000002,1392.5842012635826
197.95000000000002,1391.1901637853093
198.05,1398.274636953259
198.15000000000003,1405.4648528258565
198.25000000000003,1393.0538931050842
198.35000000000002,1394.2010591242267
198.45000000000002,1405.4846462477587
198.55,1418.791716597511
198.65000000000003,1379.351614038491
198.75000000000003,1406.9431901563566
198.85000000000002,1398.0973769180196
198.95000000000002,1400.0583251012079
199.05,1408.7561510588118
199.15000000000003,1413.0242208031127
199.25000000000003,1394.673857502707
199.35000000000002,1398.0677494007596
199.45000000000002,1413.8832632866392
199.55,1427.6881879337814
199.65000000000003,1388.7261668890458
199.75000000000003,1418.0322211806854
199.85000000000002,1408.2189207009637
199.95000000000002,1409.2207395212176
200.05,1414.2090648461497
200.15000000000003,1420.1363454579553
200.25000000000003,1405.5667659462968
200.35000000000002,1407.0629788013218
200.45000000000002,1424.5866609443176
200.55,1439.0018863346886
200.65000000000003,1398.725357735393
200.75000000000003,1427.4115878026553
200.85000000000002,1412.3554041346042
200.95000000000002,1414.8791781363032
201.05,1426.3362870540982
201.15000000000003,1430.5326899808051
201.25000000000003,1414.6228643203303
201.35000000000002,1417.89396796859
201.45000000000002,1435.3435445580576
201.55,1451.0728095327106
201.65000000000003,1405.7221298191498
201.75000000000003,1435.3639371386366
201.85000000000002,1425.1521618005297
201.95000000000002,1425.6646778915892
202.05,1437.1908227372073
202.15000000000003,1442.5338326351373
202.25000000000003,1427.2693571744385
202.35000000000002,1427.0791414953103
202.45000000000002,1440.99608343329
202.55,1458.2164310213916
202.65000000000003,1416.863397790405
202.75000000000003,1444.5907475207314
202.85000000000002,1435.2492213539708
202.95000000000002,1437.258930488239
203.05,1447.6056351406414
203.15000000000003,1453.7231370855227
203.25000000000003,1436.0504956109892
203.35000000000002,1436.5756552803298
203.45000000000002,1452.974123038632
203.55,1468.2242493795213
203.65000000000003,1427.0170752372544
203.75000000000003,1458.6267580398444
203.85000000000002,1447.8676885912735
203.95000000000002,1447.572602637691
204.05,1454.0533437951467
204.15000000000003,1461.1170078107227
204.25000000000003,1447.3861259142752
204.35000000000002,1448.5688819769218
204.45000000000002,1465.5413168623722
204.55,1482.014462262387
204.65000000000003,1441.0288556936607
204.75000000000003,1472.4176772754072
204.85000000000002,1455.3260341456612
204.95000000000002,1455.7431431295129
205.05,1467.2749963957529
205.15000000000003,1471.4001178499707
205.25000000000003,1458.5509919267358
205.35000000000002,1459.0756512053852
205.45000000000002,1476.668331296971
205.55,1453.2674128423466
205.65000000000003,1479.2217539972926
205.75000000000003,1478.2082613538596
205.85000000000002,1468.4785526179458
205.95000000000002,1467.7619633755266
206.05,1477.9533293267075
206.15000000000003,1484.813383705667
206.25000000000003,1471.997919010535
206.35000000000002,1474.8746364035637
206.45000000000002,1486.7069148929977
206.55,1465.769386430766
206.65000000000003,1494.5418222442595
206.75000000000003,1491.563070417941
206.85000000000002,1481.5234639726907
206.95000000000002,1482.770476982697
207.05,1492.2592238325303
207.15000000000003,1497.2933558900952
207.25000000000003,1477.8979670941542
207.35000000000002,1481.6365880833914
207.45000000000002,1501.0742760606652
207.55,1476.0441737912183
207.65000000000003,1503.5304556394437
207.75000000000003,1502.9784435010695
207.85000000000002,1492.1526634193058
207.95000000000002,1493.1047853423509
208.05,1500.6085926663407
208.15000000000003,1506.0396815815595
208.25000000000003,1489.925530476209
208.35000000000002,1491.7203393200837
208.45000000000002,1508.8070577658511
208.55,1487.1558995843832
208.65000000000003,1515.2428680329126
208.75000000000003,1512.7493272199229
208.85000000000002,1498.478232332626
208.95000000000002,1501.472749857069
209.05,1512.4635749902318
209.15000000000003,1518.2436291651295
209.25000000000003,1502.8374767741286
209.35000000000002,1504.1918645720941
209.45000000000002,1523.5319110079377
209.55,1500.8598432700915
209.65000000000003,1523.804662294768
209.75000000000003,1521.9717775224415
209.85000000000002,1511.0434594532046
209.95000000000002,1512.5235408082572
210.05,1522.8917311628836
210.15000000000003,1530.3115107764972
210.25000000000003,1515.1943310126655
210.35000000000002,1515.2262821531522
210.45000000000002,1530.5775755039963
210.55,1509.9235318516355
210.65000000000003,1539.5917364085642
210.75000000000003,1535.9740010470173
210.85000000000002,1525.2853876043712
210.95000000000002,1525.8937057517032
211.05,1535.7453028111509
211.15000000000003,1542.7590164953267
211.25000000000003,1524.3336406769788
211.35000000000002,1525.7992312629615
211.45000000000002,1544.3147245489522
211.55,1521.8559023258806
211.65000000000003,1551.4983490066406
211.75000000000003,1549.0086532582095
211.85000000000002,1536.969825019616
211.95000000000002,1538.2343035485817
212.05,1545.6361738972812
212.15000000000003,1554.1062634026514
212.25000000000003,1539.2930638535756
212.35000000000002,1541.7026026612639
212.45000000000002,1557.7578858180782
212.55,1536.4369264966665
212.65000000000003,1564.9709390807704
212.75000000000003,1563.3761079708747
212.85000000000002,1547.671258177467
212.95000000000002,1550.749240412306
213.05,1560.292428399355
213.15000000000003,1566.2076540694284
213.25000000000003,1551.41578555994
213.35000000000002,1554.2254410558232
213.45000000000002,1570.5157128329136
213.55,1547.9238686347771
213.65000000000003,1572.2523042464209
213.75000000000003,1573.2011915117475
213.85000000000002,1560.3379781905726
213.95000000000002,1563.6017031775878
214.05,1571.6248943629594
214.15000000000003,1577.9723302444165
214.25000000000003,1565.9060965660676
214.35000000000002,1566.5416205336971
214.45000000000002,1580.3049695985533
214.55,1559.1531079189883
214.65000000000003,1585.2274781628093
214.75000000000003,1583.0471771024709
214.85000000000002,1572.032258601948
214.95000000000002,1573.4372970688269
215.05,1583.0323226874684
215.15000000000003,1589.0461497925332
215.25000000000003,1568.5491205840958
215.35000000000002,1574.4733403601697
215.45000000000002,1592.5405752784095
215.55,1569.695630019944
215.65000000000003,1597.341860996145
215.75000000000003,1595.8112619798046
215.85000000000002,1585.968274155564
215.95000000000002,1587.3355678619178
216.05,1592.917578929299
216.15000000000003,1598.4498085673576
216.25000000000003,1584.24452929688
216.35000000000002,1586.5040197856947
216.45000000000002,1603.204210144597
216.55,1582.7613048251737
216.65000000000003,1609.4860772967456
216.75000000000003,1606.402340890944
216.85000000000002,1590.70269117134
216.95000000000002,1595.866412982327
217.05,1606.1891329856933
217.15000000000003,1609.7695303034127
217.25000000000003,1596.1760726613784
217.35000000000002,1597.21062863599
217.45000000000002,1613.9502593641039
217.55,1592.9667561302158
217.65000000000003,1616.3305608064877
217.75000000000003,1615.3693573911207
217.85000000000002,1602.2599631749067
217.95000000000002,1605.0923137412985
218.05,1614.8105737196702
218.15000000000003,1619.4629870974782
218.25000000000003,1605.7896662385656
218.35000000000002,1608.0697645569057
218.45000000000002,1620.626256112787
218.55,1604.2530847759085
218.65000000000003,1631.0430284271488
218.75000000000003,1628.9929940645536
218.85000000000002,1615.758503925416
218.95000000000002,1620.213502119341
219.05,1629.7605667189528
219.15000000000003,1634.9780756122002
219.25000000000003,1615.368288434893
219.35000000000002,1617.3605189783273
219.45000000000002,1633.20901827532
219.55,1613.9627944567162
219.65000000000003,1639.771944033036
219.75000000000003,1639.9935494670226
219.85000000000002,1626.68748979098
219.95000000000002,1630.035415645324
220.05,1636.2182309295156
220.15000000000003,1645.077032585848
220.25000000000003,1631.8484240254074
220.35000000000002,1632.0669947394667
220.45000000000002,1646.6127538023877
220.55,1628.278596580199
220.65000000000003,1653.8151111373463
220.75000000000003,1653.223119103616
220.85000000000002,1636.8242089926086
220.95000000000002,1638.709203141021
221.05,1648.2551165527693
221.15000000000003,1653.9467046625846
221.25000000000003,1640.1061662213708
221.35000000000002,1642.978420691869
221.45000000000002,1657.757529305339
221.55,1639.7219250602145
221.65000000000003,1659.7943126636178
221.75000000000003,1663.0936784373002
221.85000000000002,1650.2923754758538
221.95000000000002,1653.5500592156884
222.05,1662.1631965659305
222.15000000000003,1668.9086447468965
222.25000000000003,1655.1201225311695
222.35000000000002,1655.4157709113679
222.45000000000002,1669.4548552313292
222.55,1650.9357332695208
222.65000000000003,1672.840790076747
222.75000000000003,1672.5245988950292
222.85000000000002,1660.1233027077653
222.95000000000002,1664.0717692656715
223.05,1671.6772262298675
223.15000000000003,1677.900183155351
223.25000000000003,1659.2256094345846
223.35000000000002,1666.1113327473727
223.45000000000002,1683.1086445282353
223.55,1664.454360753705
223.65000000000003,1687.187711919195
223.75000000000003,1687.7601097042734
223.85000000000002,1673.3056678028945
223.95000000000002,1677.6488298949203
224.05,1684.0536695006513
224.15000000000003,1689.8848100869131
224.25000000000003,1675.6006435884
224.35000000000002,1676.918857558507
224.45000000000002,1690.7416372317628
224.55,1675.6580601430244
224.65000000000003,1697.5882807343903
224.75000000000003,1698.7299924801475
224.85000000000002,1680.1974253204116
224.95000000000002,1686.6108774615573
225.05,1696.3927339213417
225.15000000000003,1699.7050318257143
225.25000000000003,1688.0810480025532
225.35000000000002,1691.335254673994
225.45000000000002,1705.3590172385032
225.55,1687.420535724
225.65000000000003,1707.3782773299438
225.75000000000003,1708.2991275724369
225.85000000000002,1691.67940055186
225.95000000000002,1699.2448217864296
226.05,1706.7612835724829
226.15000000000003,1714.7461187671488
226.25000000000003,1701.7634895215522
226.35000000000002,1702.2623855031927
226.45000000000002,1710.1519433432727
226.55,1696.5742904346796
226.65000000000003,1719.3390865162228
226.75000000000003,1719.704755374465
226.85000000000002,1706.6743015429047
226.95000000000002,1711.5683457611658
227.05,1718.9436421426385
227.15000000000003,1725.7129695565059
227.25000000000003,1708.6951572881662
227.35000000000002,1712.9674910651024
227.45000000000002,1724.563323332668
227.55,1708.9509086322973
227.65000000000003,1728.9890211969687
227.75000000000003,1731.2653364810985
227.85000000000002,1718.5597917441607
227.95000000000002,1721.4358889444163
228.05,1725.193919298678
228.15000000000003,1733.5323817810563
228.25000000000003,1720.6016149985371
228.35000000000002,1723.7555766410992
228.45000000000002,1735.0881536864165
228.55,1720.2032553125598
228.65000000000003,1740.2121871864574
228.75000000000003,1744.4081091542284
228.85000000000002,1728.0552428277365
228.95000000000002,1731.8661430703557
229.05,1737.728151521875
229.15000000000003,1744.8456096772948
229.25000000000003,1732.8775295571131
229.35000000000002,1735.7596501291491
229.45000000000002,1747.4356766301664
229.55,1732.4393849994804
229.65000000000003,1748.9480669628424
229.75000000000003,1753.0677539312635
229.85000000000002,1740.9838260260562
229.95000000000002,1746.4662859129699
230.05,1750.892647849673
230.15000000000003,1758.7781405952742
230.25000000000003,1746.270187299831
230.35000000000002,1747.5346823771715
230.45000000000002,1756.7286754724273
230.55,1744.3414677290516
230.65000000000003,1759.8337099815474
230.75000000000003,1763.539568781348
230.85000000000002,1750.661413691214
230.95000000000002,1756.0115789010154
231.05,1761.7429539006193
231.15000000000003,1766.5005541705543
231.25000000000003,1750.6287208146111
231.35000000000002,1755.7598015249418
231.45000000000002,1768.7925136411263
231.55,1755.5803736271646
231.65000000000003,1772.2105993032524
231.75000000000003,1775.6646031137489
231.85000000000002,1762.0197335918017
231.95000000000002,1768.8594403702689
232.05,1773.414017281049
232.15000000000003,1778.5003911286185
232.25000000000003,1764.3700786389932
232.35000000000002,1765.5054662775933
232.45000000000002,1777.9630421923953
232.55,1765.8127964719176
232.65000000000003,1781.7255089149662
232.75000000000003,1784.5103022795106
232.85000000000002,1768.9140304360933
232.95000000000002,1774.688288333612
233.05,1781.4406489467915
233.15000000000003,1788.4089349751928
233.25000000000003,1775.7327290279961
233.35000000000002,1779.3742663788091
233.45000000000002,1792.6008643964424
233.55,1777.9491215050816
233.65000000000003,1793.786828432415
233.75000000000003,1797.7887963521543
233.85000000000002,1782.3208890448998
233.95000000000002,1788.3201644888568
234.05,1793.0174605387733
234.15000000000003,1801.1744823638116
234.25000000000003,1790.3680432189701
234.35000000000002,1791.6069245561805
234.45000000000002,1799.2624486193542
234.55,1787.716524268677
234.65000000000003,1803.4958627746826
234.75000000000003,1806.168711748492
234.85000000000002,1793.0638428615541
234.95000000000002,1799.0662293931407
235.05,1805.3223242440376
235.15000000000003,1811.7928164191726
235.25000000000003,1798.041923661014
235.35000000000002,1799.634411782923
235.45000000000002,1809.8277042036966
235.55,1796.6933115506156
235.65000000000003,1813.8120753920853
235.75000000000003,1817.3150131543016
235.85000000000002,1803.0099248786923
235.95000000000002,1807.5297857065327
236.05,1810.8416467091333
236.15000000000003,1816.6894166795994
236.25000000000003,1810.7711672306325
236.35000000000002,1812.2834466119698
236.45000000000002,1822.8312653100534
236.55,1812.8530258237497
236.65000000000003,1827.6051254358847
236.75000000000003,1831.6063119181674
236.85000000000002,1812.9714182331675
236.95000000000002,1817.5743169758798
237.05,1822.8006887713361
237.15000000000003,1828.807648458848
237.25000000000003,1820.6821552024726
237.35000000000002,1822.0165324924856
237.45000000000002,1833.4662213972706
237.55,1820.162469724612
237.65000000000003,1832.80370181565
237.75000000000003,1839.0657867108746
237.85000000000002,1823.6785249772377
237.95000000000002,1829.7452610048458
238.05,1834.2660550201144
238.15000000000003,1840.9755838191609
238.25000000000003,1832.332702953251
238.35000000000002,1832.6528026218234
238.45000000000002,1842.9537182486695
238.55,1830.710163376702
238.65000000000003,1844.4748963790737
238.75000000000003,1848.4359457801145
238.85000000000002,1833.3861070376954
238.95000000000002,1842.1254366286269
239.05,1846.1584780216613
239.15000000000003,1850.7878082579134
239.25000000000003,1840.8245356995112
239.35000000000002,1839.5478535112477
239.45000000000002,1854.458331034331
239.55,1842.178897402783
239.65000000000003,1856.1084835396225
239.75000000000003,1859.96677883406
239.85000000000002,1845.9899100305884
239.95000000000002,1854.2405947061595
240.05,1856.8226223145355
240.15000000000003,1860.6722890731603
240.25000000000003,1852.6423526541794
240.35000000000002,1853.044979944889
240.45000000000002,1865.7102708504988
240.55,1853.9612153717508
240.65000000000003,1868.9724383242856
240.75000000000003,1872.2881041575752
240.85000000000002,1857.2328282058145
240.95000000000002,1864.354507540223
241.05,1867.8323170328504
241.15000000000003,1873.1864013595866
241.25000000000003,1867.1658155315622
241.35000000000002,1864.8316251266588
241.45000000000002,1878.3876384062423
241.55,1865.506703474607
241.65000000000003,1877.9756547023028
241.75000000000003,1885.816186034783
241.85000000000002,1868.0305091449713
241.95000000000002,1876.2530145356245
242.05,1878.5757178036056
242.15000000000003,1883.0883197487906
242.25000000000003,1876.6053704847911
242.35000000000002,1876.041299952678
242.45000000000002,1887.0119276767464
242.55,1875.5167701960802
242.65000000000003,1889.945387584607
242.75000000000003,1893.8155677880807
242.85000000000002,1878.8913542793882
242.95000000000002,1887.6075494680447
243.05,1889.1222167058393
243.15000000000003,1893.6367140869772
243.25000000000003,1886.4897933652114
243.35000000000002,1884.2400222075325
243.45000000000002,1897.391341565004
243.55,1884.2401628383175
243.65000000000003,1899.098855214414
243.75000000000003,1902.5632856365826
243.85000000000002,1888.1435476216898
243.95000000000002,1896.0091023336342
244.05,1897.207153389958
244.15000000000003,1902.9291225217567
244.25000000000003,1898.4524166471417
244.35000000000002,1896.0902048747678
244.45000000000002,1907.6615291717628
244.55,1896.1045546803707
244.65000000000003,1910.2911845546832
244.75000000000003,1913.9010060268606
244.85000000000002,1898.139261680257
244.95000000000002,1906.8184548200734
245.05,1906.9095082073065
245.15000000000003,1910.1440577042356
245.25000000000003,1907.4408152849978
245.35000000000002,1904.3624803266423
245.45000000000002,1917.0010649800263
245.55,1904.410418229262
245.65000000000003,1918.4680901043862
245.75000000000003,1922.3947336298506
245.85000000000002,1908.3367712391591
245.95000000000002,1916.754717116963
246.05,1916.5110972042814
246.15000000000003,1919.4875441317572
246.25000000000003,1917.731906261949
246.35000000000002,1913.9606518507487
246.45000000000002,1924.7553470488083
246.55,1914.271434107094
246.65000000000003,1927.4430158869434
246.75000000000003,1932.011914282712
246.85000000000002,1917.743283827751
246.95000000000002,1926.9691375162076
247.05,1925.5334646584022
247.15000000000003,1928.8980568039544
247.25000000000003,1926.4594779774875
247.35000000000002,1922.837058451552
247.45000000000002,1935.9062155996085
247.55,1924.0205278280785
247.65000000000003,1937.2731887817583
247.75000000000003,1941.537115969046
247.85000000000002,1926.8470729240692
247.95000000000002,1937.3186933771417
248.05,1934.814000245801
248.15000000000003,1937.2446246992365
248.25000000000003,1936.6633605864658
248.35000000000002,1931.2837781983424
248.45000000000002,1943.944750433334
248.55,1932.7925513884907
248.65000000000003,1946.413383015073
248.75000000000003,1950.6687135893435
248.85000000000002,1935.1562265136504
248.95000000000002,1945.670837055448
249.05,1942.4998063485932
249.15000000000003,1944.731495824237
249.25000000000003,1946.0105525941708
249.35000000000002,1941.5073334114804
249.45000000000002,1953.7932042519556
249.55,1942.214081030298
249.65000000000003,1954.9117979501896
249.75000000000003,1958.6551534212265
249.85000000000002,1944.5257185084993
249.95000000000002,1954.832139011891
250.05,1950.9579571271406
250.15000000000003,1952.47999945553
250.25000000000003,1955.7253629006318
250.35000000000002,1949.4965276810715
250.45000000000002,1961.2264424072941
250.55,1950.2431715765067
250.65000000000003,1962.75511102406
250.75000000000003,1966.5737748735432
250.85000000000002,1952.780106056477
250.95000000000002,1963.3454906808681
251.05,1958.2457519642087
251.15000000000003,1960.1206154381855
251.25000000000003,1962.657568407274
251.35000000000002,1956.3211048179214
251.45000000000002,1968.6490626955688
251.55,1957.536287965175
251.65000000000003,1970.400508926145
251.75000000000003,1973.7886877290466
251.85000000000002,1960.590803297204
251.95000000000002,1971.8044237339639
252.05,1965.0907437833455
252.15000000000003,1967.4990715161953
252.25000000000003,1971.2237566455226
252.35000000000002,1964.9799642521548
252.45000000000002,1975.4240002942545
252.55,1964.956626466534
252.65000000000003,1976.8825438002814
252.75000000000003,1980.110969281861
252.85000000000002,1966.4020680888925
252.95000000000002,1977.4545258214716
253.05,1969.6095043339456
253.15000000000003,1970.9082730072316
253.25000000000003,1977.5655434925545
253.35000000000002,1970.7651467429546
253.45000000000002,1981.4144448337129
253.55,1970.7963989457685
253.65000000000003,1981.6472501915632
253.75000000000003,1984.5503525321917
253.85000000000002,1972.516681616304
253.95000000000002,1984.3175143399835
254.05,1975.2397023147073
254.15000000000003,1977.1938420115562
254.25000000000003,1984.0763581129281
254.35000000000002,1976.7494996930732
254.45000000000002,1985.7163764267889
254.55,1975.4385560615542
254.65000000000003,1986.28127442882
254.75000000000003,1989.1205802736179
254.85000000000002,1977.1308827474327
254.95000000000002,1989.527690661455
255.05,1978.9332684928636
255.15000000000003,1979.8874394914947
255.25000000000003,1988.2546735657015
255.35000000000002,1979.6900126625562
255.45000000000002,1989.6305930828469
255.55,1980.0807272103698
255.65000000000003,1990.3739752779975
255.75000000000003,1993.4487702602123
255.85000000000002,1981.9140801073308
255.95000000000002,1994.624805617182
256.05,1982.0255883986426
256.15000000000003,1994.7934756396605
256.25,1980.4440755012383
256.35,1983.3931363076315
256.45000000000005,1995.6341122683143
256.55,1997.9072137175858
256.65000000000003,1983.788646459867
256.75,1983.2067377134022
256.85,1996.0668018642978
256.95000000000005,1991.9214560221012
257.05,1991.9471017134285
257.15000000000003,1999.1597715566722
257.25,1984.6507768544902
257.35,1986.9532908715364
257.45000000000005,1999.1967883042732
257.55,2001.74407957228
257.65000000000003,1987.9212610463865
257.75,1987.6253627159274
257.85,1999.7597217754653
257.95000000000005,1994.6847062449674
258.05,1994.8550319252963
258.15000000000003,2001.4793498572858
258.25,1987.8573553844305
258.35,1989.477835981449
258.45000000000005,2001.6098195960624
258.55,2004.5124523764546
258.65000000000003,1990.3745273734996
258.75,1989.2811300455744
258.85,2002.0265428809903
258.95000000000005,1996.4163902769383
259.05,1997.911899707881
259.15000000000003,2005.2407741186978
259.25,1990.0856929773647
259.35,1992.0280551108694
259.45000000000005,2003.8102172801784
259.55,2005.7404296925527
259.65000000000003,1992.1994107932626
259.75,1992.0019228376386
259.85,2004.9616328757695
259.95000000000005,1999.6522014466489
260.05,2000.152230135023
260.15000000000003,2007.4317507269295
260.25,1994.038588386985
260.35,1995.1931587728923
260.45000000000005,2008.1332502315377
260.55,2009.7595781819864
260.65000000000003,1996.258111670143
260.75,1994.920941589418
260.85,2007.664723467547
260.95000000000005,2001.8908758658097
261.05,2002.6035632185276
261.15000000000003,2010.0135691202106
261.25,1996.8349499198257
261.35,1998.0101597015612
261.45000000000005,2010.542438929222
261.55,2010.926708474071
261.65000000000003,1997.3909206869462
261.75,1996.2213593394958
261.85,2010.8869679537902
261.95000000000005,2005.1820781331305
262.05,2004.9790447670698
262.15000000000003,2011.802868908048
262.25,1998.313814593479
262.35,1999.215165287934
262.45000000000005,2011.87180803264
262.55,2012.7542509313657
262.65000000000003,1999.385775787155
262.75,1997.6763420055845
262.85,2012.1363445503703
262.95000000000005,2005.9724815874722
263.05,2006.787416811688
263.15000000000003,2012.9127703900765
263.25,1999.0312021678594
263.35,1999.796195312117
263.45000000000005,2014.0541935026047
263.55,2014.7959269667617
263.65000000000003,2001.9468548113214
263.75,1999.5120268885041
263.85,2014.3550166145062
263.95000000000005,2008.491316345179
264.05,2007.587650393128
264.15000000000003,2013.8918662219712
264.25,2001.130145593544
264.35,2001.6681625106612
264.45000000000005,2015.8852691239547
264.55,2015.83250321687
264.65000000000003,2003.2565222515525
264.75,2000.2628524505292
264.85,2015.7490016261095
264.95000000000005,2009.8261007146439
265.05,2009.6583617273177
265.15000000000003,2015.9748220838612
265.25,2003.3380433186924
265.35,2003.1469869826938
265.45000000000005,2018.2754106456787
265.55,2018.2367074331166
265.65000000000003,2004.4209303380512
265.75,2001.3541381738657
265.85,2017.5144487888183
265.95000000000005,2011.0714448429162
266.05,2010.5488012184023
266.15000000000003,2017.1447132886572
266.25,2004.1713169067843
266.35,2003.021206158522
266.45000000000005,2018.4442477495613
266.55,2017.8536369568244
266.65000000000003,2005.5597365069902
266.75,2001.2932954734408
266.85,2018.124717611677
266.95000000000005,2011.0613832754086
267.05,2010.8585890721336
267.15000000000003,2015.931786854974
267.25,2003.1195204608632
267.35,2002.074428246566
267.45000000000005,2018.187063108322
267.55,2016.0141166547378
267.65000000000003,2003.9776066965644
267.75,1999.4168118599678
267.85,2016.9498782515977
267.95000000000005,2009.2858008923936
268.05,2008.763723693523
268.15000000000003,2014.6849760328155
268.25,2002.6250973357617
268.35,2001.2386204533611
268.45000000000005,2017.8716902507588
268.55,2015.79717580097
268.65000000000003,2004.3174393698598
268.75,1998.6899851433789
268.85,2016.0178375048765
268.95000000000005,2008.4061944083303
269.05,2008.3368210628662
269.15000000000003,2014.0292250661837
269.25,2002.4026825797177
269.35,1999.781208119134
269.45000000000005,2017.0026820166584
269.55,2014.4200012051824
269.65000000000003,2002.7326323938662
269.75,1996.9213207735468
269.85,2015.4676470843556
269.95000000000005,2007.5921552491106
270.05,2007.0765600804161
270.15000000000003,2011.8192131487153
270.25,2000.8471867243857
270.35,1997.5899777392822
270.45000000000005,2015.2346612669896
270.55,2011.660576208412
270.65000000000003,2000.5003907347486
270.75,1993.7380568340036
270.85,2013.254252509106
270.95000000000005,2004.4877181765703
271.05,2004.2197176824327
271.15000000000003,2009.0453758380236
271.25,1998.087400455598
271.35,1994.0261548599808
271.45000000000005,2012.7188546845812
271.55,2008.1956387746834
271.65000000000003,1997.2462763054757
271.75,1989.721640175305
271.85,2010.0884859780056
271.95000000000005,2001.1940013147316
272.05,2000.2175507153283
272.15000000000003,2004.7760200837383
272.25,1994.113512572265
272.35,1989.6692668977153
272.45000000000005,2009.329554362273
272.55,2004.6078391810554
272.65000000000003,1994.3311085244382
272.75,1985.991712277803
272.85,2006.9661716655135
272.95000000000005,1997.923166727859
273.05,1997.7484413067127
273.15000000000003,2002.0995076642107
273.25,1991.746963479692
273.35,1985.6841410485918
273.45000000000005,2006.2635279556432
273.55,2001.2808230661246
273.65000000000003,1990.2644320079924
273.75,1981.6874542675896
273.85,2003.4680056689149
273.95000000000005,1993.5493658628482
274.05,1993.43128968167
274.15000000000003,1997.6082165145658
274.25,1987.1791261702629
274.35,1981.3569931054492
274.45000000000005,2001.946485340739
274.55,1996.6612034426112
274.65000000000003,1986.1027838476537
274.75,1977.480953127616
274.85,1999.475897794045
274.95000000000005,1989.587076014681
275.05,1989.2270650967027
275.15000000000003,1993.8695445376118
275.25,1982.7060825077758
275.35,1976.7566436661448
275.45000000000005,1998.3100772472972
275.55,1992.2370351109234
275.65000000000003,1981.297688255647
275.75,1972.699584456621
275.85,1995.2733453265282
275.95000000000005,1985.0632018917481
276.05,1984.92539236836
276.15000000000003,1989.603285637971
276.25,1978.498049758211
276.35,1972.5197997126922
276.45000000000005,1994.98999883197
276.55,1989.5058369412657
276.65000000000003,1978.4602242087242
276.75,1969.3933723791652
276.85,1992.5442050203192
276.95000000000005,1982.3303323176287
277.05,1981.869796562718
277.15000000000003,1986.8518939971134
277.25,1975.469457963309
277.35,1969.4236483475067
277.45000000000005,1992.534320440319
277.55,1986.5411713752897
277.65000000000003,1974.921405652926
277.75,1965.4979913965994
277.85,1989.7917001051776
277.95000000000005,1978.9085119474166
278.05,1978.611535848628
278.15000000000003,1983.663830753009
278.25,1972.2920664849569
278.35,1965.7907975787534
278.45000000000005,1989.50055504398
278.55,1982.9740393001168
278.65000000000003,1971.0868218778367
278.75,1961.041474438588
278.85,1986.176817719304
278.95000000000005,1974.8850958865698
279.05,1974.2952588839712
279.15000000000003,1979.2174727659233
279.25,1966.6834096672749
279.35,1960.0765136603713
279.45000000000005,1984.4874381770928
279.55,1977.969607032567
279.65000000000003,1965.352711420875
279.75,1954.7236899469306
279.85,1980.6223427322375
279.95000000000005,1968.6826444631743
280.05,1967.6452359817858
280.15000000000003,1972.3974732978227
280.25,1959.3615420813715
280.35,1952.2336465366704
280.45000000000005,1977.9147446930328
280.55,1970.3538411202712
280.65000000000003,1957.7089343793941
280.75,1946.5093992233249
280.85,1972.5356846583984
280.95000000000005,1960.1930475184865
281.05,1959.498091295552
281.15000000000003,1964.6369894902691
281.25,1950.6574004600163
281.35,1943.4775912820944
281.45000000000005,1969.201949617634
281.55,1961.6969156821347
281.65000000000003,1947.760489383516
281.75,1936.3861853180074
281.85,1963.8792913646018
281.95000000000005,1950.3475971634975
282.05,1949.4409931377288
282.15000000000003,1954.4179165883836
282.25,1938.859475248791
282.35,1931.5777381256241
282.45000000000005,1958.3091655003936
282.55,1951.3935154307073
282.65000000000003,1935.6181140040287
282.75,1923.9798300906712
282.85,1952.7971568486184
282.95000000000005,1939.1468520774
283.05,1937.9490389635644
283.15000000000003,1943.3769465567505
283.25,1927.2378505889785
283.35,1919.4025742630706
283.45000000000005,1947.2554323290458
283.55,1939.7005549131338
283.65000000000003,1923.9743333412712
283.75,1911.7646843156801
283.85,1940.6838418603752
283.95000000000005,1926.3316550519376
284.05,1924.979431101624
284.15000000000003,1930.1335158627085
284.25,1914.1885896006984
284.35,1906.0401626750972
284.45000000000005,1933.728817417023
284.55,1925.1646255140113
284.65000000000003,1909.0207369613304
284.75,1896.6380641328058
284.85,1924.819001575546
284.95000000000005,1909.8739815908934
285.05,1908.0028218305172
285.15000000000003,1912.4655348798942
285.25,1895.791521143273
285.35,1887.1059774252417
285.45000000000005,1914.8089478546956
285.55,1906.135681318068
285.65000000000003,1888.7517784525774
285.75,1875.7486093650762
285.85,1904.6344075393433
285.95000000000005,1889.4520808515756
286.05,1887.2753897587734
286.15000000000003,1891.4137955183655
286.25,1874.3964536875815
286.35,1865.349904899352
286.45000000000005,1892.9915397730772
286.55,1883.5612384325857
286.65000000000003,1866.2394708068618
286.75,1852.8505892052192
286.85,1882.2224474628686
286.95000000000005,1866.5038135961843
287.05,1863.7310916819192
287.15000000000003,1866.4981900228493
287.25,1848.8060079199895
287.35,1839.0068510180522
287.45000000000005,1866.868530852189
287.55,1856.878942042624
287.65000000000003,1838.7817212458885
287.75,1824.1810366316038
287.85,1852.9024170580144
287.95000000000005,1836.133587114485
288.05,1833.4433329525884
288.15000000000003,1835.9731710306337
288.25,1818.3909304506653
288.35,1806.983289195942
288.45000000000005,1834.7366527920565
288.55,1823.7919550147815
288.65000000000003,1805.1031780345882
288.75,1789.6982879771608
288.85,1818.1585611602025
288.95000000000005,1800.3146164183722
289.05,1796.505387821836
289.15000000000003,1799.236813564592
289.25,1779.8509232797483
289.35,1768.599556981763
289.45000000000005,1795.1500615386706
289.55,1783.2447463348108
289.65000000000003,1764.039672544221
289.75,1747.6603036228134
289.85,1775.9487522176912
289.95000000000005,1757.0318503853682
290.05,1752.1743562574145
290.15000000000003,1753.7597585301253
290.25,1734.0450777024157
290.35,1720.8467097002415
290.45000000000005,1746.669547113325
290.55,1734.2142256715313
290.65000000000003,1714.3486079947313
290.75,1696.2384276662856
290.85,1723.8144126862712
290.95000000000005,1703.5424002409754
291.05,1697.9078779099557
291.15000000000003,1697.6872226435357
291.25,1676.0221990960808
291.35,1661.9950747624916
291.45000000000005,1688.2441209363717
291.55,1673.7486718600103
291.65000000000003,1652.679061948191
291.75,1633.8277331454174
291.85,1660.2210206041657
291.95000000000005,1639.0010126522152
292.05,1631.613027264871
292.15000000000003,1630.4514924682414
292.25,1609.1638717075812
292.35,1593.7173870053425
292.45000000000005,1618.1546720130932
292.55,1602.9600569333588
292.65000000000003,1580.1724571490663
292.75,1560.0805992503022
292.85,1585.112100355982
292.95000000000005,1562.9041502874313
293.05,1554.4035731576457
293.15000000000003,1551.2015218390945
293.25,1528.4677840598288
293.35,1512.0362534947808
293.45000000000005,1534.28551578957
293.55,1516.9196207443993
293.65000000000003,1492.2329005298502
293.75,1471.0318742027405
293.85,1493.5794551110894
293.95000000000005,1469.7802429158348
294.05,1459.209804890668
294.15000000000003,1453.6341025156357
294.25,1429.6813406128379
294.35,1411.0882171644614
294.45000000000005,1429.0978871712048
294.55,1410.667859732014
294.65000000000003,1386.2111936110434
294.75,1361.9562232407684
294.85,1381.9687655205905
294.95000000000005,1355.5609217391893
295.05,1342.6907965124522
295.15000000000003,1333.0460654201333
295.25,1307.6856042368913
295.35,1285.9227751353842
295.45000000000005,1300.6920674829646
295.55,1278.7221929864638
295.65000000000003,1252.4047537144882
295.75,1225.8644106935383
295.85,1237.9452495705361
295.95000000000005,1210.4663976248453
296.05,1193.1736529722339
296.15000000000003,1178.4179273781024
296.25,1151.2169006855659
296.35,1127.5687431505107
296.45000000000005,1134.0478367052397
296.55,1108.7744351461251
296.65000000000003,1079.5700131666515
296.75,1050.9290465050558
296.85,1053.4708292839923
296.95000000000005,1023.1127359973983
297.05,1000.006382872241
297.15000000000003,977.6335850956086
297.25,948.265133637032
297.35,919.2259948249772
297.45000000000005,912.1848142444451
297.55,885.9689995217469
297.65000000000003,858.5289709896988
297.75,831.3049281578542
297.85,820.9693470087979
297.95000000000005,791.3648367713417
298.05,769.2608420595249
298.15000000000003,744.991665088554
298.25,724.1113406281773
298.35,701.8158862024834
298.45000000000005,684.1704815620893
