panel,series,tau_tr_min,probability_density_per_min,fitted_tau_tr_min,contour_length_mm
A,living worms lc 10-21 mm,0.158204,0.472149,1.30458,
A,living worms lc 10-21 mm,0.188764,1.18713,1.30458,
A,living worms lc 10-21 mm,0.225227,0.994943,1.30458,
A,living worms lc 10-21 mm,0.268733,0.833868,1.30458,
A,living worms lc 10-21 mm,0.320643,0.69887,1.30458,
A,living worms lc 10-21 mm,0.38258,0.585727,1.30458,
A,living worms lc 10-21 mm,0.456482,0.818169,1.30458,
A,living worms lc 10-21 mm,0.544659,0.411427,1.30458,
A,living worms lc 10-21 mm,0.649869,0.5747,1.30458,
A,living worms lc 10-21 mm,0.775401,0.385327,1.30458,
A,living worms lc 10-21 mm,0.925183,0.322945,1.30458,
A,living worms lc 10-21 mm,1.1039,0.338328,1.30458,
A,living worms lc 10-21 mm,1.31713,0.170133,1.30458,
A,living worms lc 10-21 mm,1.57156,0.142589,1.30458,
A,living worms lc 10-21 mm,1.87513,0.15934,1.30458,
A,living worms lc 10-21 mm,2.23734,0.367246,1.30458,
A,living worms lc 10-21 mm,2.66952,0.0839429,1.30458,
A,living worms lc 10-21 mm,3.18518,0.0469021,1.30458,
A,living worms lc 10-21 mm,3.80045,0.117927,1.30458,
A,living worms lc 10-21 mm,4.53457,0.0164725,1.30458,
A,living worms lc 10-21 mm,5.4105,0.0138057,1.30458,
A,living worms lc 23-27 mm,0.158204,1.08737,1.87048,
A,living worms lc 23-27 mm,0.225227,0.763795,1.87048,
A,living worms lc 23-27 mm,0.268733,1.28028,1.87048,
A,living worms lc 23-27 mm,0.320643,1.07301,1.87048,
A,living worms lc 23-27 mm,0.38258,0.449649,1.87048,
A,living worms lc 23-27 mm,0.544659,0.631686,1.87048,
A,living worms lc 23-27 mm,0.649869,0.79413,1.87048,
A,living worms lc 23-27 mm,0.925183,0.557815,1.87048,
A,living worms lc 23-27 mm,1.1039,0.155836,1.87048,
A,living worms lc 23-27 mm,1.31713,0.653035,1.87048,
A,living worms lc 23-27 mm,1.57156,0.218925,1.87048,
A,living worms lc 23-27 mm,1.87513,0.183482,1.87048,
A,living worms lc 23-27 mm,2.23734,0.153778,1.87048,
A,living worms lc 23-27 mm,2.66952,0.193323,1.87048,
A,living worms lc 23-27 mm,3.18518,0.0540084,1.87048,
A,living worms lc 23-27 mm,6.45563,0.0266476,1.87048,
A,living worms lc 23-27 mm,7.70264,0.0223335,1.87048,
A,living worms lc 27-34 mm,0.158204,2.61649,1.58161,
A,living worms lc 27-34 mm,0.188764,0.939813,1.58161,
A,living worms lc 27-34 mm,0.225227,0.525109,1.58161,
A,living worms lc 27-34 mm,0.268733,0.880194,1.58161,
A,living worms lc 27-34 mm,0.320643,0.92212,1.58161,
A,living worms lc 27-34 mm,0.38258,0.618267,1.58161,
A,living worms lc 27-34 mm,0.456482,0.518174,1.58161,
A,living worms lc 27-34 mm,0.544659,0.542856,1.58161,
A,living worms lc 27-34 mm,0.649869,1.36491,1.58161,
A,living worms lc 27-34 mm,0.775401,0.762627,1.58161,
A,living worms lc 27-34 mm,0.925183,0.703079,1.58161,
A,living worms lc 27-34 mm,1.1039,0.267843,1.58161,
A,living worms lc 27-34 mm,1.31713,0.0897923,1.58161,
A,living worms lc 27-34 mm,1.57156,0.0376278,1.58161,
A,living worms lc 27-34 mm,1.87513,0.0630721,1.58161,
A,living worms lc 27-34 mm,2.23734,0.105722,1.58161,
A,living worms lc 27-34 mm,2.66952,0.0664548,1.58161,
A,living worms lc 27-34 mm,3.18518,0.0556962,1.58161,
A,living worms lc 27-34 mm,3.80045,0.0622391,1.58161,
A,living worms lc 27-34 mm,6.45563,0.0091601,1.58161,
A,living worms lc 27-34 mm,9.19053,0.00643426,1.58161,
B,model N=40 (lc = 20 mm),0.158204,0.310678,1.35872,
B,model N=40 (lc = 20 mm),0.188764,0.325476,1.35872,
B,model N=40 (lc = 20 mm),0.225227,0.545568,1.35872,
B,model N=40 (lc = 20 mm),0.268733,0.502968,1.35872,
B,model N=40 (lc = 20 mm),0.320643,0.958046,1.35872,
B,model N=40 (lc = 20 mm),0.38258,1.15624,1.35872,
B,model N=40 (lc = 20 mm),0.456482,0.915216,1.35872,
B,model N=40 (lc = 20 mm),0.544659,0.609126,1.35872,
B,model N=40 (lc = 20 mm),0.649869,0.453789,1.35872,
B,model N=40 (lc = 20 mm),0.775401,0.491251,1.35872,
B,model N=40 (lc = 20 mm),0.925183,0.371876,1.35872,
B,model N=40 (lc = 20 mm),1.1039,0.422983,1.35872,
B,model N=40 (lc = 20 mm),1.31713,0.242556,1.35872,
B,model N=40 (lc = 20 mm),1.57156,0.297113,1.35872,
B,model N=40 (lc = 20 mm),1.87513,0.163824,1.35872,
B,model N=40 (lc = 20 mm),2.23734,0.181238,1.35872,
B,model N=40 (lc = 20 mm),2.66952,0.105867,1.35872,
B,model N=40 (lc = 20 mm),3.18518,0.0462929,1.35872,
B,model N=40 (lc = 20 mm),3.80045,0.0355652,1.35872,
B,model N=40 (lc = 20 mm),4.53457,0.0216781,1.35872,
B,model N=40 (lc = 20 mm),5.4105,0.0158975,1.35872,
B,model N=40 (lc = 20 mm),6.45563,0.00761359,1.35872,
B,model N=40 (lc = 20 mm),7.70264,0.00159525,1.35872,
B,model N=40 (lc = 20 mm),9.19053,0.00133699,1.35872,
B,model N=50 (lc = 25 mm),0.158204,0.393457,1.21402,
B,model N=50 (lc = 25 mm),0.188764,0.329759,1.21402,
B,model N=50 (lc = 25 mm),0.225227,0.552746,1.21402,
B,model N=50 (lc = 25 mm),0.268733,0.555912,1.21402,
B,model N=50 (lc = 25 mm),0.320643,0.815348,1.21402,
B,model N=50 (lc = 25 mm),0.38258,1.00875,1.21402,
B,model N=50 (lc = 25 mm),0.456482,1.03635,1.21402,
B,model N=50 (lc = 25 mm),0.544659,0.708569,1.21402,
B,model N=50 (lc = 25 mm),0.649869,0.306506,1.21402,
B,model N=50 (lc = 25 mm),0.775401,0.433493,1.21402,
B,model N=50 (lc = 25 mm),0.925183,0.484418,1.21402,
B,model N=50 (lc = 25 mm),1.1039,0.338328,1.21402,
B,model N=50 (lc = 25 mm),1.31713,0.264651,1.21402,
B,model N=50 (lc = 25 mm),1.57156,0.205962,1.21402,
B,model N=50 (lc = 25 mm),1.87513,0.15934,1.21402,
B,model N=50 (lc = 25 mm),2.23734,0.189187,1.21402,
B,model N=50 (lc = 25 mm),2.66952,0.111924,1.21402,
B,model N=50 (lc = 25 mm),3.18518,0.0977126,1.21402,
B,model N=50 (lc = 25 mm),3.80045,0.0655148,1.21402,
B,model N=50 (lc = 25 mm),4.53457,0.0192179,1.21402,
B,model N=50 (lc = 25 mm),5.4105,0.00920381,1.21402,
B,model N=50 (lc = 25 mm),6.45563,0.00192844,1.21402,
B,model N=50 (lc = 25 mm),7.70264,0.00161624,1.21402,
B,model N=60 (lc = 30 mm),0.158204,0.17169,1.47914,
B,model N=60 (lc = 30 mm),0.188764,0.431685,1.47914,
B,model N=60 (lc = 30 mm),0.225227,0.422097,1.47914,
B,model N=60 (lc = 30 mm),0.268733,1.01075,1.47914,
B,model N=60 (lc = 30 mm),0.320643,0.720047,1.47914,
B,model N=60 (lc = 30 mm),0.38258,1.17145,1.47914,
B,model N=60 (lc = 30 mm),0.456482,0.952051,1.47914,
B,model N=60 (lc = 30 mm),0.544659,0.324155,1.47914,
B,model N=60 (lc = 30 mm),0.649869,0.292574,1.47914,
B,model N=60 (lc = 30 mm),0.775401,0.315268,1.47914,
B,model N=60 (lc = 30 mm),0.925183,0.337625,1.47914,
B,model N=60 (lc = 30 mm),1.1039,0.319874,1.47914,
B,model N=60 (lc = 30 mm),1.31713,0.340266,1.47914,
B,model N=60 (lc = 30 mm),1.57156,0.345671,1.47914,
B,model N=60 (lc = 30 mm),1.87513,0.231767,1.47914,
B,model N=60 (lc = 30 mm),2.23734,0.151754,1.47914,
B,model N=60 (lc = 30 mm),2.66952,0.0915741,1.47914,
B,model N=60 (lc = 30 mm),3.18518,0.0682212,1.47914,
B,model N=60 (lc = 30 mm),3.80045,0.053603,1.47914,
B,model N=60 (lc = 30 mm),4.53457,0.032945,1.47914,
B,model N=60 (lc = 30 mm),5.4105,0.0125507,1.47914,
B,model N=60 (lc = 30 mm),6.45563,0.0210376,1.47914,
B,model N=60 (lc = 30 mm),7.70264,0.00176317,1.47914,
B,model N=60 (lc = 30 mm),9.19053,0.00147772,1.47914,
C,living worms lc = 15.4 mm,1.6,,,15.3635
C,living worms lc = 15.4 mm,0.633333,,,15.3635
C,living worms lc = 15.4 mm,2.43333,,,15.3635
C,living worms lc = 15.4 mm,0.4,,,15.3635
C,living worms lc = 15.4 mm,0.733333,,,15.3635
C,living worms lc = 15.4 mm,1.83333,,,15.3635
C,living worms lc = 15.4 mm,0.166667,,,15.3635
C,living worms lc = 15.4 mm,0.7,,,15.3635
C,living worms lc = 15.4 mm,0.3,,,15.3635
C,living worms lc = 15.4 mm,1.16667,,,15.3635
C,living worms lc = 15.4 mm,1,,,15.3635
C,living worms lc = 15.4 mm,2.6,,,15.3635
C,living worms lc = 15.4 mm,0.233333,,,15.3635
C,living worms lc = 15.4 mm,2,,,15.3635
C,living worms lc = 15.4 mm,0.7,,,15.3635
C,living worms lc = 15.4 mm,0.433333,,,15.3635
C,living worms lc = 15.4 mm,5.6,,,15.3635
C,living worms lc = 15.4 mm,3.53333,,,15.3635
C,living worms lc = 15.4 mm,2.3,,,15.3635
C,living worms lc = 15.4 mm,3.23333,,,15.3635
C,living worms lc = 15.4 mm,0.4,,,15.3635
C,living worms lc = 15.4 mm,2.13333,,,15.3635
C,living worms lc = 15.4 mm,2.23333,,,15.3635
C,living worms lc = 15.4 mm,2.3,,,15.3635
C,living worms lc = 15.4 mm,3.83333,,,15.3635
C,living worms lc = 15.4 mm,0.266667,,,15.3635
C,living worms lc = 15.4 mm,0.2,,,15.3635
C,living worms lc = 15.4 mm,4.43333,,,15.3635
C,living worms lc = 15.4 mm,1.33333,,,15.3635
C,living worms lc = 15.4 mm,1.7,,,15.3635
C,living worms lc = 15.4 mm,3.43333,,,15.3635
C,living worms lc = 15.4 mm,2.06667,,,15.3635
C,living worms lc = 15.4 mm,1.3,,,15.3635
C,living worms lc = 15.4 mm,3.76667,,,15.3635
C,living worms lc = 15.4 mm,2.33333,,,15.3635
C,living worms lc = 15.4 mm,0.5,,,15.3635
C,living worms lc = 15.4 mm,2.73333,,,15.3635
C,living worms lc = 15.4 mm,0.5,,,15.3635
C,living worms lc = 15.4 mm,2.06667,,,15.3635
C,living worms lc = 15.4 mm,1,,,15.3635
C,living worms lc = 15.4 mm,0.266667,,,15.3635
C,living worms lc = 15.4 mm,1.06667,,,15.3635
C,living worms lc = 15.4 mm,2.33333,,,15.3635
C,living worms lc = 15.4 mm,0.566667,,,15.3635
C,living worms lc = 15.4 mm,3.8,,,15.3635
C,living worms lc = 15.4 mm,2.36667,,,15.3635
C,living worms lc = 15.4 mm,1.03333,,,15.3635
C,living worms lc = 17.9 mm,0.633333,,,17.8606
C,living worms lc = 17.9 mm,1.16667,,,17.8606
C,living worms lc = 17.9 mm,0.2,,,17.8606
C,living worms lc = 17.9 mm,0.333333,,,17.8606
C,living worms lc = 17.9 mm,1.4,,,17.8606
C,living worms lc = 17.9 mm,1.93333,,,17.8606
C,living worms lc = 17.9 mm,0.266667,,,17.8606
C,living worms lc = 17.9 mm,0.4,,,17.8606
C,living worms lc = 17.9 mm,2.63333,,,17.8606
C,living worms lc = 17.9 mm,0.2,,,17.8606
C,living worms lc = 17.9 mm,0.233333,,,17.8606
C,living worms lc = 17.9 mm,3.66667,,,17.8606
C,living worms lc = 17.9 mm,0.466667,,,17.8606
C,living worms lc = 17.9 mm,0.7,,,17.8606
C,living worms lc = 17.9 mm,1,,,17.8606
C,living worms lc = 17.9 mm,1.73333,,,17.8606
C,living worms lc = 21.3 mm,0.433333,,,21.3087
C,living worms lc = 21.3 mm,1.53333,,,21.3087
C,living worms lc = 21.3 mm,1.1,,,21.3087
C,living worms lc = 21.3 mm,0.433333,,,21.3087
C,living worms lc = 21.3 mm,0.333333,,,21.3087
C,living worms lc = 21.3 mm,0.233333,,,21.3087
C,living worms lc = 21.3 mm,3.8,,,21.3087
C,living worms lc = 21.3 mm,0.466667,,,21.3087
C,living worms lc = 21.3 mm,0.833333,,,21.3087
C,living worms lc = 21.3 mm,0.8,,,21.3087
C,living worms lc = 21.3 mm,0.766667,,,21.3087
C,living worms lc = 21.3 mm,0.866667,,,21.3087
C,living worms lc = 21.3 mm,2.3,,,21.3087
C,living worms lc = 21.3 mm,1.83333,,,21.3087
C,living worms lc = 21.3 mm,0.466667,,,21.3087
C,living worms lc = 21.3 mm,2.46667,,,21.3087
C,living worms lc = 21.3 mm,0.233333,,,21.3087
C,living worms lc = 21.3 mm,0.266667,,,21.3087
C,living worms lc = 21.3 mm,0.8,,,21.3087
C,living worms lc = 21.3 mm,1.2,,,21.3087
C,living worms lc = 21.3 mm,1.43333,,,21.3087
C,living worms lc = 21.3 mm,1.9,,,21.3087
C,living worms lc = 21.3 mm,0.8,,,21.3087
C,living worms lc = 21.3 mm,0.166667,,,21.3087
C,living worms lc = 21.3 mm,0.2,,,21.3087
C,living worms lc = 21.3 mm,0.966667,,,21.3087
C,living worms lc = 21.3 mm,0.6,,,21.3087
C,living worms lc = 21.3 mm,0.2,,,21.3087
C,living worms lc = 21.3 mm,3.23333,,,21.3087
C,living worms lc = 21.3 mm,1.5,,,21.3087
C,living worms lc = 21.3 mm,0.7,,,21.3087
C,living worms lc = 21.3 mm,0.533333,,,21.3087
C,living worms lc = 21.3 mm,1.33333,,,21.3087
C,living worms lc = 24.9 mm,0.6,,,24.9221
C,living worms lc = 24.9 mm,0.4,,,24.9221
C,living worms lc = 24.9 mm,1.3,,,24.9221
C,living worms lc = 24.9 mm,2.56667,,,24.9221
C,living worms lc = 24.9 mm,2.1,,,24.9221
C,living worms lc = 24.9 mm,1.66667,,,24.9221
C,living worms lc = 24.9 mm,0.233333,,,24.9221
C,living worms lc = 24.9 mm,1.33333,,,24.9221
C,living worms lc = 24.9 mm,0.5,,,24.9221
C,living worms lc = 24.9 mm,1.23333,,,24.9221
C,living worms lc = 24.9 mm,0.3,,,24.9221
C,living worms lc = 24.9 mm,3.1,,,24.9221
C,living worms lc = 24.9 mm,0.166667,,,24.9221
C,living worms lc = 24.9 mm,0.866667,,,24.9221
C,living worms lc = 24.9 mm,7.1,,,24.9221
C,living worms lc = 24.9 mm,1.9,,,24.9221
C,living worms lc = 24.9 mm,1.7,,,24.9221
C,living worms lc = 24.9 mm,1.26667,,,24.9221
C,living worms lc = 24.9 mm,1.83333,,,24.9221
C,living worms lc = 24.9 mm,2.36667,,,24.9221
C,living worms lc = 24.9 mm,0.7,,,24.9221
C,living worms lc = 24.9 mm,2.46667,,,24.9221
C,living worms lc = 24.9 mm,0.266667,,,24.9221
C,living worms lc = 24.9 mm,0.266667,,,24.9221
C,living worms lc = 24.9 mm,0.966667,,,24.9221
C,living worms lc = 24.9 mm,2.5,,,24.9221
C,living worms lc = 24.9 mm,0.333333,,,24.9221
C,living worms lc = 24.9 mm,0.866667,,,24.9221
C,living worms lc = 24.9 mm,6.4,,,24.9221
C,living worms lc = 24.9 mm,1.06667,,,24.9221
C,living worms lc = 24.9 mm,1.33333,,,24.9221
C,living worms lc = 24.9 mm,0.6,,,24.9221
C,living worms lc = 24.9 mm,0.533333,,,24.9221
C,living worms lc = 30.7 mm,0.933333,,,30.7063
C,living worms lc = 30.7 mm,2.2,,,30.7063
C,living worms lc = 30.7 mm,0.6,,,30.7063
C,living worms lc = 30.7 mm,0.266667,,,30.7063
C,living worms lc = 30.7 mm,0.7,,,30.7063
C,living worms lc = 30.7 mm,0.233333,,,30.7063
C,living worms lc = 30.7 mm,0.266667,,,30.7063
C,living worms lc = 30.7 mm,0.933333,,,30.7063
C,living worms lc = 30.7 mm,0.8,,,30.7063
C,living worms lc = 30.7 mm,1.23333,,,30.7063
C,living worms lc = 30.7 mm,1.03333,,,30.7063
C,living worms lc = 30.7 mm,0.6,,,30.7063
C,living worms lc = 30.7 mm,0.333333,,,30.7063
C,living worms lc = 30.7 mm,0.166667,,,30.7063
C,living worms lc = 30.7 mm,0.833333,,,30.7063
C,living worms lc = 30.7 mm,1.16667,,,30.7063
C,living worms lc = 30.7 mm,0.4,,,30.7063
C,living worms lc = 30.7 mm,0.433333,,,30.7063
C,living worms lc = 30.7 mm,0.466667,,,30.7063
C,living worms lc = 30.7 mm,0.3,,,30.7063
C,living worms lc = 30.7 mm,0.533333,,,30.7063
C,living worms lc = 30.7 mm,2.36667,,,30.7063
C,living worms lc = 30.7 mm,0.633333,,,30.7063
C,living worms lc = 30.7 mm,0.633333,,,30.7063
C,living worms lc = 30.7 mm,0.5,,,30.7063
C,living worms lc = 30.7 mm,0.4,,,30.7063
C,living worms lc = 30.7 mm,0.6,,,30.7063
C,living worms lc = 30.7 mm,1.1,,,30.7063
C,living worms lc = 30.7 mm,0.366667,,,30.7063
C,living worms lc = 30.7 mm,0.433333,,,30.7063
C,living worms lc = 30.7 mm,0.5,,,30.7063
C,living worms lc = 30.7 mm,0.166667,,,30.7063
C,living worms lc = 30.7 mm,0.266667,,,30.7063
C,living worms lc = 30.7 mm,0.266667,,,30.7063
C,living worms lc = 30.7 mm,0.966667,,,30.7063
C,living worms lc = 30.7 mm,0.6,,,30.7063
C,living worms lc = 30.7 mm,0.766667,,,30.7063
C,living worms lc = 30.7 mm,0.5,,,30.7063
C,living worms lc = 30.7 mm,2.9,,,30.7063
C,living worms lc = 30.7 mm,1.06667,,,30.7063
C,living worms lc = 30.7 mm,0.733333,,,30.7063
C,living worms lc = 30.7 mm,6.96667,,,30.7063
C,living worms lc = 30.7 mm,2.46667,,,30.7063
C,living worms lc = 30.7 mm,2.06667,,,30.7063
C,living worms lc = 30.7 mm,1,,,30.7063
C,living worms lc = 30.7 mm,0.166667,,,30.7063
C,living worms lc = 30.7 mm,9.8,,,30.7063
C,living worms lc = 30.7 mm,2.96667,,,30.7063
C,living worms lc = 30.7 mm,3,,,30.7063
C,living worms lc = 30.7 mm,0.7,,,30.7063
C,living worms lc = 30.7 mm,0.2,,,30.7063
C,living worms lc = 30.7 mm,3.73333,,,30.7063
C,living worms lc = 30.7 mm,0.7,,,30.7063
C,living worms lc = 30.7 mm,2,,,30.7063
C,living worms lc = 30.7 mm,0.9,,,30.7063
C,living worms lc = 30.7 mm,3.53333,,,30.7063
C,living worms lc = 30.7 mm,0.9,,,30.7063
C,living worms lc = 30.7 mm,0.666667,,,30.7063
C,living worms lc = 33.5 mm,0.166667,,,33.4755
C,living worms lc = 33.5 mm,3.73333,,,33.4755
C,living worms lc = 33.5 mm,0.633333,,,33.4755
C,living worms lc = 33.5 mm,0.6,,,33.4755
C,living worms lc = 33.5 mm,0.966667,,,33.4755
C,living worms lc = 33.5 mm,0.333333,,,33.4755
C,living worms lc = 33.5 mm,1.23333,,,33.4755
C,living worms lc = 33.5 mm,0.4,,,33.4755
C,living worms lc = 33.5 mm,0.766667,,,33.4755
C,living worms lc = 33.5 mm,4.06667,,,33.4755
C,living worms lc = 33.5 mm,2.7,,,33.4755
C,living worms lc = 33.5 mm,1.06667,,,33.4755
C,living worms lc = 33.5 mm,3.36667,,,33.4755
C,living worms lc = 33.5 mm,0.966667,,,33.4755
C,living worms lc = 33.5 mm,0.666667,,,33.4755
C,living worms lc = 33.5 mm,1.96667,,,33.4755
C,living worms lc = 33.5 mm,0.2,,,33.4755
C,living worms lc = 33.5 mm,0.866667,,,33.4755
C,living worms lc = 33.5 mm,0.466667,,,33.4755
C,living worms lc = 33.5 mm,0.166667,,,33.4755
C,living worms lc = 33.5 mm,0.6,,,33.4755
C,living worms lc = 33.5 mm,0.166667,,,33.4755
C,living worms lc = 33.5 mm,0.833333,,,33.4755
C,living worms lc = 33.5 mm,0.333333,,,33.4755
C,living worms lc = 33.5 mm,0.333333,,,33.4755
C,living worms lc = 33.5 mm,0.2,,,33.4755
C,living worms lc = 33.5 mm,0.833333,,,33.4755
C,living worms lc = 33.5 mm,0.166667,,,33.4755
C,living worms lc = 33.5 mm,0.233333,,,33.4755
C,living worms lc = 33.5 mm,0.833333,,,33.4755
C,living worms lc = 33.5 mm,0.833333,,,33.4755
C,living worms lc = 33.5 mm,0.566667,,,33.4755
C,living worms lc = 33.5 mm,2.2,,,33.4755
C,living worms lc = 33.5 mm,0.7,,,33.4755
C,living worms lc = 33.5 mm,0.966667,,,33.4755
C,living worms lc = 33.5 mm,0.833333,,,33.4755
C,living worms lc = 33.5 mm,0.966667,,,33.4755
C,living worms lc = 33.5 mm,1.46667,,,33.4755
C,living worms lc = 33.5 mm,0.7,,,33.4755
C,living worms lc = 33.5 mm,0.266667,,,33.4755
C,living worms lc = 33.5 mm,0.166667,,,33.4755
C,living worms lc = 33.5 mm,1.06667,,,33.4755
C,living worms lc = 33.5 mm,0.666667,,,33.4755
C,living worms lc = 33.5 mm,0.9,,,33.4755
C,living worms lc = 33.5 mm,0.766667,,,33.4755
C,living worms lc = 33.5 mm,0.366667,,,33.4755
C,living worms lc = 33.5 mm,0.9,,,33.4755
C,living worms lc = 33.5 mm,0.566667,,,33.4755
C,living worms lc = 33.5 mm,0.333333,,,33.4755
C,living worms lc = 33.5 mm,0.533333,,,33.4755
C,living worms lc = 33.5 mm,0.933333,,,33.4755
C,living worms lc = 33.5 mm,0.366667,,,33.4755
C,living worms lc = 35.8 mm,5.6,,,35.8233
C,living worms lc = 35.8 mm,0.866667,,,35.8233
C,living worms lc = 35.8 mm,0.5,,,35.8233
C,living worms lc = 35.8 mm,0.8,,,35.8233
C,living worms lc = 35.8 mm,0.2,,,35.8233
C,living worms lc = 35.8 mm,1.16667,,,35.8233
C,living worms lc = 35.8 mm,0.166667,,,35.8233
C,living worms lc = 35.8 mm,0.2,,,35.8233
C,living worms lc = 35.8 mm,0.233333,,,35.8233
C,living worms lc = 35.8 mm,0.166667,,,35.8233
C,living worms lc = 35.8 mm,0.633333,,,35.8233
C,living worms lc = 35.8 mm,0.533333,,,35.8233
C,living worms lc = 35.8 mm,0.5,,,35.8233
C,living worms lc = 35.8 mm,0.2,,,35.8233
C,living worms lc = 35.8 mm,0.166667,,,35.8233
C,living worms lc = 35.8 mm,0.666667,,,35.8233
C,living worms lc = 35.8 mm,0.366667,,,35.8233
C,living worms lc = 35.8 mm,3.5,,,35.8233
C,living worms lc = 35.8 mm,1.13333,,,35.8233
C,living worms lc = 35.8 mm,0.4,,,35.8233
C,living worms lc = 35.8 mm,0.933333,,,35.8233
C,living worms lc = 35.8 mm,0.2,,,35.8233
C,living worms lc = 35.8 mm,0.433333,,,35.8233
C,living worms lc = 35.8 mm,0.266667,,,35.8233
C,living worms lc = 35.8 mm,0.4,,,35.8233
C,living worms lc = 35.8 mm,0.166667,,,35.8233
C,living worms lc = 35.8 mm,0.633333,,,35.8233
C,living worms lc = 35.8 mm,0.566667,,,35.8233
C,living worms lc = 35.8 mm,0.266667,,,35.8233
C,living worms lc = 35.8 mm,0.266667,,,35.8233
C,living worms lc = 35.8 mm,0.266667,,,35.8233
C,living worms lc = 35.8 mm,0.833333,,,35.8233
C,living worms lc = 35.8 mm,0.4,,,35.8233
C,living worms lc = 35.8 mm,0.4,,,35.8233
C,living worms lc = 35.8 mm,0.433333,,,35.8233
C,living worms lc = 35.8 mm,0.366667,,,35.8233
C,living worms lc = 35.8 mm,0.433333,,,35.8233
C,living worms lc = 35.8 mm,0.166667,,,35.8233
C,living worms lc = 35.8 mm,0.566667,,,35.8233
C,living worms lc = 35.8 mm,0.2,,,35.8233
C,living worms lc = 35.8 mm,0.266667,,,35.8233
C,living worms lc = 35.8 mm,0.5,,,35.8233
C,living worms lc = 35.8 mm,0.166667,,,35.8233
C,model N=40,0.683333,,,22.5
C,model N=40,2.88333,,,22.5
C,model N=40,2.05,,,22.5
C,model N=40,0.383333,,,22.5
C,model N=40,1.93333,,,22.5
C,model N=40,0.3,,,22.5
C,model N=40,1.43333,,,22.5
C,model N=40,0.4,,,22.5
C,model N=40,1.33333,,,22.5
C,model N=40,1.58333,,,22.5
C,model N=40,0.883333,,,22.5
C,model N=40,0.666667,,,22.5
C,model N=40,1.76667,,,22.5
C,model N=40,1.06667,,,22.5
C,model N=40,1.98333,,,22.5
C,model N=40,4.1,,,22.5
C,model N=40,0.416667,,,22.5
C,model N=40,1.15,,,22.5
C,model N=40,0.55,,,22.5
C,model N=40,0.166667,,,22.5
C,model N=40,0.466667,,,22.5
C,model N=40,4.08333,,,22.5
C,model N=40,0.283333,,,22.5
C,model N=40,0.216667,,,22.5
C,model N=40,1.28333,,,22.5
C,model N=40,1.08333,,,22.5
C,model N=40,1.98333,,,22.5
C,model N=40,1.51667,,,22.5
C,model N=40,0.333333,,,22.5
C,model N=40,0.783333,,,22.5
C,model N=40,0.216667,,,22.5
C,model N=40,3.16667,,,22.5
C,model N=40,1.18333,,,22.5
C,model N=40,1.35,,,22.5
C,model N=40,1.25,,,22.5
C,model N=40,2.63333,,,22.5
C,model N=40,0.65,,,22.5
C,model N=40,0.433333,,,22.5
C,model N=40,1.41667,,,22.5
C,model N=40,1.41667,,,22.5
C,model N=40,1,,,22.5
C,model N=40,1.55,,,22.5
C,model N=40,1.58333,,,22.5
C,model N=40,0.666667,,,22.5
C,model N=40,2.5,,,22.5
C,model N=40,2.06667,,,22.5
C,model N=40,0.3,,,22.5
C,model N=40,0.2,,,22.5
C,model N=40,0.516667,,,22.5
C,model N=40,0.466667,,,22.5
C,model N=40,2.11667,,,22.5
C,model N=40,6.13333,,,22.5
C,model N=40,1.58333,,,22.5
C,model N=40,0.766667,,,22.5
C,model N=40,2.68333,,,22.5
C,model N=40,0.716667,,,22.5
C,model N=40,3.38333,,,22.5
C,model N=40,0.316667,,,22.5
C,model N=40,1.1,,,22.5
C,model N=40,0.883333,,,22.5
C,model N=40,0.5,,,22.5
C,model N=40,0.883333,,,22.5
C,model N=40,0.583333,,,22.5
C,model N=40,0.333333,,,22.5
C,model N=40,2.2,,,22.5
C,model N=40,0.85,,,22.5
C,model N=40,1.66667,,,22.5
C,model N=40,0.4,,,22.5
C,model N=40,1.88333,,,22.5
C,model N=40,0.4,,,22.5
C,model N=40,0.333333,,,22.5
C,model N=40,0.383333,,,22.5
C,model N=40,1.1,,,22.5
C,model N=40,3.71667,,,22.5
C,model N=40,0.816667,,,22.5
C,model N=40,4.18333,,,22.5
C,model N=40,1.05,,,22.5
C,model N=40,1.08333,,,22.5
C,model N=40,0.616667,,,22.5
C,model N=40,0.95,,,22.5
C,model N=40,0.466667,,,22.5
C,model N=40,1.3,,,22.5
C,model N=40,1.18333,,,22.5
C,model N=40,0.3,,,22.5
C,model N=40,0.4,,,22.5
C,model N=40,0.583333,,,22.5
C,model N=40,1.3,,,22.5
C,model N=40,1.45,,,22.5
C,model N=40,1.5,,,22.5
C,model N=40,1.08333,,,22.5
C,model N=40,3.93333,,,22.5
C,model N=40,0.85,,,22.5
C,model N=40,0.783333,,,22.5
C,model N=40,0.416667,,,22.5
C,model N=40,0.516667,,,22.5
C,model N=40,0.45,,,22.5
C,model N=40,1.88333,,,22.5
C,model N=40,1.21667,,,22.5
C,model N=40,0.866667,,,22.5
C,model N=40,4.76667,,,22.5
C,model N=40,0.983333,,,22.5
C,model N=40,4.21667,,,22.5
C,model N=40,2.81667,,,22.5
C,model N=40,0.55,,,22.5
C,model N=40,0.4,,,22.5
C,model N=40,1.53333,,,22.5
C,model N=40,1.91667,,,22.5
C,model N=40,1.76667,,,22.5
C,model N=40,1.56667,,,22.5
C,model N=40,0.316667,,,22.5
C,model N=40,0.35,,,22.5
C,model N=40,0.666667,,,22.5
C,model N=40,0.416667,,,22.5
C,model N=40,1.1,,,22.5
C,model N=40,4.93333,,,22.5
C,model N=40,1.2,,,22.5
C,model N=40,1.1,,,22.5
C,model N=40,0.183333,,,22.5
C,model N=40,0.666667,,,22.5
C,model N=40,0.233333,,,22.5
C,model N=40,0.316667,,,22.5
C,model N=40,1.11667,,,22.5
C,model N=40,3.4,,,22.5
C,model N=40,1.36667,,,22.5
C,model N=40,0.483333,,,22.5
C,model N=40,0.833333,,,22.5
C,model N=40,4.63333,,,22.5
C,model N=40,0.616667,,,22.5
C,model N=40,0.95,,,22.5
C,model N=40,6.1,,,22.5
C,model N=40,0.266667,,,22.5
C,model N=40,1.66667,,,22.5
C,model N=40,2.05,,,22.5
C,model N=40,1.9,,,22.5
C,model N=40,2.46667,,,22.5
C,model N=40,0.35,,,22.5
C,model N=40,0.616667,,,22.5
C,model N=40,1.21667,,,22.5
C,model N=40,0.2,,,22.5
C,model N=40,2.06667,,,22.5
C,model N=40,0.566667,,,22.5
C,model N=40,0.433333,,,22.5
C,model N=40,2.41667,,,22.5
C,model N=40,0.45,,,22.5
C,model N=40,0.783333,,,22.5
C,model N=40,0.733333,,,22.5
C,model N=40,0.883333,,,22.5
C,model N=40,0.166667,,,22.5
C,model N=40,0.833333,,,22.5
C,model N=40,4.21667,,,22.5
C,model N=40,1.85,,,22.5
C,model N=40,0.65,,,22.5
C,model N=40,0.683333,,,22.5
C,model N=40,1.28333,,,22.5
C,model N=40,1.2,,,22.5
C,model N=40,1.38333,,,22.5
C,model N=40,2.45,,,22.5
C,model N=40,1.51667,,,22.5
C,model N=40,2.93333,,,22.5
C,model N=40,3.63333,,,22.5
C,model N=40,0.316667,,,22.5
C,model N=40,1.06667,,,22.5
C,model N=40,2.4,,,22.5
C,model N=40,2.05,,,22.5
C,model N=40,0.783333,,,22.5
C,model N=40,2.63333,,,22.5
C,model N=40,2.08333,,,22.5
C,model N=40,2.21667,,,22.5
C,model N=40,0.9,,,22.5
C,model N=40,1.98333,,,22.5
C,model N=40,0.433333,,,22.5
C,model N=40,0.45,,,22.5
C,model N=40,1.45,,,22.5
C,model N=40,0.35,,,22.5
C,model N=40,0.866667,,,22.5
C,model N=40,0.55,,,22.5
C,model N=40,1.45,,,22.5
C,model N=40,0.433333,,,22.5
C,model N=40,0.816667,,,22.5
C,model N=40,0.383333,,,22.5
C,model N=40,2.76667,,,22.5
C,model N=40,0.433333,,,22.5
C,model N=40,0.333333,,,22.5
C,model N=40,0.25,,,22.5
C,model N=40,1.06667,,,22.5
C,model N=40,0.533333,,,22.5
C,model N=40,1.48333,,,22.5
C,model N=40,0.283333,,,22.5
C,model N=40,0.483333,,,22.5
C,model N=40,1.46667,,,22.5
C,model N=40,0.5,,,22.5
C,model N=40,0.466667,,,22.5
C,model N=40,1.95,,,22.5
C,model N=40,1,,,22.5
C,model N=40,0.35,,,22.5
C,model N=40,1.48333,,,22.5
C,model N=40,0.833333,,,22.5
C,model N=40,1.18333,,,22.5
C,model N=40,1.33333,,,22.5
C,model N=40,0.683333,,,22.5
C,model N=40,0.333333,,,22.5
C,model N=40,0.516667,,,22.5
C,model N=40,0.583333,,,22.5
C,model N=40,2.78333,,,22.5
C,model N=40,1.78333,,,22.5
C,model N=40,0.283333,,,22.5
C,model N=40,2.53333,,,22.5
C,model N=40,1.43333,,,22.5
C,model N=40,1.25,,,22.5
C,model N=40,3.31667,,,22.5
C,model N=40,0.75,,,22.5
C,model N=40,0.816667,,,22.5
C,model N=40,0.433333,,,22.5
C,model N=40,0.383333,,,22.5
C,model N=40,0.3,,,22.5
C,model N=40,2.68333,,,22.5
C,model N=40,0.866667,,,22.5
C,model N=40,0.916667,,,22.5
C,model N=40,1.16667,,,22.5
C,model N=40,0.216667,,,22.5
C,model N=40,0.333333,,,22.5
C,model N=40,1.11667,,,22.5
C,model N=40,0.383333,,,22.5
C,model N=40,4.76667,,,22.5
C,model N=40,3.05,,,22.5
C,model N=40,0.216667,,,22.5
C,model N=40,2.13333,,,22.5
C,model N=40,2.26667,,,22.5
C,model N=40,0.933333,,,22.5
C,model N=40,0.416667,,,22.5
C,model N=40,2.18333,,,22.5
C,model N=40,1.28333,,,22.5
C,model N=40,1,,,22.5
C,model N=40,1.33333,,,22.5
C,model N=40,1.15,,,22.5
C,model N=40,3.11667,,,22.5
C,model N=40,0.4,,,22.5
C,model N=40,0.816667,,,22.5
C,model N=40,0.783333,,,22.5
C,model N=40,0.283333,,,22.5
C,model N=40,2.83333,,,22.5
C,model N=40,0.783333,,,22.5
C,model N=40,1.5,,,22.5
C,model N=40,1.5,,,22.5
C,model N=40,2.23333,,,22.5
C,model N=40,1.48333,,,22.5
C,model N=40,1.61667,,,22.5
C,model N=40,4.71667,,,22.5
C,model N=40,0.383333,,,22.5
C,model N=40,2.65,,,22.5
C,model N=40,0.516667,,,22.5
C,model N=40,0.166667,,,22.5
C,model N=40,0.466667,,,22.5
C,model N=40,1.46667,,,22.5
C,model N=40,0.283333,,,22.5
C,model N=40,2.8,,,22.5
C,model N=40,1.53333,,,22.5
C,model N=40,0.333333,,,22.5
C,model N=40,1.45,,,22.5
C,model N=40,2.1,,,22.5
C,model N=40,1.13333,,,22.5
C,model N=40,0.516667,,,22.5
C,model N=40,0.5,,,22.5
C,model N=40,2.41667,,,22.5
C,model N=40,1.16667,,,22.5
C,model N=40,0.5,,,22.5
C,model N=40,0.916667,,,22.5
C,model N=40,0.433333,,,22.5
C,model N=40,0.8,,,22.5
C,model N=40,0.883333,,,22.5
C,model N=40,1.66667,,,22.5
C,model N=40,3.46667,,,22.5
C,model N=40,1.53333,,,22.5
C,model N=40,1.03333,,,22.5
C,model N=40,0.3,,,22.5
C,model N=40,5.88333,,,22.5
C,model N=40,0.566667,,,22.5
C,model N=40,1.78333,,,22.5
C,model N=40,1.86667,,,22.5
C,model N=40,0.45,,,22.5
C,model N=40,1.05,,,22.5
C,model N=40,1.1,,,22.5
C,model N=40,0.433333,,,22.5
C,model N=40,1.26667,,,22.5
C,model N=40,0.433333,,,22.5
C,model N=40,2.51667,,,22.5
C,model N=40,1.61667,,,22.5
C,model N=40,0.35,,,22.5
C,model N=40,0.833333,,,22.5
C,model N=40,1.03333,,,22.5
C,model N=40,0.666667,,,22.5
C,model N=40,4.1,,,22.5
C,model N=40,1.06667,,,22.5
C,model N=40,2.3,,,22.5
C,model N=40,0.433333,,,22.5
C,model N=40,2.33333,,,22.5
C,model N=40,0.25,,,22.5
C,model N=40,0.316667,,,22.5
C,model N=40,2.11667,,,22.5
C,model N=40,0.833333,,,22.5
C,model N=40,1.75,,,22.5
C,model N=40,1.38333,,,22.5
C,model N=40,0.75,,,22.5
C,model N=40,0.55,,,22.5
C,model N=40,0.783333,,,22.5
C,model N=40,0.4,,,22.5
C,model N=40,2.33333,,,22.5
C,model N=40,0.333333,,,22.5
C,model N=40,3.35,,,22.5
C,model N=40,1.36667,,,22.5
C,model N=40,5.88333,,,22.5
C,model N=40,0.233333,,,22.5
C,model N=40,1.36667,,,22.5
C,model N=40,1.45,,,22.5
C,model N=40,2.56667,,,22.5
C,model N=40,1.68333,,,22.5
C,model N=40,1.93333,,,22.5
C,model N=40,0.4,,,22.5
C,model N=40,0.35,,,22.5
C,model N=40,2.4,,,22.5
C,model N=40,0.2,,,22.5
C,model N=40,1.46667,,,22.5
C,model N=40,1,,,22.5
C,model N=40,5.48333,,,22.5
C,model N=40,3.45,,,22.5
C,model N=40,0.816667,,,22.5
C,model N=40,7.15,,,22.5
C,model N=40,0.233333,,,22.5
C,model N=40,2.71667,,,22.5
C,model N=40,2.16667,,,22.5
C,model N=40,2.13333,,,22.5
C,model N=40,2.1,,,22.5
C,model N=40,1.06667,,,22.5
C,model N=40,0.716667,,,22.5
C,model N=40,3.6,,,22.5
C,model N=40,0.866667,,,22.5
C,model N=40,0.35,,,22.5
C,model N=40,2.21667,,,22.5
C,model N=40,0.533333,,,22.5
C,model N=40,0.566667,,,22.5
C,model N=40,0.35,,,22.5
C,model N=40,0.616667,,,22.5
C,model N=40,0.616667,,,22.5
C,model N=40,0.35,,,22.5
C,model N=40,0.566667,,,22.5
C,model N=40,0.45,,,22.5
C,model N=40,1.2,,,22.5
C,model N=40,0.733333,,,22.5
C,model N=40,0.383333,,,22.5
C,model N=40,1.3,,,22.5
C,model N=40,0.616667,,,22.5
C,model N=40,0.316667,,,22.5
C,model N=40,0.4,,,22.5
C,model N=40,2.81667,,,22.5
C,model N=40,3.58333,,,22.5
C,model N=40,2.8,,,22.5
C,model N=40,0.783333,,,22.5
C,model N=40,2.35,,,22.5
C,model N=40,0.4,,,22.5
C,model N=40,0.366667,,,22.5
C,model N=40,0.283333,,,22.5
C,model N=40,0.766667,,,22.5
C,model N=40,0.366667,,,22.5
C,model N=40,1.55,,,22.5
C,model N=40,0.166667,,,22.5
C,model N=40,0.383333,,,22.5
C,model N=40,4.95,,,22.5
C,model N=40,3.46667,,,22.5
C,model N=40,3.78333,,,22.5
C,model N=40,0.216667,,,22.5
C,model N=40,3.23333,,,22.5
C,model N=40,1.18333,,,22.5
C,model N=40,0.633333,,,22.5
C,model N=40,0.466667,,,22.5
C,model N=40,0.433333,,,22.5
C,model N=40,1.81667,,,22.5
C,model N=40,0.466667,,,22.5
C,model N=40,0.933333,,,22.5
C,model N=40,0.6,,,22.5
C,model N=40,0.483333,,,22.5
C,model N=40,2.06667,,,22.5
C,model N=40,1.7,,,22.5
C,model N=40,0.6,,,22.5
C,model N=40,0.383333,,,22.5
C,model N=40,0.633333,,,22.5
C,model N=40,0.216667,,,22.5
C,model N=40,0.416667,,,22.5
C,model N=40,1.08333,,,22.5
C,model N=40,0.366667,,,22.5
C,model N=40,0.316667,,,22.5
C,model N=40,2.65,,,22.5
C,model N=40,1.3,,,22.5
C,model N=40,2.4,,,22.5
C,model N=40,2.03333,,,22.5
C,model N=40,1.51667,,,22.5
C,model N=40,0.433333,,,22.5
C,model N=40,0.866667,,,22.5
C,model N=40,1,,,22.5
C,model N=40,1.1,,,22.5
C,model N=40,1.45,,,22.5
C,model N=40,2.01667,,,22.5
C,model N=40,1.06667,,,22.5
C,model N=40,1.13333,,,22.5
C,model N=40,8.58333,,,22.5
C,model N=40,0.566667,,,22.5
C,model N=40,0.183333,,,22.5
C,model N=40,1.08333,,,22.5
C,model N=40,1.95,,,22.5
C,model N=40,1.31667,,,22.5
C,model N=40,0.35,,,22.5
C,model N=40,1.81667,,,22.5
C,model N=40,1.45,,,22.5
C,model N=40,2.25,,,22.5
C,model N=40,3.11667,,,22.5
C,model N=40,1.55,,,22.5
C,model N=40,2.08333,,,22.5
C,model N=40,0.766667,,,22.5
C,model N=40,5.35,,,22.5
C,model N=40,2.16667,,,22.5
C,model N=40,0.766667,,,22.5
C,model N=40,0.683333,,,22.5
C,model N=40,0.283333,,,22.5
C,model N=40,0.283333,,,22.5
C,model N=40,0.316667,,,22.5
C,model N=40,0.333333,,,22.5
C,model N=40,5.91667,,,22.5
C,model N=40,2.16667,,,22.5
C,model N=40,2.61667,,,22.5
C,model N=40,0.45,,,22.5
C,model N=40,0.433333,,,22.5
C,model N=40,0.316667,,,22.5
C,model N=40,0.383333,,,22.5
C,model N=40,0.9,,,22.5
C,model N=40,0.666667,,,22.5
C,model N=40,0.516667,,,22.5
C,model N=40,0.783333,,,22.5
C,model N=40,2.01667,,,22.5
C,model N=40,5.75,,,22.5
C,model N=40,1.15,,,22.5
C,model N=40,1.36667,,,22.5
C,model N=40,0.933333,,,22.5
C,model N=40,0.866667,,,22.5
C,model N=40,5.35,,,22.5
C,model N=40,3.41667,,,22.5
C,model N=40,0.533333,,,22.5
C,model N=40,0.566667,,,22.5
C,model N=40,0.333333,,,22.5
C,model N=40,0.233333,,,22.5
C,model N=40,0.383333,,,22.5
C,model N=40,0.566667,,,22.5
C,model N=40,1.05,,,22.5
C,model N=40,2.5,,,22.5
C,model N=40,1.35,,,22.5
C,model N=40,0.333333,,,22.5
C,model N=40,6.38333,,,22.5
C,model N=40,0.366667,,,22.5
C,model N=40,0.35,,,22.5
C,model N=40,0.616667,,,22.5
C,model N=40,1.88333,,,22.5
C,model N=40,0.7,,,22.5
C,model N=40,0.8,,,22.5
C,model N=40,1.75,,,22.5
C,model N=50,1.7,,,27.5
C,model N=50,1.13333,,,27.5
C,model N=50,1.1,,,27.5
C,model N=50,2.11667,,,27.5
C,model N=50,0.516667,,,27.5
C,model N=50,0.4,,,27.5
C,model N=50,3.51667,,,27.5
C,model N=50,0.416667,,,27.5
C,model N=50,2.11667,,,27.5
C,model N=50,0.283333,,,27.5
C,model N=50,3.38333,,,27.5
C,model N=50,2.81667,,,27.5
C,model N=50,1.93333,,,27.5
C,model N=50,0.95,,,27.5
C,model N=50,0.983333,,,27.5
C,model N=50,0.45,,,27.5
C,model N=50,2.41667,,,27.5
C,model N=50,0.5,,,27.5
C,model N=50,0.483333,,,27.5
C,model N=50,3.58333,,,27.5
C,model N=50,0.466667,,,27.5
C,model N=50,0.383333,,,27.5
C,model N=50,0.516667,,,27.5
C,model N=50,1.46667,,,27.5
C,model N=50,1.81667,,,27.5
C,model N=50,2.23333,,,27.5
C,model N=50,1.16667,,,27.5
C,model N=50,0.383333,,,27.5
C,model N=50,2.41667,,,27.5
C,model N=50,1.85,,,27.5
C,model N=50,2.55,,,27.5
C,model N=50,1.16667,,,27.5
C,model N=50,0.466667,,,27.5
C,model N=50,0.4,,,27.5
C,model N=50,2.06667,,,27.5
C,model N=50,0.283333,,,27.5
C,model N=50,0.566667,,,27.5
C,model N=50,5.75,,,27.5
C,model N=50,0.8,,,27.5
C,model N=50,1.9,,,27.5
C,model N=50,0.783333,,,27.5
C,model N=50,0.516667,,,27.5
C,model N=50,2.68333,,,27.5
C,model N=50,0.166667,,,27.5
C,model N=50,1.86667,,,27.5
C,model N=50,2.85,,,27.5
C,model N=50,0.5,,,27.5
C,model N=50,0.533333,,,27.5
C,model N=50,1.03333,,,27.5
C,model N=50,0.416667,,,27.5
C,model N=50,0.35,,,27.5
C,model N=50,0.483333,,,27.5
C,model N=50,0.266667,,,27.5
C,model N=50,1.11667,,,27.5
C,model N=50,0.733333,,,27.5
C,model N=50,1.81667,,,27.5
C,model N=50,1.63333,,,27.5
C,model N=50,2.08333,,,27.5
C,model N=50,1.9,,,27.5
C,model N=50,0.416667,,,27.5
C,model N=50,2.98333,,,27.5
C,model N=50,0.4,,,27.5
C,model N=50,0.233333,,,27.5
C,model N=50,0.316667,,,27.5
C,model N=50,0.733333,,,27.5
C,model N=50,2.28333,,,27.5
C,model N=50,1.41667,,,27.5
C,model N=50,1.33333,,,27.5
C,model N=50,3.1,,,27.5
C,model N=50,2.28333,,,27.5
C,model N=50,1.38333,,,27.5
C,model N=50,0.5,,,27.5
C,model N=50,0.416667,,,27.5
C,model N=50,1.23333,,,27.5
C,model N=50,0.166667,,,27.5
C,model N=50,0.233333,,,27.5
C,model N=50,1.18333,,,27.5
C,model N=50,0.45,,,27.5
C,model N=50,0.766667,,,27.5
C,model N=50,1.63333,,,27.5
C,model N=50,0.466667,,,27.5
C,model N=50,0.583333,,,27.5
C,model N=50,5.13333,,,27.5
C,model N=50,1.63333,,,27.5
C,model N=50,0.55,,,27.5
C,model N=50,0.866667,,,27.5
C,model N=50,0.383333,,,27.5
C,model N=50,3.3,,,27.5
C,model N=50,0.533333,,,27.5
C,model N=50,1.7,,,27.5
C,model N=50,1.25,,,27.5
C,model N=50,0.516667,,,27.5
C,model N=50,0.8,,,27.5
C,model N=50,0.233333,,,27.5
C,model N=50,1.23333,,,27.5
C,model N=50,2.96667,,,27.5
C,model N=50,0.483333,,,27.5
C,model N=50,3.96667,,,27.5
C,model N=50,1.26667,,,27.5
C,model N=50,1.83333,,,27.5
C,model N=50,0.3,,,27.5
C,model N=50,1.36667,,,27.5
C,model N=50,3.46667,,,27.5
C,model N=50,1.3,,,27.5
C,model N=50,2.88333,,,27.5
C,model N=50,4.05,,,27.5
C,model N=50,1,,,27.5
C,model N=50,0.233333,,,27.5
C,model N=50,0.35,,,27.5
C,model N=50,0.433333,,,27.5
C,model N=50,0.916667,,,27.5
C,model N=50,0.883333,,,27.5
C,model N=50,2.21667,,,27.5
C,model N=50,0.816667,,,27.5
C,model N=50,3.03333,,,27.5
C,model N=50,0.316667,,,27.5
C,model N=50,2.01667,,,27.5
C,model N=50,0.766667,,,27.5
C,model N=50,0.733333,,,27.5
C,model N=50,1.05,,,27.5
C,model N=50,0.366667,,,27.5
C,model N=50,1.51667,,,27.5
C,model N=50,1.75,,,27.5
C,model N=50,1.45,,,27.5
C,model N=50,0.9,,,27.5
C,model N=50,1.2,,,27.5
C,model N=50,0.516667,,,27.5
C,model N=50,3.78333,,,27.5
C,model N=50,1.41667,,,27.5
C,model N=50,1.61667,,,27.5
C,model N=50,0.316667,,,27.5
C,model N=50,1.05,,,27.5
C,model N=50,0.416667,,,27.5
C,model N=50,0.75,,,27.5
C,model N=50,0.85,,,27.5
C,model N=50,2.71667,,,27.5
C,model N=50,0.933333,,,27.5
C,model N=50,1.1,,,27.5
C,model N=50,2.35,,,27.5
C,model N=50,1.05,,,27.5
C,model N=50,0.766667,,,27.5
C,model N=50,2.68333,,,27.5
C,model N=50,1.48333,,,27.5
C,model N=50,2.95,,,27.5
C,model N=50,0.516667,,,27.5
C,model N=50,1.93333,,,27.5
C,model N=50,0.683333,,,27.5
C,model N=50,1.33333,,,27.5
C,model N=50,1.36667,,,27.5
C,model N=50,0.333333,,,27.5
C,model N=50,1.45,,,27.5
C,model N=50,1.85,,,27.5
C,model N=50,0.433333,,,27.5
C,model N=50,2.31667,,,27.5
C,model N=50,3.01667,,,27.5
C,model N=50,0.433333,,,27.5
C,model N=50,0.983333,,,27.5
C,model N=50,0.166667,,,27.5
C,model N=50,1.23333,,,27.5
C,model N=50,0.216667,,,27.5
C,model N=50,2.86667,,,27.5
C,model N=50,2.78333,,,27.5
C,model N=50,3.51667,,,27.5
C,model N=50,0.416667,,,27.5
C,model N=50,0.466667,,,27.5
C,model N=50,0.883333,,,27.5
C,model N=50,1.55,,,27.5
C,model N=50,0.983333,,,27.5
C,model N=50,0.416667,,,27.5
C,model N=50,0.35,,,27.5
C,model N=50,0.5,,,27.5
C,model N=50,2.46667,,,27.5
C,model N=50,3.15,,,27.5
C,model N=50,0.233333,,,27.5
C,model N=50,1.31667,,,27.5
C,model N=50,0.616667,,,27.5
C,model N=50,1.41667,,,27.5
C,model N=50,3.7,,,27.5
C,model N=50,2.21667,,,27.5
C,model N=50,2.06667,,,27.5
C,model N=50,1.16667,,,27.5
C,model N=50,1.05,,,27.5
C,model N=50,0.333333,,,27.5
C,model N=50,2.83333,,,27.5
C,model N=50,3.71667,,,27.5
C,model N=50,2.05,,,27.5
C,model N=50,2.13333,,,27.5
C,model N=50,0.333333,,,27.5
C,model N=50,0.366667,,,27.5
C,model N=50,1.06667,,,27.5
C,model N=50,0.4,,,27.5
C,model N=50,1.96667,,,27.5
C,model N=50,0.416667,,,27.5
C,model N=50,1.93333,,,27.5
C,model N=50,0.35,,,27.5
C,model N=50,0.233333,,,27.5
C,model N=50,0.566667,,,27.5
C,model N=50,0.8,,,27.5
C,model N=50,1.96667,,,27.5
C,model N=50,0.666667,,,27.5
C,model N=50,0.316667,,,27.5
C,model N=50,0.4,,,27.5
C,model N=50,6.26667,,,27.5
C,model N=50,3.3,,,27.5
C,model N=50,1.8,,,27.5
C,model N=50,1.71667,,,27.5
C,model N=50,3.55,,,27.5
C,model N=50,0.516667,,,27.5
C,model N=50,0.883333,,,27.5
C,model N=50,1.61667,,,27.5
C,model N=50,0.483333,,,27.5
C,model N=50,0.416667,,,27.5
C,model N=50,0.416667,,,27.5
C,model N=50,2.6,,,27.5
C,model N=50,2.26667,,,27.5
C,model N=50,2.88333,,,27.5
C,model N=50,2.66667,,,27.5
C,model N=50,0.883333,,,27.5
C,model N=50,2.25,,,27.5
C,model N=50,0.416667,,,27.5
C,model N=50,0.85,,,27.5
C,model N=50,1.66667,,,27.5
C,model N=50,1.56667,,,27.5
C,model N=50,2.16667,,,27.5
C,model N=50,0.7,,,27.5
C,model N=50,0.55,,,27.5
C,model N=50,0.416667,,,27.5
C,model N=50,2.01667,,,27.5
C,model N=50,0.616667,,,27.5
C,model N=50,0.3,,,27.5
C,model N=50,0.9,,,27.5
C,model N=50,1.85,,,27.5
C,model N=50,0.866667,,,27.5
C,model N=50,0.383333,,,27.5
C,model N=50,0.25,,,27.5
C,model N=50,0.883333,,,27.5
C,model N=50,0.366667,,,27.5
C,model N=50,0.25,,,27.5
C,model N=50,3.41667,,,27.5
C,model N=50,1.08333,,,27.5
C,model N=50,0.95,,,27.5
C,model N=50,1.48333,,,27.5
C,model N=50,2.25,,,27.5
C,model N=50,0.55,,,27.5
C,model N=50,0.883333,,,27.5
C,model N=50,0.916667,,,27.5
C,model N=50,3.61667,,,27.5
C,model N=50,1.16667,,,27.5
C,model N=50,0.433333,,,27.5
C,model N=50,1.01667,,,27.5
C,model N=50,4.55,,,27.5
C,model N=50,0.383333,,,27.5
C,model N=50,0.35,,,27.5
C,model N=50,1.51667,,,27.5
C,model N=50,3.03333,,,27.5
C,model N=50,2.31667,,,27.5
C,model N=50,2.95,,,27.5
C,model N=50,0.9,,,27.5
C,model N=50,4.28333,,,27.5
C,model N=50,1.71667,,,27.5
C,model N=50,0.333333,,,27.5
C,model N=50,0.75,,,27.5
C,model N=50,1.01667,,,27.5
C,model N=50,0.333333,,,27.5
C,model N=50,5.41667,,,27.5
C,model N=50,0.55,,,27.5
C,model N=50,0.35,,,27.5
C,model N=50,0.966667,,,27.5
C,model N=50,3.6,,,27.5
C,model N=50,0.4,,,27.5
C,model N=50,3.18333,,,27.5
C,model N=50,2.06667,,,27.5
C,model N=50,0.3,,,27.5
C,model N=50,1.26667,,,27.5
C,model N=50,0.666667,,,27.5
C,model N=50,0.233333,,,27.5
C,model N=50,0.633333,,,27.5
C,model N=50,2.85,,,27.5
C,model N=50,1.4,,,27.5
C,model N=50,3.11667,,,27.5
C,model N=50,3.43333,,,27.5
C,model N=50,0.2,,,27.5
C,model N=50,0.8,,,27.5
C,model N=50,0.8,,,27.5
C,model N=50,0.45,,,27.5
C,model N=50,0.4,,,27.5
C,model N=50,1.15,,,27.5
C,model N=50,1.55,,,27.5
C,model N=50,3.48333,,,27.5
C,model N=50,0.8,,,27.5
C,model N=50,3.61667,,,27.5
C,model N=50,2.45,,,27.5
C,model N=50,0.416667,,,27.5
C,model N=50,2.35,,,27.5
C,model N=50,0.616667,,,27.5
C,model N=50,3.53333,,,27.5
C,model N=50,0.2,,,27.5
C,model N=50,0.583333,,,27.5
C,model N=50,0.45,,,27.5
C,model N=50,2.85,,,27.5
C,model N=50,3.11667,,,27.5
C,model N=50,3.6,,,27.5
C,model N=50,0.233333,,,27.5
C,model N=50,0.6,,,27.5
C,model N=50,0.533333,,,27.5
C,model N=50,0.316667,,,27.5
C,model N=50,0.433333,,,27.5
C,model N=50,0.7,,,27.5
C,model N=50,0.716667,,,27.5
C,model N=50,2.25,,,27.5
C,model N=50,0.716667,,,27.5
C,model N=50,0.366667,,,27.5
C,model N=50,1.1,,,27.5
C,model N=50,1.61667,,,27.5
C,model N=50,0.4,,,27.5
C,model N=50,0.333333,,,27.5
C,model N=50,1.95,,,27.5
C,model N=50,0.433333,,,27.5
C,model N=50,3.68333,,,27.5
C,model N=50,0.333333,,,27.5
C,model N=50,0.333333,,,27.5
C,model N=50,0.883333,,,27.5
C,model N=50,1.36667,,,27.5
C,model N=50,0.2,,,27.5
C,model N=50,0.383333,,,27.5
C,model N=50,0.8,,,27.5
C,model N=50,2.23333,,,27.5
C,model N=50,0.416667,,,27.5
C,model N=50,2.9,,,27.5
C,model N=50,5.73333,,,27.5
C,model N=50,1.21667,,,27.5
C,model N=50,0.383333,,,27.5
C,model N=50,0.483333,,,27.5
C,model N=50,1.11667,,,27.5
C,model N=50,1.26667,,,27.5
C,model N=50,0.9,,,27.5
C,model N=50,2.08333,,,27.5
C,model N=50,0.55,,,27.5
C,model N=50,0.55,,,27.5
C,model N=50,0.866667,,,27.5
C,model N=50,0.616667,,,27.5
C,model N=50,0.383333,,,27.5
C,model N=50,2.35,,,27.5
C,model N=50,3.28333,,,27.5
C,model N=50,2.26667,,,27.5
C,model N=50,0.2,,,27.5
C,model N=50,1.15,,,27.5
C,model N=50,0.366667,,,27.5
C,model N=50,0.266667,,,27.5
C,model N=50,4,,,27.5
C,model N=50,3.83333,,,27.5
C,model N=50,0.45,,,27.5
C,model N=50,0.933333,,,27.5
C,model N=50,0.333333,,,27.5
C,model N=50,0.716667,,,27.5
C,model N=50,0.25,,,27.5
C,model N=50,0.166667,,,27.5
C,model N=50,0.25,,,27.5
C,model N=50,2.63333,,,27.5
C,model N=50,0.266667,,,27.5
C,model N=50,2.76667,,,27.5
C,model N=50,1.98333,,,27.5
C,model N=50,1.6,,,27.5
C,model N=50,0.833333,,,27.5
C,model N=50,1.3,,,27.5
C,model N=50,0.75,,,27.5
C,model N=50,0.666667,,,27.5
C,model N=50,1.21667,,,27.5
C,model N=50,0.266667,,,27.5
C,model N=50,1.06667,,,27.5
C,model N=50,0.283333,,,27.5
C,model N=50,4.61667,,,27.5
C,model N=50,1.31667,,,27.5
C,model N=50,2.5,,,27.5
C,model N=50,2.25,,,27.5
C,model N=50,3.28333,,,27.5
C,model N=50,0.566667,,,27.5
C,model N=50,0.55,,,27.5
C,model N=50,0.883333,,,27.5
C,model N=50,3.01667,,,27.5
C,model N=50,2.91667,,,27.5
C,model N=50,1.46667,,,27.5
C,model N=50,3.11667,,,27.5
C,model N=50,0.516667,,,27.5
C,model N=50,0.616667,,,27.5
C,model N=50,1.18333,,,27.5
C,model N=50,7.73333,,,27.5
C,model N=50,4.65,,,27.5
C,model N=50,0.6,,,27.5
C,model N=50,2.15,,,27.5
C,model N=50,0.983333,,,27.5
C,model N=50,1.05,,,27.5
C,model N=50,0.366667,,,27.5
C,model N=50,0.716667,,,27.5
C,model N=50,1.48333,,,27.5
C,model N=50,0.533333,,,27.5
C,model N=50,1.15,,,27.5
C,model N=50,0.416667,,,27.5
C,model N=50,0.35,,,27.5
C,model N=50,1.56667,,,27.5
C,model N=50,0.3,,,27.5
C,model N=50,1.23333,,,27.5
C,model N=50,4.15,,,27.5
C,model N=50,1.05,,,27.5
C,model N=50,0.766667,,,27.5
C,model N=50,0.55,,,27.5
C,model N=50,2.93333,,,27.5
C,model N=50,2.15,,,27.5
C,model N=50,1.58333,,,27.5
C,model N=50,0.433333,,,27.5
C,model N=50,2.25,,,27.5
C,model N=50,0.183333,,,27.5
C,model N=50,0.966667,,,27.5
C,model N=50,0.366667,,,27.5
C,model N=50,0.483333,,,27.5
C,model N=50,0.766667,,,27.5
C,model N=50,0.233333,,,27.5
C,model N=50,0.283333,,,27.5
C,model N=50,0.983333,,,27.5
C,model N=50,1.03333,,,27.5
C,model N=50,0.8,,,27.5
C,model N=50,0.7,,,27.5
C,model N=50,1.61667,,,27.5
C,model N=50,2.76667,,,27.5
C,model N=50,2.5,,,27.5
C,model N=50,0.883333,,,27.5
C,model N=50,2.25,,,27.5
C,model N=50,3.33333,,,27.5
C,model N=50,1.85,,,27.5
C,model N=50,1.33333,,,27.5
C,model N=50,0.5,,,27.5
C,model N=50,0.833333,,,27.5
C,model N=50,1.41667,,,27.5
C,model N=50,0.35,,,27.5
C,model N=50,0.166667,,,27.5
C,model N=50,0.933333,,,27.5
C,model N=50,0.616667,,,27.5
C,model N=50,0.333333,,,27.5
C,model N=50,4.85,,,27.5
C,model N=50,2.03333,,,27.5
C,model N=50,2.06667,,,27.5
C,model N=50,0.933333,,,27.5
C,model N=50,0.333333,,,27.5
C,model N=50,0.883333,,,27.5
C,model N=50,4.1,,,27.5
C,model N=50,0.3,,,27.5
C,model N=50,1.21667,,,27.5
C,model N=50,1.16667,,,27.5
C,model N=50,1.6,,,27.5
C,model N=50,0.433333,,,27.5
C,model N=50,0.916667,,,27.5
C,model N=50,3.33333,,,27.5
C,model N=50,0.55,,,27.5
C,model N=50,4.73333,,,27.5
C,model N=50,2.46667,,,27.5
C,model N=50,1.23333,,,27.5
C,model N=60,1.98333,,,32.5
C,model N=60,2.46667,,,32.5
C,model N=60,2.08333,,,32.5
C,model N=60,2.11667,,,32.5
C,model N=60,3.63333,,,32.5
C,model N=60,2.35,,,32.5
C,model N=60,0.333333,,,32.5
C,model N=60,1.66667,,,32.5
C,model N=60,1.61667,,,32.5
C,model N=60,9.03333,,,32.5
C,model N=60,0.433333,,,32.5
C,model N=60,2.83333,,,32.5
C,model N=60,2.93333,,,32.5
C,model N=60,2.08333,,,32.5
C,model N=60,0.45,,,32.5
C,model N=60,0.416667,,,32.5
C,model N=60,1.06667,,,32.5
C,model N=60,0.55,,,32.5
C,model N=60,1.7,,,32.5
C,model N=60,1.3,,,32.5
C,model N=60,1.05,,,32.5
C,model N=60,0.75,,,32.5
C,model N=60,0.266667,,,32.5
C,model N=60,2.28333,,,32.5
C,model N=60,5.88333,,,32.5
C,model N=60,0.316667,,,32.5
C,model N=60,0.45,,,32.5
C,model N=60,2.06667,,,32.5
C,model N=60,3,,,32.5
C,model N=60,0.283333,,,32.5
C,model N=60,1.16667,,,32.5
C,model N=60,1.03333,,,32.5
C,model N=60,0.25,,,32.5
C,model N=60,2.51667,,,32.5
C,model N=60,1.4,,,32.5
C,model N=60,0.35,,,32.5
C,model N=60,1.66667,,,32.5
C,model N=60,3.68333,,,32.5
C,model N=60,1.15,,,32.5
C,model N=60,1.03333,,,32.5
C,model N=60,3.46667,,,32.5
C,model N=60,0.75,,,32.5
C,model N=60,1.1,,,32.5
C,model N=60,1.81667,,,32.5
C,model N=60,2.06667,,,32.5
C,model N=60,0.483333,,,32.5
C,model N=60,0.966667,,,32.5
C,model N=60,6.18333,,,32.5
C,model N=60,0.216667,,,32.5
C,model N=60,0.166667,,,32.5
C,model N=60,2.2,,,32.5
C,model N=60,2.23333,,,32.5
C,model N=60,2.15,,,32.5
C,model N=60,0.233333,,,32.5
C,model N=60,3.45,,,32.5
C,model N=60,1.26667,,,32.5
C,model N=60,0.366667,,,32.5
C,model N=60,1.4,,,32.5
C,model N=60,1.7,,,32.5
C,model N=60,2.25,,,32.5
C,model N=60,1.45,,,32.5
C,model N=60,1.9,,,32.5
C,model N=60,0.9,,,32.5
C,model N=60,0.266667,,,32.5
C,model N=60,2.11667,,,32.5
C,model N=60,0.383333,,,32.5
C,model N=60,1.08333,,,32.5
C,model N=60,0.35,,,32.5
C,model N=60,0.733333,,,32.5
C,model N=60,0.35,,,32.5
C,model N=60,0.366667,,,32.5
C,model N=60,3.55,,,32.5
C,model N=60,1.63333,,,32.5
C,model N=60,1.51667,,,32.5
C,model N=60,3.5,,,32.5
C,model N=60,1.48333,,,32.5
C,model N=60,1.43333,,,32.5
C,model N=60,0.366667,,,32.5
C,model N=60,2.73333,,,32.5
C,model N=60,1.66667,,,32.5
C,model N=60,0.466667,,,32.5
C,model N=60,4.9,,,32.5
C,model N=60,0.25,,,32.5
C,model N=60,1.51667,,,32.5
C,model N=60,0.466667,,,32.5
C,model N=60,0.3,,,32.5
C,model N=60,1.45,,,32.5
C,model N=60,1.11667,,,32.5
C,model N=60,1.46667,,,32.5
C,model N=60,0.633333,,,32.5
C,model N=60,0.4,,,32.5
C,model N=60,1.26667,,,32.5
C,model N=60,1.63333,,,32.5
C,model N=60,1.41667,,,32.5
C,model N=60,1.9,,,32.5
C,model N=60,1.33333,,,32.5
C,model N=60,1.71667,,,32.5
C,model N=60,1.3,,,32.5
C,model N=60,0.233333,,,32.5
C,model N=60,0.366667,,,32.5
C,model N=60,0.933333,,,32.5
C,model N=60,1.01667,,,32.5
C,model N=60,0.75,,,32.5
C,model N=60,1.48333,,,32.5
C,model N=60,1.35,,,32.5
C,model N=60,3.76667,,,32.5
C,model N=60,0.783333,,,32.5
C,model N=60,0.55,,,32.5
C,model N=60,1.98333,,,32.5
C,model N=60,1.35,,,32.5
C,model N=60,0.85,,,32.5
C,model N=60,0.566667,,,32.5
C,model N=60,0.4,,,32.5
C,model N=60,0.866667,,,32.5
C,model N=60,0.316667,,,32.5
C,model N=60,1.41667,,,32.5
C,model N=60,1.23333,,,32.5
C,model N=60,3.33333,,,32.5
C,model N=60,0.716667,,,32.5
C,model N=60,0.483333,,,32.5
C,model N=60,3.91667,,,32.5
C,model N=60,0.783333,,,32.5
C,model N=60,1.33333,,,32.5
C,model N=60,2.46667,,,32.5
C,model N=60,0.916667,,,32.5
C,model N=60,6.35,,,32.5
C,model N=60,3.41667,,,32.5
C,model N=60,0.466667,,,32.5
C,model N=60,0.4,,,32.5
C,model N=60,2.35,,,32.5
C,model N=60,2.3,,,32.5
C,model N=60,2.38333,,,32.5
C,model N=60,2,,,32.5
C,model N=60,0.483333,,,32.5
C,model N=60,1.95,,,32.5
C,model N=60,1.8,,,32.5
C,model N=60,0.416667,,,32.5
C,model N=60,0.783333,,,32.5
C,model N=60,4.2,,,32.5
C,model N=60,0.183333,,,32.5
C,model N=60,1.76667,,,32.5
C,model N=60,3.23333,,,32.5
C,model N=60,1.46667,,,32.5
C,model N=60,0.766667,,,32.5
C,model N=60,1.2,,,32.5
C,model N=60,1.28333,,,32.5
C,model N=60,2.5,,,32.5
C,model N=60,5.31667,,,32.5
C,model N=60,0.35,,,32.5
C,model N=60,3.83333,,,32.5
C,model N=60,1.53333,,,32.5
C,model N=60,0.833333,,,32.5
C,model N=60,6.28333,,,32.5
C,model N=60,0.316667,,,32.5
C,model N=60,1.55,,,32.5
C,model N=60,1.7,,,32.5
C,model N=60,0.9,,,32.5
C,model N=60,3.9,,,32.5
C,model N=60,0.4,,,32.5
C,model N=60,1.41667,,,32.5
C,model N=60,1.03333,,,32.5
C,model N=60,1.01667,,,32.5
C,model N=60,1.16667,,,32.5
C,model N=60,3.4,,,32.5
C,model N=60,0.266667,,,32.5
C,model N=60,1.93333,,,32.5
C,model N=60,5.91667,,,32.5
C,model N=60,0.466667,,,32.5
C,model N=60,1.08333,,,32.5
C,model N=60,0.25,,,32.5
C,model N=60,0.683333,,,32.5
C,model N=60,0.316667,,,32.5
C,model N=60,2.1,,,32.5
C,model N=60,0.25,,,32.5
C,model N=60,0.3,,,32.5
C,model N=60,0.266667,,,32.5
C,model N=60,0.266667,,,32.5
C,model N=60,1.81667,,,32.5
C,model N=60,1.03333,,,32.5
C,model N=60,4.03333,,,32.5
C,model N=60,0.366667,,,32.5
C,model N=60,0.316667,,,32.5
C,model N=60,0.316667,,,32.5
C,model N=60,0.333333,,,32.5
C,model N=60,2,,,32.5
C,model N=60,0.283333,,,32.5
C,model N=60,3.11667,,,32.5
C,model N=60,3.21667,,,32.5
C,model N=60,4.18333,,,32.5
C,model N=60,1.51667,,,32.5
C,model N=60,8.3,,,32.5
C,model N=60,0.6,,,32.5
C,model N=60,1.3,,,32.5
C,model N=60,0.9,,,32.5
C,model N=60,0.35,,,32.5
C,model N=60,0.616667,,,32.5
C,model N=60,0.616667,,,32.5
C,model N=60,5.45,,,32.5
C,model N=60,1.46667,,,32.5
C,model N=60,2.01667,,,32.5
C,model N=60,3.5,,,32.5
C,model N=60,1.23333,,,32.5
C,model N=60,0.5,,,32.5
C,model N=60,1.15,,,32.5
C,model N=60,1.65,,,32.5
C,model N=60,0.266667,,,32.5
C,model N=60,0.2,,,32.5
C,model N=60,1.21667,,,32.5
C,model N=60,0.933333,,,32.5
C,model N=60,0.75,,,32.5
C,model N=60,0.383333,,,32.5
C,model N=60,0.5,,,32.5
C,model N=60,0.316667,,,32.5
C,model N=60,4.76667,,,32.5
C,model N=60,0.8,,,32.5
C,model N=60,0.65,,,32.5
C,model N=60,1.35,,,32.5
C,model N=60,0.816667,,,32.5
C,model N=60,1.3,,,32.5
C,model N=60,5.08333,,,32.5
C,model N=60,0.433333,,,32.5
C,model N=60,0.416667,,,32.5
C,model N=60,0.783333,,,32.5
C,model N=60,0.233333,,,32.5
C,model N=60,4.56667,,,32.5
C,model N=60,1.38333,,,32.5
C,model N=60,2.05,,,32.5
C,model N=60,0.433333,,,32.5
C,model N=60,6.26667,,,32.5
C,model N=60,2.35,,,32.5
C,model N=60,0.583333,,,32.5
C,model N=60,0.366667,,,32.5
C,model N=60,0.2,,,32.5
C,model N=60,0.35,,,32.5
C,model N=60,0.266667,,,32.5
C,model N=60,1.36667,,,32.5
C,model N=60,2.11667,,,32.5
C,model N=60,1.35,,,32.5
C,model N=60,1.43333,,,32.5
C,model N=60,0.483333,,,32.5
C,model N=60,4.4,,,32.5
C,model N=60,1.9,,,32.5
C,model N=60,0.783333,,,32.5
C,model N=60,1.56667,,,32.5
C,model N=60,0.9,,,32.5
C,model N=60,2.18333,,,32.5
C,model N=60,1.81667,,,32.5
C,model N=60,0.533333,,,32.5
C,model N=60,6.95,,,32.5
C,model N=60,2.46667,,,32.5
C,model N=60,0.383333,,,32.5
C,model N=60,0.416667,,,32.5
C,model N=60,6.05,,,32.5
C,model N=60,0.733333,,,32.5
C,model N=60,1.05,,,32.5
C,model N=60,1.56667,,,32.5
C,model N=60,1.16667,,,32.5
C,model N=60,0.683333,,,32.5
C,model N=60,0.8,,,32.5
C,model N=60,0.483333,,,32.5
C,model N=60,0.316667,,,32.5
C,model N=60,0.533333,,,32.5
C,model N=60,0.616667,,,32.5
C,model N=60,1.51667,,,32.5
C,model N=60,0.616667,,,32.5
C,model N=60,0.483333,,,32.5
C,model N=60,0.4,,,32.5
C,model N=60,4.35,,,32.5
C,model N=60,2,,,32.5
C,model N=60,0.433333,,,32.5
C,model N=60,1.45,,,32.5
C,model N=60,0.366667,,,32.5
C,model N=60,1.91667,,,32.5
C,model N=60,0.4,,,32.5
C,model N=60,2.21667,,,32.5
C,model N=60,1.16667,,,32.5
C,model N=60,2.18333,,,32.5
C,model N=60,0.4,,,32.5
C,model N=60,0.283333,,,32.5
C,model N=60,0.616667,,,32.5
C,model N=60,1.41667,,,32.5
C,model N=60,4.41667,,,32.5
C,model N=60,4.45,,,32.5
C,model N=60,0.883333,,,32.5
C,model N=60,0.983333,,,32.5
C,model N=60,0.366667,,,32.5
C,model N=60,0.433333,,,32.5
C,model N=60,3.08333,,,32.5
C,model N=60,0.566667,,,32.5
C,model N=60,0.566667,,,32.5
C,model N=60,0.233333,,,32.5
C,model N=60,1.58333,,,32.5
C,model N=60,0.316667,,,32.5
C,model N=60,1.66667,,,32.5
C,model N=60,1.16667,,,32.5
C,model N=60,0.35,,,32.5
C,model N=60,2.63333,,,32.5
C,model N=60,2.51667,,,32.5
C,model N=60,2,,,32.5
C,model N=60,0.666667,,,32.5
C,model N=60,0.533333,,,32.5
C,model N=60,2.46667,,,32.5
C,model N=60,3.61667,,,32.5
C,model N=60,1.33333,,,32.5
C,model N=60,0.266667,,,32.5
C,model N=60,1.55,,,32.5
C,model N=60,0.233333,,,32.5
C,model N=60,1.91667,,,32.5
C,model N=60,7,,,32.5
C,model N=60,0.166667,,,32.5
C,model N=60,0.433333,,,32.5
C,model N=60,0.3,,,32.5
C,model N=60,5.15,,,32.5
C,model N=60,1.28333,,,32.5
C,model N=60,0.183333,,,32.5
C,model N=60,1.71667,,,32.5
C,model N=60,1.21667,,,32.5
C,model N=60,3.26667,,,32.5
C,model N=60,1.26667,,,32.5
C,model N=60,0.966667,,,32.5
C,model N=60,1.71667,,,32.5
C,model N=60,2.03333,,,32.5
C,model N=60,0.666667,,,32.5
C,model N=60,0.283333,,,32.5
C,model N=60,1.65,,,32.5
C,model N=60,7.01667,,,32.5
C,model N=60,1,,,32.5
C,model N=60,2.65,,,32.5
C,model N=60,1.51667,,,32.5
C,model N=60,1.83333,,,32.5
C,model N=60,2.23333,,,32.5
C,model N=60,2.45,,,32.5
C,model N=60,0.2,,,32.5
C,model N=60,4.41667,,,32.5
C,model N=60,2.91667,,,32.5
C,model N=60,0.4,,,32.5
C,model N=60,0.383333,,,32.5
C,model N=60,3.53333,,,32.5
C,model N=60,1.26667,,,32.5
C,model N=60,0.433333,,,32.5
C,model N=60,1.15,,,32.5
C,model N=60,0.966667,,,32.5
C,model N=60,0.45,,,32.5
C,model N=60,2.5,,,32.5
C,model N=60,0.433333,,,32.5
C,model N=60,1.53333,,,32.5
C,model N=60,0.45,,,32.5
C,model N=60,0.416667,,,32.5
C,model N=60,1.08333,,,32.5
C,model N=60,1.55,,,32.5
C,model N=60,0.783333,,,32.5
C,model N=60,0.35,,,32.5
C,model N=60,1.23333,,,32.5
C,model N=60,1.96667,,,32.5
C,model N=60,0.366667,,,32.5
C,model N=60,1.05,,,32.5
C,model N=60,0.35,,,32.5
C,model N=60,1.95,,,32.5
C,model N=60,0.966667,,,32.5
C,model N=60,0.25,,,32.5
C,model N=60,1.45,,,32.5
C,model N=60,2.55,,,32.5
C,model N=60,1.48333,,,32.5
C,model N=60,0.45,,,32.5
C,model N=60,1.23333,,,32.5
C,model N=60,1,,,32.5
C,model N=60,1.01667,,,32.5
C,model N=60,0.35,,,32.5
C,model N=60,0.45,,,32.5
C,model N=60,0.866667,,,32.5
C,model N=60,1.06667,,,32.5
C,model N=60,3.96667,,,32.5
C,model N=60,2,,,32.5
C,model N=60,2.51667,,,32.5
C,model N=60,0.333333,,,32.5
C,model N=60,0.883333,,,32.5
C,model N=60,0.216667,,,32.5
C,model N=60,0.2,,,32.5
C,model N=60,1.5,,,32.5
C,model N=60,0.383333,,,32.5
C,model N=60,0.7,,,32.5
C,model N=60,2.8,,,32.5
C,model N=60,0.933333,,,32.5
C,model N=60,0.433333,,,32.5
C,model N=60,1.9,,,32.5
C,model N=60,0.433333,,,32.5
C,model N=60,1,,,32.5
C,model N=60,2.03333,,,32.5
C,model N=60,1.46667,,,32.5
C,model N=60,3.33333,,,32.5
C,model N=60,2.51667,,,32.5
C,model N=60,3.36667,,,32.5
C,model N=60,2.05,,,32.5
C,model N=60,0.416667,,,32.5
C,model N=60,2.23333,,,32.5
C,model N=60,0.55,,,32.5
C,model N=60,0.6,,,32.5
C,model N=60,6.76667,,,32.5
C,model N=60,2,,,32.5
C,model N=60,0.85,,,32.5
C,model N=60,3.06667,,,32.5
C,model N=60,4.43333,,,32.5
C,model N=60,0.266667,,,32.5
C,model N=60,1.7,,,32.5
C,model N=60,2.65,,,32.5
C,model N=60,0.533333,,,32.5
C,model N=60,0.316667,,,32.5
C,model N=60,1.36667,,,32.5
C,model N=60,0.933333,,,32.5
C,model N=60,3.13333,,,32.5
C,model N=60,0.266667,,,32.5
C,model N=60,0.25,,,32.5
C,model N=60,0.383333,,,32.5
C,model N=60,3.9,,,32.5
C,model N=60,2.01667,,,32.5
C,model N=60,1.81667,,,32.5
C,model N=60,1.36667,,,32.5
C,model N=60,0.316667,,,32.5
