series,fa_nN,kappa_over_uE,T_star,temperature_C,shannon_entropy_H,tau_tr_over_tau_e0,fit_slope_per_H,fit_intercept
model,30,0.35,0.08,,5.56777,12.0746,,
model,30,0.4,0.08,,5.67977,7.06564,,
model,30,0.5,0.08,,5.74387,5.22666,,
model,30,0.65,0.08,,5.69178,4.24059,,
model,30,0.3,0.1,,5.35433,15.8175,,
model,30,0.35,0.1,,5.43728,13.3216,,
model,30,0.4,0.1,,5.61291,7.40903,,
model,30,0.5,0.1,,5.72428,5.62242,,
model,30,0.65,0.1,,5.71572,4.57036,,
model,30,0.8,0.1,,5.6594,4.14216,,
model,30,1,0.1,,5.55923,3.28226,,
model,30,0.35,0.15,,5.21259,18.0576,,
model,30,0.4,0.15,,5.30805,11.8384,,
model,30,0.5,0.15,,5.48814,7.99906,,
model,30,0.65,0.15,,5.60194,6.20037,,
model,30,0.3,0.2,,4.91505,31.468,,
model,30,0.35,0.2,,5.04606,25.8282,,
model,30,0.4,0.2,,5.0672,21.3826,,
model,30,0.5,0.2,,5.21321,17.0203,,
model,30,0.65,0.2,,5.36568,10.5658,,
model,30,0.8,0.2,,5.51468,7.20701,,
model,30,1,0.2,,5.59561,5.78188,,
model,30,0.3,0.3,,4.78319,26.3582,,
model,30,0.35,0.3,,4.8178,28.8925,,
model,30,0.4,0.3,,4.90076,22.4548,,
model,30,0.5,0.3,,4.95002,23.9039,,
model,30,0.65,0.3,,5.08062,17.3305,,
model,30,0.8,0.3,,5.21098,12.7655,,
model,30,1,0.3,,5.39314,8.68093,,
model,31,0.414,0.097,,5.64134,7.59739,,
model,40,0.3,0.1,,5.34062,20.6122,,
model,40,0.4,0.1,,5.43027,11.3855,,
model,40,0.5,0.1,,5.68367,7.16614,,
model,40,0.65,0.1,,5.73255,5.20106,,
model,40,0.8,0.1,,5.69439,4.24438,,
model,40,1,0.1,,5.61659,3.51077,,
model,40,0.3,0.2,,4.91499,37.4617,,
model,40,0.4,0.2,,5.07468,19.9529,,
model,40,0.5,0.2,,5.24371,15.2718,,
model,40,0.65,0.2,,5.42145,10.5779,,
model,40,0.8,0.2,,5.52545,7.83767,,
model,40,1,0.2,,5.65704,5.59886,,
model,40,0.3,0.3,,4.86243,24.78,,
model,40,0.5,0.3,,4.96783,20.3991,,
model,40,0.65,0.3,,5.13318,15.6557,,
model,40,0.8,0.3,,5.24189,12.8387,,
model,40,1,0.3,,5.36691,9.81279,,
model,50,0.35,0.08,,5.59796,13.3845,,
model,50,0.4,0.08,,5.66282,8.97136,,
model,50,0.5,0.08,,5.75855,6.8757,,
model,50,0.65,0.08,,5.74469,4.91172,,
model,50,0.3,0.1,,5.28592,22.0712,,
model,50,0.35,0.1,,5.3768,18.9148,,
model,50,0.4,0.1,,5.48583,12.4228,,
model,50,0.5,0.1,,5.68329,8.07041,,
model,50,0.6,0.1,,5.6461,7.18083,,
model,50,0.65,0.1,,5.78026,4.91201,,
model,50,0.8,0.1,,5.7166,4.4506,,
model,50,1,0.1,,5.5923,3.53291,,
model,50,0.35,0.15,,5.16193,24.8279,,
model,50,0.4,0.15,,5.30258,16.4493,,
model,50,0.5,0.15,,5.44132,11.2665,,
model,50,0.65,0.15,,5.58376,7.17448,,
model,50,0.3,0.2,,4.97178,26.9381,,
model,50,0.35,0.2,,5.0156,24.8921,,
model,50,0.4,0.2,,5.06488,22.8544,,
model,50,0.5,0.2,,5.22738,15.9846,,
model,50,0.65,0.2,,5.42788,10.8222,,
model,50,0.8,0.2,,5.53811,8.6051,,
model,50,1,0.2,,5.64807,5.5174,,
model,50,0.3,0.3,,4.83247,25.1143,,
model,50,0.35,0.3,,4.86347,29.0981,,
model,50,0.4,0.3,,4.90076,25.127,,
model,50,0.5,0.3,,5.00301,20.7626,,
model,50,0.65,0.3,,5.14198,16.5876,,
model,50,0.8,0.3,,5.29018,12.1636,,
model,50,1,0.3,,5.42829,9.07144,,
model,60,0.4,0.2,,5.07219,21.3924,,
model,80,0.4,0.08,,5.49788,14.8107,,
model,80,0.5,0.08,,5.69354,9.38674,,
model,80,0.65,0.08,,5.80337,5.72616,,
model,80,0.4,0.1,,5.42062,15.0091,,
model,80,0.5,0.1,,5.61388,11.0584,,
model,80,0.65,0.1,,5.7539,7.07611,,
model,80,0.4,0.15,,5.15239,22.2367,,
model,80,0.5,0.15,,5.35749,15.5785,,
model,80,0.65,0.15,,5.56553,10.6785,,
model,80,0.65,0.2,,5.35529,14.3829,,
model,100,0.4,0.08,,5.40354,15.8171,,
model,100,0.5,0.08,,5.61353,12.4052,,
model,100,0.65,0.08,,5.796,6.90797,,
model,100,0.4,0.1,,5.2601,19.7039,,
model,100,0.5,0.1,,5.49134,14.4872,,
model,100,0.6,0.1,,5.40587,14.5079,,
model,100,0.65,0.1,,5.72436,8.59448,,
model,100,0.4,0.15,,5.06001,22.043,,
model,100,0.5,0.15,,5.24216,18.4788,,
model,100,0.65,0.15,,5.48048,13.9229,,
model,100,0.4,0.2,,4.94839,28.6816,,
model,100,0.65,0.2,,5.25885,19.3116,,
model,117.8,0.4,0.103,,5.16369,27.8995,,
model,120,0.4,0.08,,5.28296,24.239,,
model,120,0.5,0.08,,5.53948,14.2662,,
model,120,0.65,0.08,,5.75496,8.88405,,
model,120,0.4,0.1,,5.1465,29.1174,,
model,120,0.5,0.1,,5.41427,16.872,,
model,120,0.65,0.1,,5.63006,11.3601,,
model,120,0.4,0.15,,4.9717,31.7235,,
model,120,0.65,0.15,,5.38484,17.5757,,
model,120,0.65,0.2,,5.40298,17.7715,,
model,150,0.65,0.08,,5.66487,12.1023,,
model,150,0.65,0.1,,5.67221,16.2593,,
model,200,0.4,0.1,,5.23568,20.2983,,
model,200,0.6,0.1,,5.31262,20.1203,,
living worms,,,,10,5.78,3.29255,,
living worms,,,,20,6.18,4.8254,,
living worms,,,,30,5.83,5.05589,,
log-linear fit,,,,,,,-0.795189,5.37566
