series,t_min,x_cm_mm
model 20 C,3,33.0739
model 20 C,3.01667,33.2974
model 20 C,3.03333,33.7614
model 20 C,3.05,34.3958
model 20 C,3.06667,35.1217
model 20 C,3.08333,36.0876
model 20 C,3.1,36.9812
model 20 C,3.11667,38.1123
model 20 C,3.13333,39.4364
model 20 C,3.15,40.4975
model 20 C,3.16667,41.7542
model 20 C,3.18333,42.8284
model 20 C,3.2,44.0473
model 20 C,3.21667,45.0611
model 20 C,3.23333,46.2156
model 20 C,3.25,47.356
model 20 C,3.26667,48.4251
model 20 C,3.28333,49.6275
model 20 C,3.3,50.8627
model 20 C,3.31667,51.9004
model 20 C,3.33333,52.9415
model 20 C,3.35,54.0087
model 20 C,3.36667,54.9675
model 20 C,3.38333,55.9479
model 20 C,3.4,56.9929
model 20 C,3.41667,57.8516
model 20 C,3.43333,58.5549
model 20 C,3.45,58.935
model 20 C,3.46667,59.1442
model 20 C,3.48333,59.1811
model 20 C,3.5,58.9337
model 20 C,3.51667,58.7893
model 20 C,3.53333,58.5967
model 20 C,3.55,58.0436
model 20 C,3.56667,57.3969
model 20 C,3.58333,56.9325
model 20 C,3.6,56.5403
model 20 C,3.61667,56.0793
model 20 C,3.63333,55.7293
model 20 C,3.65,55.4884
model 20 C,3.66667,55.3077
model 20 C,3.68333,55.1694
model 20 C,3.7,55.4992
model 20 C,3.71667,55.8638
model 20 C,3.73333,56.3499
model 20 C,3.75,56.8646
model 20 C,3.76667,57.669
model 20 C,3.78333,58.5378
model 20 C,3.8,59.4822
model 20 C,3.81667,60.4641
model 20 C,3.83333,61.6555
model 20 C,3.85,62.6925
model 20 C,3.86667,63.9366
model 20 C,3.88333,64.9779
model 20 C,3.9,66.0183
model 20 C,3.91667,67.0466
model 20 C,3.93333,68.1421
model 20 C,3.95,69.1557
model 20 C,3.96667,70.187
model 20 C,3.98333,71.2146
model 20 C,4,72.2964
model 20 C,4.01667,73.4727
model 20 C,4.03333,74.7044
model 20 C,4.05,75.9219
model 20 C,4.06667,76.9971
model 20 C,4.08333,78.1178
model 20 C,4.1,79.2374
model 20 C,4.11667,80.1492
model 20 C,4.13333,81.3958
model 20 C,4.15,82.5954
model 20 C,4.16667,83.7629
model 20 C,4.18333,84.5788
model 20 C,4.2,85.4894
model 20 C,4.21667,86.2708
model 20 C,4.23333,87.0491
model 20 C,4.25,87.933
model 20 C,4.26667,88.6791
model 20 C,4.28333,89.5411
model 20 C,4.3,90.2685
model 20 C,4.31667,90.7511
model 20 C,4.33333,91.2602
model 20 C,4.35,91.4957
model 20 C,4.36667,91.569
model 20 C,4.38333,91.699
model 20 C,4.4,91.7584
model 20 C,4.41667,91.7702
model 20 C,4.43333,91.5323
model 20 C,4.45,91.2982
model 20 C,4.46667,90.9905
model 20 C,4.48333,90.4417
model 20 C,4.5,89.8749
model 20 C,4.51667,89.2964
model 20 C,4.53333,88.6296
model 20 C,4.55,87.838
model 20 C,4.56667,87.1347
model 20 C,4.58333,86.3273
model 20 C,4.6,85.3088
model 20 C,4.61667,84.4142
model 20 C,4.63333,83.4818
model 20 C,4.65,82.3682
model 20 C,4.66667,81.162
model 20 C,4.68333,80.0388
model 20 C,4.7,78.7994
model 20 C,4.71667,77.6251
model 20 C,4.73333,76.5177
model 20 C,4.75,75.4676
model 20 C,4.76667,74.3813
model 20 C,4.78333,73.2819
model 20 C,4.8,72.1951
model 20 C,4.81667,70.995
model 20 C,4.83333,69.9904
model 20 C,4.85,68.943
model 20 C,4.86667,68.0555
model 20 C,4.88333,67.1356
model 20 C,4.9,66.6898
model 20 C,4.91667,65.9623
model 20 C,4.93333,65.5098
model 20 C,4.95,65.1884
model 20 C,4.96667,64.9138
model 20 C,4.98333,65.1469
model 20 C,5,65.2088
model 20 C,5.01667,65.6238
model 20 C,5.03333,66.1406
model 20 C,5.05,66.982
model 20 C,5.06667,67.8354
model 20 C,5.08333,68.8939
model 20 C,5.1,69.9736
model 20 C,5.11667,71.1538
model 20 C,5.13333,72.2618
model 20 C,5.15,73.1861
model 20 C,5.16667,74.2424
model 20 C,5.18333,75.2647
model 20 C,5.2,76.0466
model 20 C,5.21667,76.6856
model 20 C,5.23333,77.1695
model 20 C,5.25,77.4622
model 20 C,5.26667,77.6807
model 20 C,5.28333,77.7458
model 20 C,5.3,77.6719
model 20 C,5.31667,77.3632
model 20 C,5.33333,76.8591
model 20 C,5.35,76.1596
model 20 C,5.36667,75.6051
model 20 C,5.38333,74.5965
model 20 C,5.4,73.3481
model 20 C,5.41667,72.2273
model 20 C,5.43333,71.1732
model 20 C,5.45,70.0998
model 20 C,5.46667,69.1527
model 20 C,5.48333,68.0311
model 20 C,5.5,67.0894
model 20 C,5.51667,66.0067
model 20 C,5.53333,64.8636
model 20 C,5.55,63.8068
model 20 C,5.56667,62.7377
model 20 C,5.58333,61.6345
model 20 C,5.6,60.556
model 20 C,5.61667,59.4333
model 20 C,5.63333,58.0072
model 20 C,5.65,56.9915
model 20 C,5.66667,56.0401
model 20 C,5.68333,54.9834
model 20 C,5.7,53.8869
model 20 C,5.71667,53.0801
model 20 C,5.73333,52.2722
model 20 C,5.75,51.8201
model 20 C,5.76667,51.3717
model 20 C,5.78333,51.0391
model 20 C,5.8,50.9041
model 20 C,5.81667,51.0177
model 20 C,5.83333,51.3231
model 20 C,5.85,51.5947
model 20 C,5.86667,52.0474
model 20 C,5.88333,52.5963
model 20 C,5.9,53.267
model 20 C,5.91667,54.0295
model 20 C,5.93333,54.9135
model 20 C,5.95,55.9907
model 20 C,5.96667,57.0725
model 20 C,5.98333,58.083
model 20 C,6,59.2487
model 20 C,6.01667,60.3171
model 20 C,6.03333,61.5231
model 20 C,6.05,62.6183
model 20 C,6.06667,63.8055
model 20 C,6.08333,64.901
model 20 C,6.1,65.8669
model 20 C,6.11667,67.1467
model 20 C,6.13333,68.2921
model 20 C,6.15,69.293
model 20 C,6.16667,70.4759
model 20 C,6.18333,71.6265
model 20 C,6.2,72.8339
model 20 C,6.21667,73.8671
model 20 C,6.23333,75.0667
model 20 C,6.25,76.1642
model 20 C,6.26667,77.153
model 20 C,6.28333,78.2202
model 20 C,6.3,79.3363
model 20 C,6.31667,80.3894
model 20 C,6.33333,81.5521
model 20 C,6.35,82.5652
model 20 C,6.36667,83.6853
model 20 C,6.38333,84.723
model 20 C,6.4,85.8351
model 20 C,6.41667,86.8194
model 20 C,6.43333,87.8231
model 20 C,6.45,88.7641
model 20 C,6.46667,89.6732
model 20 C,6.48333,90.3169
model 20 C,6.5,91.0947
model 20 C,6.51667,91.7045
model 20 C,6.53333,92.2904
model 20 C,6.55,92.6742
model 20 C,6.56667,93.0938
model 20 C,6.58333,93.228
model 20 C,6.6,93.4207
model 20 C,6.61667,93.3845
model 20 C,6.63333,93.3821
model 20 C,6.65,93.2057
model 20 C,6.66667,92.916
model 20 C,6.68333,92.7016
model 20 C,6.7,92.5174
model 20 C,6.71667,92.5047
model 20 C,6.73333,92.6811
model 20 C,6.75,92.3829
model 20 C,6.76667,92.0591
model 20 C,6.78333,91.7562
model 20 C,6.8,91.5289
model 20 C,6.81667,91.3474
model 20 C,6.83333,91.315
model 20 C,6.85,91.4153
model 20 C,6.86667,91.1544
model 20 C,6.88333,91.1423
model 20 C,6.9,91.1967
model 20 C,6.91667,91.2635
model 20 C,6.93333,91.4547
model 20 C,6.95,91.6211
model 20 C,6.96667,91.6348
model 20 C,6.98333,91.6306
model 20 C,7,91.603
model 20 C,7.01667,91.944
model 20 C,7.03333,91.9048
model 20 C,7.05,91.8756
model 20 C,7.06667,92.2142
model 20 C,7.08333,92.3761
model 20 C,7.1,92.2362
model 20 C,7.11667,92.2322
model 20 C,7.13333,92.4895
model 20 C,7.15,92.5216
model 20 C,7.16667,92.5294
model 20 C,7.18333,92.5134
model 20 C,7.2,92.3226
model 20 C,7.21667,91.9885
model 20 C,7.23333,91.7948
model 20 C,7.25,91.6199
model 20 C,7.26667,91.4434
model 20 C,7.28333,91.3989
model 20 C,7.3,91.3119
model 20 C,7.31667,91.3127
model 20 C,7.33333,91.1137
model 20 C,7.35,90.7623
model 20 C,7.36667,90.5947
model 20 C,7.38333,90.2023
model 20 C,7.4,89.8855
model 20 C,7.41667,89.5552
model 20 C,7.43333,89.1068
model 20 C,7.45,88.6128
model 20 C,7.46667,87.9018
model 20 C,7.48333,87.4138
model 20 C,7.5,86.4616
model 20 C,7.51667,85.4032
model 20 C,7.53333,84.4661
model 20 C,7.55,83.5085
model 20 C,7.56667,82.3325
model 20 C,7.58333,81.3556
model 20 C,7.6,80.2833
model 20 C,7.61667,79.1148
model 20 C,7.63333,78.0755
model 20 C,7.65,76.8952
model 20 C,7.66667,75.816
model 20 C,7.68333,74.7249
model 20 C,7.7,73.5831
model 20 C,7.71667,72.3522
model 20 C,7.73333,71.247
model 20 C,7.75,70.1663
model 20 C,7.76667,69.0504
model 20 C,7.78333,67.8383
model 20 C,7.8,66.8606
model 20 C,7.81667,66.1105
model 20 C,7.83333,65.6983
model 20 C,7.85,65.005
model 20 C,7.86667,64.7489
model 20 C,7.88333,64.6668
model 20 C,7.9,64.4367
model 20 C,7.91667,64.5062
model 20 C,7.93333,64.8875
model 20 C,7.95,65.1443
model 20 C,7.96667,65.8361
model 20 C,7.98333,66.6011
model 20 C,8,67.5515
model 20 C,8.01667,68.4782
model 20 C,8.03333,69.776
model 20 C,8.05,70.8798
model 20 C,8.06667,71.9674
model 20 C,8.08333,73.0397
model 20 C,8.1,74.0537
model 20 C,8.11667,75.1056
model 20 C,8.13333,76.1037
model 20 C,8.15,76.9507
model 20 C,8.16667,77.7968
model 20 C,8.18333,78.456
model 20 C,8.2,78.9235
model 20 C,8.21667,79.3518
model 20 C,8.23333,79.6356
model 20 C,8.25,79.8202
model 20 C,8.26667,79.7766
model 20 C,8.28333,79.5405
model 20 C,8.3,79.2045
model 20 C,8.31667,78.6517
model 20 C,8.33333,77.9564
model 20 C,8.35,76.9952
model 20 C,8.36667,75.9689
model 20 C,8.38333,74.656
model 20 C,8.4,73.6085
model 20 C,8.41667,72.5131
model 20 C,8.43333,71.2932
model 20 C,8.45,69.992
model 20 C,8.46667,68.8384
model 20 C,8.48333,67.7475
model 20 C,8.5,66.5626
model 20 C,8.51667,65.3516
model 20 C,8.53333,64.1839
model 20 C,8.55,63.1134
model 20 C,8.56667,61.9643
model 20 C,8.58333,60.6838
model 20 C,8.6,59.5968
model 20 C,8.61667,58.3751
model 20 C,8.63333,57.3922
model 20 C,8.65,56.5018
model 20 C,8.66667,55.5645
model 20 C,8.68333,54.8499
model 20 C,8.7,54.3409
model 20 C,8.71667,53.7991
model 20 C,8.73333,53.4974
model 20 C,8.75,53.3947
model 20 C,8.76667,53.2741
model 20 C,8.78333,53.4838
model 20 C,8.8,53.9885
model 20 C,8.81667,54.5384
model 20 C,8.83333,55.0385
model 20 C,8.85,55.8496
model 20 C,8.86667,56.8124
model 20 C,8.88333,57.8453
model 20 C,8.9,58.994
model 20 C,8.91667,60.0166
model 20 C,8.93333,61.1771
model 20 C,8.95,62.2093
model 20 C,8.96667,63.331
model 20 C,8.98333,64.3767
model 20 C,9,65.3495
model 20 C,9.01667,66.45
model 20 C,9.03333,67.3431
model 20 C,9.05,68.3451
model 20 C,9.06667,68.9973
model 20 C,9.08333,69.5164
model 20 C,9.1,70.0185
model 20 C,9.11667,70.3992
model 20 C,9.13333,70.4667
model 20 C,9.15,70.3658
model 20 C,9.16667,70.3897
model 20 C,9.18333,70.0548
model 20 C,9.2,69.6829
model 20 C,9.21667,69.2459
model 20 C,9.23333,68.51
model 20 C,9.25,67.7326
model 20 C,9.26667,66.4901
model 20 C,9.28333,65.2179
model 20 C,9.3,64.0552
model 20 C,9.31667,62.961
model 20 C,9.33333,61.9115
model 20 C,9.35,60.902
model 20 C,9.36667,59.7711
model 20 C,9.38333,58.604
model 20 C,9.4,57.4291
model 20 C,9.41667,56.3565
model 20 C,9.43333,55.08
model 20 C,9.45,53.9042
model 20 C,9.46667,52.8456
model 20 C,9.48333,51.6994
model 20 C,9.5,50.701
model 20 C,9.51667,49.6342
model 20 C,9.53333,48.5087
model 20 C,9.55,47.3678
model 20 C,9.56667,46.2518
model 20 C,9.58333,45.0814
model 20 C,9.6,43.951
model 20 C,9.61667,42.9877
model 20 C,9.63333,41.8383
model 20 C,9.65,40.9423
model 20 C,9.66667,40.3958
model 20 C,9.68333,39.9121
model 20 C,9.7,39.4997
model 20 C,9.71667,39.3498
model 20 C,9.73333,39.2493
model 20 C,9.75,39.2649
model 20 C,9.76667,39.389
model 20 C,9.78333,39.7579
model 20 C,9.8,40.2285
model 20 C,9.81667,40.6618
model 20 C,9.83333,41.1736
model 20 C,9.85,41.7813
model 20 C,9.86667,42.2308
model 20 C,9.88333,42.4827
model 20 C,9.9,42.8734
model 20 C,9.91667,43.0761
model 20 C,9.93333,42.9196
model 20 C,9.95,42.6624
model 20 C,9.96667,42.1546
model 20 C,9.98333,41.4816
model 20 C,10,40.6493
model 20 C,10.0167,39.728
model 20 C,10.0333,38.6628
model 20 C,10.05,37.6184
model 20 C,10.0667,36.6673
model 20 C,10.0833,35.5286
model 20 C,10.1,34.4617
model 20 C,10.1167,33.364
model 20 C,10.1333,32.2735
model 20 C,10.15,31.1288
model 20 C,10.1667,29.9455
model 20 C,10.1833,28.7074
model 20 C,10.2,27.3727
model 20 C,10.2167,26.2553
model 20 C,10.2333,25.0232
model 20 C,10.25,23.8979
model 20 C,10.2667,22.8009
model 20 C,10.2833,21.5902
model 20 C,10.3,20.3981
model 20 C,10.3167,19.3612
model 20 C,10.3333,18.2508
model 20 C,10.35,17.1289
model 20 C,10.3667,15.7048
model 20 C,10.3833,14.4983
model 20 C,10.4,13.5451
model 20 C,10.4167,12.4998
model 20 C,10.4333,11.4027
model 20 C,10.45,10.2921
model 20 C,10.4667,9.30725
model 20 C,10.4833,8.39995
model 20 C,10.5,7.5407
model 20 C,10.5167,6.63265
model 20 C,10.5333,5.90935
model 20 C,10.55,5.2361
model 20 C,10.5667,4.54585
model 20 C,10.5833,4.04455
model 20 C,10.6,3.6292
model 20 C,10.6167,3.442
model 20 C,10.6333,3.29995
model 20 C,10.65,3.1334
model 20 C,10.6667,3.053
model 20 C,10.6833,3.04795
model 20 C,10.7,3.2306
model 20 C,10.7167,3.388
model 20 C,10.7333,3.8474
model 20 C,10.75,4.0173
model 20 C,10.7667,4.112
model 20 C,10.7833,4.5831
model 20 C,10.8,5.15625
model 20 C,10.8167,5.69585
model 20 C,10.8333,6.11105
model 20 C,10.85,6.4302
model 20 C,10.8667,6.53835
model 20 C,10.8833,6.7951
model 20 C,10.9,7.0162
model 20 C,10.9167,7.0415
model 20 C,10.9333,6.88955
model 20 C,10.95,6.8324
model 20 C,10.9667,6.3492
model 20 C,10.9833,5.76425
model 20 C,11,5.4746
model 20 C,11.0167,5.01345
model 20 C,11.0333,4.709
model 20 C,11.05,4.4308
model 20 C,11.0667,4.28545
model 20 C,11.0833,4.17295
model 20 C,11.1,4.25085
model 20 C,11.1167,4.28345
model 20 C,11.1333,4.24315
model 20 C,11.15,4.39825
model 20 C,11.1667,4.80475
model 20 C,11.1833,4.84655
model 20 C,11.2,4.9412
model 20 C,11.2167,5.1095
model 20 C,11.2333,4.99845
model 20 C,11.25,4.84195
model 20 C,11.2667,4.88195
model 20 C,11.2833,4.7806
model 20 C,11.3,4.782
model 20 C,11.3167,4.79765
model 20 C,11.3333,4.8696
model 20 C,11.35,4.52425
model 20 C,11.3667,4.3326
model 20 C,11.3833,4.2686
model 20 C,11.4,4.20545
model 20 C,11.4167,4.1023
model 20 C,11.4333,4.02985
model 20 C,11.45,4.2051
model 20 C,11.4667,4.15305
model 20 C,11.4833,4.1858
model 20 C,11.5,4.23295
model 20 C,11.5167,4.3219
model 20 C,11.5333,4.36095
model 20 C,11.55,4.40815
model 20 C,11.5667,4.44665
model 20 C,11.5833,4.28365
model 20 C,11.6,4.19185
model 20 C,11.6167,3.99335
model 20 C,11.6333,3.61685
model 20 C,11.65,3.4057
model 20 C,11.6667,3.04925
model 20 C,11.6833,2.76295
model 20 C,11.7,2.66285
model 20 C,11.7167,2.62765
model 20 C,11.7333,2.70555
model 20 C,11.75,3.0616
model 20 C,11.7667,3.3332
model 20 C,11.7833,3.78235
model 20 C,11.8,4.2416
model 20 C,11.8167,4.69385
model 20 C,11.8333,5.0193
model 20 C,11.85,5.3708
model 20 C,11.8667,5.95325
model 20 C,11.8833,6.2344
model 20 C,11.9,6.6588
model 20 C,11.9167,7.09095
model 20 C,11.9333,7.4662
model 20 C,11.95,7.4657
model 20 C,11.9667,7.6314
model 20 C,11.9833,7.67645
model 20 C,12,7.49975
model 20 C,12.0167,7.2717
model 20 C,12.0333,6.9622
model 20 C,12.05,6.41525
model 20 C,12.0667,5.90215
model 20 C,12.0833,5.61375
model 20 C,12.1,5.04455
model 20 C,12.1167,4.632
model 20 C,12.1333,4.0299
model 20 C,12.15,3.51935
model 20 C,12.1667,3.40375
model 20 C,12.1833,3.4465
model 20 C,12.2,3.58195
model 20 C,12.2167,3.78615
model 20 C,12.2333,4.0413
model 20 C,12.25,4.0289
model 20 C,12.2667,4.1138
model 20 C,12.2833,4.31925
model 20 C,12.3,4.49985
model 20 C,12.3167,4.48925
model 20 C,12.3333,4.5737
model 20 C,12.35,4.1862
model 20 C,12.3667,4.0317
model 20 C,12.3833,3.80115
model 20 C,12.4,3.81295
model 20 C,12.4167,3.8985
model 20 C,12.4333,3.91505
model 20 C,12.45,3.80955
model 20 C,12.4667,3.69085
model 20 C,12.4833,3.42715
model 20 C,12.5,3.3271
model 20 C,12.5167,3.14655
model 20 C,12.5333,2.9667
model 20 C,12.55,2.8172
model 20 C,12.5667,2.91215
model 20 C,12.5833,3.0279
model 20 C,12.6,3.1094
model 20 C,12.6167,3.4735
model 20 C,12.6333,3.65675
model 20 C,12.65,3.70605
model 20 C,12.6667,3.94935
model 20 C,12.6833,4.00365
model 20 C,12.7,4.13505
model 20 C,12.7167,4.3275
model 20 C,12.7333,4.3605
model 20 C,12.75,4.35175
model 20 C,12.7667,4.42395
model 20 C,12.7833,4.46755
model 20 C,12.8,4.4993
model 20 C,12.8167,4.80055
model 20 C,12.8333,5.0681
model 20 C,12.85,5.0549
model 20 C,12.8667,5.3372
model 20 C,12.8833,5.1168
model 20 C,12.9,4.9832
model 20 C,12.9167,4.8122
model 20 C,12.9333,4.70575
model 20 C,12.95,4.48045
model 20 C,12.9667,4.40955
model 20 C,12.9833,4.486
model 20 C,13,4.56965
model 20 C,13.0167,4.70555
model 20 C,13.0333,5.04615
model 20 C,13.05,4.9703
model 20 C,13.0667,5.0165
model 20 C,13.0833,5.5221
model 20 C,13.1,5.65895
model 20 C,13.1167,5.9475
model 20 C,13.1333,6.3013
model 20 C,13.15,6.68875
model 20 C,13.1667,7.4455
model 20 C,13.1833,8.2569
model 20 C,13.2,8.8411
model 20 C,13.2167,9.7538
model 20 C,13.2333,10.7461
model 20 C,13.25,11.5001
model 20 C,13.2667,12.3826
model 20 C,13.2833,13.2463
model 20 C,13.3,14.3747
model 20 C,13.3167,15.5488
model 20 C,13.3333,16.6829
model 20 C,13.35,17.907
model 20 C,13.3667,18.8844
model 20 C,13.3833,20.0448
model 20 C,13.4,21.1923
model 20 C,13.4167,22.2207
model 20 C,13.4333,23.5123
model 20 C,13.45,24.6194
model 20 C,13.4667,25.6077
model 20 C,13.4833,26.3236
model 20 C,13.5,27.0237
model 20 C,13.5167,27.8861
model 20 C,13.5333,28.3978
model 20 C,13.55,28.7525
model 20 C,13.5667,28.9716
model 20 C,13.5833,29.1104
model 20 C,13.6,29.0477
model 20 C,13.6167,28.4772
model 20 C,13.6333,28.3624
model 20 C,13.65,27.9119
model 20 C,13.6667,27.5526
model 20 C,13.6833,26.9994
model 20 C,13.7,26.5282
model 20 C,13.7167,26.0901
model 20 C,13.7333,25.8051
model 20 C,13.75,25.4992
model 20 C,13.7667,25.4202
model 20 C,13.7833,25.6187
model 20 C,13.8,26.0723
model 20 C,13.8167,26.5123
model 20 C,13.8333,27.1876
model 20 C,13.85,28.0217
model 20 C,13.8667,28.8533
model 20 C,13.8833,29.4059
model 20 C,13.9,30.228
model 20 C,13.9167,30.695
model 20 C,13.9333,31.0524
model 20 C,13.95,31.2438
model 20 C,13.9667,31.1473
model 20 C,13.9833,30.9579
model 20 C,14,30.7431
model 20 C,14.0167,30.7074
model 20 C,14.0333,30.2728
model 20 C,14.05,29.8026
model 20 C,14.0667,28.8628
model 20 C,14.0833,27.9378
model 20 C,14.1,26.6022
model 20 C,14.1167,25.3559
model 20 C,14.1333,24.2528
model 20 C,14.15,22.9306
model 20 C,14.1667,21.622
model 20 C,14.1833,20.5761
model 20 C,14.2,19.3313
model 20 C,14.2167,18.3312
model 20 C,14.2333,17.0566
model 20 C,14.25,15.8285
model 20 C,14.2667,14.4627
model 20 C,14.2833,13.1907
model 20 C,14.3,11.8526
model 20 C,14.3167,10.8351
model 20 C,14.3333,10.0543
model 20 C,14.35,9.2328
model 20 C,14.3667,8.84495
model 20 C,14.3833,8.3988
model 20 C,14.4,8.06655
model 20 C,14.4167,7.78745
model 20 C,14.4333,7.52765
model 20 C,14.45,7.5637
model 20 C,14.4667,7.8862
model 20 C,14.4833,7.9661
model 20 C,14.5,8.3631
model 20 C,14.5167,8.8321
model 20 C,14.5333,9.5025
model 20 C,14.55,10.306
model 20 C,14.5667,11.3436
model 20 C,14.5833,12.4451
model 20 C,14.6,13.331
model 20 C,14.6167,14.4272
model 20 C,14.6333,15.2105
model 20 C,14.65,15.8986
model 20 C,14.6667,16.6486
model 20 C,14.6833,17.2103
model 20 C,14.7,17.6921
model 20 C,14.7167,17.8248
model 20 C,14.7333,18.0098
model 20 C,14.75,17.84
model 20 C,14.7667,17.6334
model 20 C,14.7833,17.0171
model 20 C,14.8,16.5101
model 20 C,14.8167,15.7719
model 20 C,14.8333,14.8751
model 20 C,14.85,13.8683
model 20 C,14.8667,12.8265
model 20 C,14.8833,11.7918
model 20 C,14.9,11.0281
model 20 C,14.9167,10.2859
model 20 C,14.9333,9.3409
model 20 C,14.95,8.4979
model 20 C,14.9667,7.7786
model 20 C,14.9833,7.18565
model 20 C,15,6.54765
model 20 C,15.0167,5.69675
model 20 C,15.0333,5.13655
model 20 C,15.05,4.76575
model 20 C,15.0667,4.2959
model 20 C,15.0833,3.9328
model 20 C,15.1,3.7728
model 20 C,15.1167,3.64855
model 20 C,15.1333,3.48815
model 20 C,15.15,3.2831
model 20 C,15.1667,3.09685
model 20 C,15.1833,3.05735
model 20 C,15.2,2.9226
model 20 C,15.2167,2.90665
model 20 C,15.2333,3.0363
model 20 C,15.25,3.1391
model 20 C,15.2667,3.575
model 20 C,15.2833,3.92515
model 20 C,15.3,4.1968
model 20 C,15.3167,4.39595
model 20 C,15.3333,4.5385
model 20 C,15.35,4.46195
model 20 C,15.3667,4.50725
model 20 C,15.3833,4.65915
model 20 C,15.4,4.96275
model 20 C,15.4167,5.3019
model 20 C,15.4333,5.594
model 20 C,15.45,5.81245
model 20 C,15.4667,6.0655
model 20 C,15.4833,6.0604
model 20 C,15.5,5.94745
model 20 C,15.5167,5.68645
model 20 C,15.5333,5.44375
model 20 C,15.55,5.2867
model 20 C,15.5667,5.24885
model 20 C,15.5833,5.30315
model 20 C,15.6,5.23355
model 20 C,15.6167,5.31285
model 20 C,15.6333,5.50445
model 20 C,15.65,5.6202
model 20 C,15.6667,5.83745
model 20 C,15.6833,5.927
model 20 C,15.7,5.7633
model 20 C,15.7167,5.77635
model 20 C,15.7333,5.79265
model 20 C,15.75,6.1085
model 20 C,15.7667,6.3264
model 20 C,15.7833,6.6403
model 20 C,15.8,7.12045
model 20 C,15.8167,7.62165
model 20 C,15.8333,8.1835
model 20 C,15.85,8.719
model 20 C,15.8667,9.164
model 20 C,15.8833,9.4028
model 20 C,15.9,9.68635
model 20 C,15.9167,9.75625
model 20 C,15.9333,9.7529
model 20 C,15.95,9.8396
model 20 C,15.9667,9.63065
model 20 C,15.9833,9.548
model 20 C,16,9.1725
model 20 C,16.0167,8.59025
model 20 C,16.0333,8.08025
model 20 C,16.05,7.4363
model 20 C,16.0667,6.6162
model 20 C,16.0833,6.12735
model 20 C,16.1,5.7654
model 20 C,16.1167,5.25275
model 20 C,16.1333,4.69805
model 20 C,16.15,4.47035
model 20 C,16.1667,4.42915
model 20 C,16.1833,4.51995
model 20 C,16.2,4.62435
model 20 C,16.2167,4.5815
model 20 C,16.2333,4.49745
model 20 C,16.25,4.3626
model 20 C,16.2667,4.378
model 20 C,16.2833,4.2873
model 20 C,16.3,4.4316
model 20 C,16.3167,4.29415
model 20 C,16.3333,4.19555
model 20 C,16.35,3.97695
model 20 C,16.3667,3.90815
model 20 C,16.3833,3.87225
model 20 C,16.4,3.60955
model 20 C,16.4167,3.38605
model 20 C,16.4333,3.18085
model 20 C,16.45,2.93625
model 20 C,16.4667,2.76665
model 20 C,16.4833,2.84555
model 20 C,16.5,2.84505
model 20 C,16.5167,2.7076
model 20 C,16.5333,2.72715
model 20 C,16.55,2.65205
model 20 C,16.5667,2.59385
model 20 C,16.5833,2.6568
model 20 C,16.6,2.58245
model 20 C,16.6167,2.6982
model 20 C,16.6333,2.63705
model 20 C,16.65,2.69605
model 20 C,16.6667,2.77235
model 20 C,16.6833,3.20605
model 20 C,16.7,3.59535
model 20 C,16.7167,3.94015
model 20 C,16.7333,4.30495
model 20 C,16.75,4.66185
model 20 C,16.7667,4.8672
model 20 C,16.7833,4.872
model 20 C,16.8,5.05505
model 20 C,16.8167,4.9903
model 20 C,16.8333,5.01815
model 20 C,16.85,5.1727
model 20 C,16.8667,5.37895
model 20 C,16.8833,5.7706
model 20 C,16.9,6.01175
model 20 C,16.9167,6.4802
model 20 C,16.9333,6.88275
model 20 C,16.95,7.3416
model 20 C,16.9667,7.7587
model 20 C,16.9833,8.3851
model 20 C,17,9.16535
model 20 C,17.0167,10.0345
model 20 C,17.0333,10.9287
model 20 C,17.05,12.0451
model 20 C,17.0667,13.0647
model 20 C,17.0833,14.2527
model 20 C,17.1,15.2829
model 20 C,17.1167,16.3778
model 20 C,17.1333,17.5275
model 20 C,17.15,18.6196
model 20 C,17.1667,19.7381
model 20 C,17.1833,21.0222
model 20 C,17.2,22.1607
model 20 C,17.2167,23.5046
model 20 C,17.2333,24.5822
model 20 C,17.25,25.9
model 20 C,17.2667,26.999
model 20 C,17.2833,27.7818
model 20 C,17.3,28.4664
model 20 C,17.3167,29.1083
model 20 C,17.3333,29.6043
model 20 C,17.35,30.1103
model 20 C,17.3667,30.393
model 20 C,17.3833,30.4671
model 20 C,17.4,30.4291
model 20 C,17.4167,30.1878
model 20 C,17.4333,30.0561
model 20 C,17.45,29.5246
model 20 C,17.4667,28.9774
model 20 C,17.4833,28.1962
model 20 C,17.5,27.2261
model 20 C,17.5167,26.2297
model 20 C,17.5333,24.9659
model 20 C,17.55,23.7494
model 20 C,17.5667,22.6534
model 20 C,17.5833,21.5449
model 20 C,17.6,20.4556
model 20 C,17.6167,19.361
model 20 C,17.6333,18.1898
model 20 C,17.65,16.9041
model 20 C,17.6667,15.837
model 20 C,17.6833,14.6353
model 20 C,17.7,13.5621
model 20 C,17.7167,12.5966
model 20 C,17.7333,11.5343
model 20 C,17.75,10.6847
model 20 C,17.7667,10.021
model 20 C,17.7833,9.21785
model 20 C,17.8,8.6322
model 20 C,17.8167,8.03795
model 20 C,17.8333,7.31725
model 20 C,17.85,6.6941
model 20 C,17.8667,6.2737
model 20 C,17.8833,5.7034
model 20 C,17.9,5.27275
model 20 C,17.9167,5.1799
model 20 C,17.9333,5.0653
model 20 C,17.95,4.75895
model 20 C,17.9667,4.51865
model 20 C,17.9833,4.4162
model 20 C,18,4.28235
model 20 C,18.0167,4.29095
model 20 C,18.0333,4.3772
model 20 C,18.05,4.40245
model 20 C,18.0667,4.53465
model 20 C,18.0833,4.5705
model 20 C,18.1,4.58375
model 20 C,18.1167,4.6122
model 20 C,18.1333,4.61585
model 20 C,18.15,4.6261
model 20 C,18.1667,4.7094
model 20 C,18.1833,4.81235
model 20 C,18.2,4.849
model 20 C,18.2167,5.1292
model 20 C,18.2333,5.1863
model 20 C,18.25,5.13705
model 20 C,18.2667,4.873
model 20 C,18.2833,4.78715
model 20 C,18.3,4.8342
model 20 C,18.3167,4.8187
model 20 C,18.3333,4.97045
model 20 C,18.35,5.07535
model 20 C,18.3667,5.3287
model 20 C,18.3833,5.5028
model 20 C,18.4,5.3868
model 20 C,18.4167,5.29235
model 20 C,18.4333,5.0495
model 20 C,18.45,4.7652
model 20 C,18.4667,4.67385
model 20 C,18.4833,4.37565
model 20 C,18.5,4.41635
model 20 C,18.5167,4.36335
model 20 C,18.5333,4.45095
model 20 C,18.55,4.50335
model 20 C,18.5667,4.37475
model 20 C,18.5833,4.0495
model 20 C,18.6,3.7547
model 20 C,18.6167,3.5106
model 20 C,18.6333,3.215
model 20 C,18.65,3.0355
model 20 C,18.6667,2.95355
model 20 C,18.6833,3.04835
model 20 C,18.7,2.95705
model 20 C,18.7167,2.8991
model 20 C,18.7333,2.93885
model 20 C,18.75,3.1359
model 20 C,18.7667,3.10485
model 20 C,18.7833,2.96855
model 20 C,18.8,2.885
model 20 C,18.8167,2.96505
model 20 C,18.8333,3.24475
model 20 C,18.85,3.31095
model 20 C,18.8667,3.36805
model 20 C,18.8833,3.42
model 20 C,18.9,3.7149
model 20 C,18.9167,3.8433
model 20 C,18.9333,4.06195
model 20 C,18.95,4.1221
model 20 C,18.9667,4.3863
model 20 C,18.9833,4.70095
model 20 C,19,4.8678
model 20 C,19.0167,5.068
model 20 C,19.0333,5.04855
model 20 C,19.05,5.2282
model 20 C,19.0667,5.2399
model 20 C,19.0833,5.18215
model 20 C,19.1,5.19555
model 20 C,19.1167,5.26475
model 20 C,19.1333,5.78725
model 20 C,19.15,6.04285
model 20 C,19.1667,6.4697
model 20 C,19.1833,6.84005
model 20 C,19.2,7.04995
model 20 C,19.2167,7.3713
model 20 C,19.2333,7.80345
model 20 C,19.25,8.48305
model 20 C,19.2667,9.14535
model 20 C,19.2833,9.98135
model 20 C,19.3,11.0031
model 20 C,19.3167,12.0609
model 20 C,19.3333,13.1684
model 20 C,19.35,14.2373
model 20 C,19.3667,15.2048
model 20 C,19.3833,16.395
model 20 C,19.4,17.4207
model 20 C,19.4167,18.1681
model 20 C,19.4333,19.2955
model 20 C,19.45,20.423
model 20 C,19.4667,21.5907
model 20 C,19.4833,22.6379
model 20 C,19.5,24.0169
model 20 C,19.5167,25.1359
model 20 C,19.5333,26.1165
model 20 C,19.55,27.2178
model 20 C,19.5667,28.1695
model 20 C,19.5833,29.3215
model 20 C,19.6,30.511
model 20 C,19.6167,31.5898
model 20 C,19.6333,32.7458
model 20 C,19.65,33.8531
model 20 C,19.6667,34.994
model 20 C,19.6833,35.9534
model 20 C,19.7,36.768
model 20 C,19.7167,37.4433
model 20 C,19.7333,37.815
model 20 C,19.75,38.2013
model 20 C,19.7667,38.367
model 20 C,19.7833,38.3877
model 20 C,19.8,38.4125
model 20 C,19.8167,38.2365
model 20 C,19.8333,37.8577
model 20 C,19.85,37.5502
model 20 C,19.8667,37.0955
model 20 C,19.8833,36.4762
model 20 C,19.9,35.528
model 20 C,19.9167,34.6118
model 20 C,19.9333,33.2802
model 20 C,19.95,32.2678
model 20 C,19.9667,31.147
model 20 C,19.9833,29.9774
model 20 C,20,28.9398
model 20 C,20.0167,27.9096
model 20 C,20.0333,26.646
model 20 C,20.05,25.4861
model 20 C,20.0667,24.5211
model 20 C,20.0833,23.2994
model 20 C,20.1,22.022
model 20 C,20.1167,20.8756
model 20 C,20.1333,19.727
model 20 C,20.15,18.6705
model 20 C,20.1667,17.345
model 20 C,20.1833,16.1029
model 20 C,20.2,14.9976
model 20 C,20.2167,14.0371
model 20 C,20.2333,12.8981
model 20 C,20.25,11.7998
model 20 C,20.2667,10.6634
model 20 C,20.2833,9.4473
model 20 C,20.3,8.6686
model 20 C,20.3167,8.01465
model 20 C,20.3333,7.2323
model 20 C,20.35,6.68335
model 20 C,20.3667,6.39515
model 20 C,20.3833,5.8585
model 20 C,20.4,5.6594
model 20 C,20.4167,5.55595
model 20 C,20.4333,5.6794
model 20 C,20.45,5.9087
model 20 C,20.4667,6.24055
model 20 C,20.4833,6.72295
model 20 C,20.5,7.2791
model 20 C,20.5167,8.1294
model 20 C,20.5333,9.05885
model 20 C,20.55,10.0922
model 20 C,20.5667,11.3272
model 20 C,20.5833,12.2576
model 20 C,20.6,13.297
model 20 C,20.6167,14.5125
model 20 C,20.6333,15.6804
model 20 C,20.65,16.6545
model 20 C,20.6667,17.9077
model 20 C,20.6833,18.9593
model 20 C,20.7,20.0895
model 20 C,20.7167,21.3605
model 20 C,20.7333,22.3568
model 20 C,20.75,23.2443
model 20 C,20.7667,24.0417
model 20 C,20.7833,24.9429
model 20 C,20.8,25.4687
model 20 C,20.8167,26.0646
model 20 C,20.8333,26.4198
model 20 C,20.85,26.7864
model 20 C,20.8667,26.8411
model 20 C,20.8833,26.8868
model 20 C,20.9,26.6414
model 20 C,20.9167,26.1931
model 20 C,20.9333,25.6188
model 20 C,20.95,25.0744
model 20 C,20.9667,24.4072
model 20 C,20.9833,23.5804
model 20 C,21,22.6062
model 20 C,21.0167,21.7563
model 20 C,21.0333,20.5842
model 20 C,21.05,19.4505
model 20 C,21.0667,18.6239
model 20 C,21.0833,17.8905
model 20 C,21.1,17.2099
model 20 C,21.1167,16.7828
model 20 C,21.1333,16.1427
model 20 C,21.15,15.8838
model 20 C,21.1667,16.1072
model 20 C,21.1833,16.5012
model 20 C,21.2,16.7702
model 20 C,21.2167,17.0417
model 20 C,21.2333,17.4605
model 20 C,21.25,18.2227
model 20 C,21.2667,19.1602
model 20 C,21.2833,20.3516
model 20 C,21.3,21.6041
model 20 C,21.3167,22.9387
model 20 C,21.3333,24.0415
model 20 C,21.35,24.7885
model 20 C,21.3667,25.5163
model 20 C,21.3833,26.0111
model 20 C,21.4,26.3123
model 20 C,21.4167,26.7813
model 20 C,21.4333,27.0182
model 20 C,21.45,26.8934
model 20 C,21.4667,26.7941
model 20 C,21.4833,26.5784
model 20 C,21.5,26.156
model 20 C,21.5167,25.5673
model 20 C,21.5333,24.8126
model 20 C,21.55,23.7296
model 20 C,21.5667,22.5494
model 20 C,21.5833,21.4721
model 20 C,21.6,20.319
model 20 C,21.6167,19.0992
model 20 C,21.6333,18.0442
model 20 C,21.65,17.0221
model 20 C,21.6667,16.1428
model 20 C,21.6833,15.3392
model 20 C,21.7,14.6455
model 20 C,21.7167,14.0511
model 20 C,21.7333,13.764
model 20 C,21.75,13.5659
model 20 C,21.7667,13.4795
model 20 C,21.7833,13.3892
model 20 C,21.8,13.5872
model 20 C,21.8167,13.9458
model 20 C,21.8333,14.441
model 20 C,21.85,15.1013
model 20 C,21.8667,15.8355
model 20 C,21.8833,16.6905
model 20 C,21.9,17.6656
model 20 C,21.9167,18.8573
model 20 C,21.9333,19.8781
model 20 C,21.95,20.899
model 20 C,21.9667,22.1416
model 20 C,21.9833,23.3004
model 20 C,22,24.3397
model 20 C,22.0167,25.318
model 20 C,22.0333,26.1787
model 20 C,22.05,26.8736
model 20 C,22.0667,27.3054
model 20 C,22.0833,27.691
model 20 C,22.1,28.1452
model 20 C,22.1167,28.4123
model 20 C,22.1333,28.4584
model 20 C,22.15,28.5654
model 20 C,22.1667,28.3661
model 20 C,22.1833,27.9447
model 20 C,22.2,27.5586
model 20 C,22.2167,27.0888
model 20 C,22.2333,26.7849
model 20 C,22.25,26.4369
model 20 C,22.2667,26.2111
model 20 C,22.2833,25.8904
model 20 C,22.3,25.8499
model 20 C,22.3167,26.0224
model 20 C,22.3333,26.4891
model 20 C,22.35,27.0361
model 20 C,22.3667,27.71
model 20 C,22.3833,28.512
model 20 C,22.4,29.3864
model 20 C,22.4167,30.5373
model 20 C,22.4333,31.7385
model 20 C,22.45,32.8738
model 20 C,22.4667,34.1777
model 20 C,22.4833,35.4558
model 20 C,22.5,36.3516
model 20 C,22.5167,37.4397
model 20 C,22.5333,38.7107
model 20 C,22.55,39.9697
model 20 C,22.5667,41.0635
model 20 C,22.5833,42.3443
model 20 C,22.6,43.5032
model 20 C,22.6167,44.4988
model 20 C,22.6333,45.5097
model 20 C,22.65,46.3262
model 20 C,22.6667,47.1653
model 20 C,22.6833,47.797
model 20 C,22.7,48.2669
model 20 C,22.7167,48.5632
model 20 C,22.7333,48.9612
model 20 C,22.75,49.1105
model 20 C,22.7667,49.1588
model 20 C,22.7833,49.0056
model 20 C,22.8,49.0378
model 20 C,22.8167,48.8574
model 20 C,22.8333,48.5531
model 20 C,22.85,48.3553
model 20 C,22.8667,48.1212
model 20 C,22.8833,47.9592
model 20 C,22.9,47.7938
model 20 C,22.9167,47.8599
model 20 C,22.9333,47.7894
model 20 C,22.95,48.1977
model 20 C,22.9667,48.588
model 20 C,22.9833,49.1144
model 20 C,23,50.0428
model 20 C,23.0167,50.7963
model 20 C,23.0333,51.7009
model 20 C,23.05,52.544
model 20 C,23.0667,53.3344
model 20 C,23.0833,53.834
model 20 C,23.1,54.1658
model 20 C,23.1167,54.2284
model 20 C,23.1333,54.0356
model 20 C,23.15,54.0536
model 20 C,23.1667,53.6861
model 20 C,23.1833,53.3099
model 20 C,23.2,52.8091
model 20 C,23.2167,52.0682
model 20 C,23.2333,51.1756
model 20 C,23.25,50.215
model 20 C,23.2667,49.1491
model 20 C,23.2833,47.9683
model 20 C,23.3,47.0953
model 20 C,23.3167,46.0287
model 20 C,23.3333,44.9896
model 20 C,23.35,43.7032
model 20 C,23.3667,42.7682
model 20 C,23.3833,41.7622
model 20 C,23.4,41.0882
model 20 C,23.4167,40.5095
model 20 C,23.4333,40.1148
model 20 C,23.45,39.8074
model 20 C,23.4667,39.6403
model 20 C,23.4833,39.8804
model 20 C,23.5,40.0535
model 20 C,23.5167,40.4256
model 20 C,23.5333,40.8132
model 20 C,23.55,41.3815
model 20 C,23.5667,42.2058
model 20 C,23.5833,42.932
model 20 C,23.6,43.5446
model 20 C,23.6167,44.2936
model 20 C,23.6333,44.7923
model 20 C,23.65,45.2043
model 20 C,23.6667,45.6751
model 20 C,23.6833,46.069
model 20 C,23.7,46.0568
model 20 C,23.7167,45.852
model 20 C,23.7333,45.2383
model 20 C,23.75,44.9988
model 20 C,23.7667,44.648
model 20 C,23.7833,44.3314
model 20 C,23.8,43.8815
model 20 C,23.8167,43.7326
model 20 C,23.8333,43.3558
model 20 C,23.85,43.1975
model 20 C,23.8667,43.1025
model 20 C,23.8833,43.1061
model 20 C,23.9,43.2953
model 20 C,23.9167,43.615
model 20 C,23.9333,44.0592
model 20 C,23.95,44.3355
model 20 C,23.9667,44.8973
model 20 C,23.9833,45.299
model 20 C,24,45.7086
model 20 C,24.0167,46.0906
model 20 C,24.0333,46.3635
model 20 C,24.05,46.4744
model 20 C,24.0667,46.1827
model 20 C,24.0833,45.9079
model 20 C,24.1,45.638
model 20 C,24.1167,45.011
model 20 C,24.1333,44.3299
model 20 C,24.15,43.5545
model 20 C,24.1667,42.4244
model 20 C,24.1833,41.3492
model 20 C,24.2,40.2726
model 20 C,24.2167,39.1431
model 20 C,24.2333,38.111
model 20 C,24.25,37.0829
model 20 C,24.2667,36.2557
model 20 C,24.2833,35.7491
model 20 C,24.3,35.402
model 20 C,24.3167,35.231
model 20 C,24.3333,34.9443
model 20 C,24.35,34.8489
model 20 C,24.3667,34.9176
model 20 C,24.3833,35.1694
model 20 C,24.4,35.3815
model 20 C,24.4167,35.9751
model 20 C,24.4333,36.81
model 20 C,24.45,37.4134
model 20 C,24.4667,38.2732
model 20 C,24.4833,39.4832
model 20 C,24.5,40.6366
model 20 C,24.5167,41.5549
model 20 C,24.5333,42.4042
model 20 C,24.55,43.1349
model 20 C,24.5667,43.6925
model 20 C,24.5833,43.8546
model 20 C,24.6,43.928
model 20 C,24.6167,44.1867
model 20 C,24.6333,44.1367
model 20 C,24.65,43.9669
model 20 C,24.6667,43.6451
model 20 C,24.6833,43.193
model 20 C,24.7,42.63
model 20 C,24.7167,42.2039
model 20 C,24.7333,41.7661
model 20 C,24.75,41.1632
model 20 C,24.7667,40.7933
model 20 C,24.7833,40.4594
model 20 C,24.8,40.0975
model 20 C,24.8167,40.0677
model 20 C,24.8333,40.1396
model 20 C,24.85,40.4042
model 20 C,24.8667,40.867
model 20 C,24.8833,41.1549
model 20 C,24.9,41.751
model 20 C,24.9167,42.5014
model 20 C,24.9333,43.7059
model 20 C,24.95,44.8608
model 20 C,24.9667,45.7839
model 20 C,24.9833,46.8636
model 20 C,25,47.87
model 20 C,25.0167,48.9659
model 20 C,25.0333,49.6071
model 20 C,25.05,50.139
model 20 C,25.0667,50.5742
model 20 C,25.0833,50.9173
model 20 C,25.1,51.0693
model 20 C,25.1167,51.2555
model 20 C,25.1333,51.1277
model 20 C,25.15,50.8868
model 20 C,25.1667,50.4243
model 20 C,25.1833,49.935
model 20 C,25.2,49.497
model 20 C,25.2167,48.9758
model 20 C,25.2333,48.5634
model 20 C,25.25,48.219
model 20 C,25.2667,47.8335
model 20 C,25.2833,47.5534
model 20 C,25.3,47.5917
model 20 C,25.3167,47.6533
model 20 C,25.3333,47.9304
model 20 C,25.35,48.2973
model 20 C,25.3667,48.9663
model 20 C,25.3833,49.5266
model 20 C,25.4,50.345
model 20 C,25.4167,51.4636
model 20 C,25.4333,52.5891
model 20 C,25.45,53.5134
model 20 C,25.4667,54.8546
model 20 C,25.4833,55.8954
model 20 C,25.5,56.8291
model 20 C,25.5167,57.9755
model 20 C,25.5333,58.933
model 20 C,25.55,60.0207
model 20 C,25.5667,60.8503
model 20 C,25.5833,61.5008
model 20 C,25.6,62.1779
model 20 C,25.6167,62.6126
model 20 C,25.6333,62.8929
model 20 C,25.65,63.0116
model 20 C,25.6667,63.075
model 20 C,25.6833,63.0574
model 20 C,25.7,62.8567
model 20 C,25.7167,62.4772
model 20 C,25.7333,61.7844
model 20 C,25.75,61.2289
model 20 C,25.7667,60.2555
model 20 C,25.7833,59.4529
model 20 C,25.8,58.3505
model 20 C,25.8167,57.1639
model 20 C,25.8333,56.0119
model 20 C,25.85,54.8948
model 20 C,25.8667,53.6026
model 20 C,25.8833,52.6889
model 20 C,25.9,51.4063
model 20 C,25.9167,50.1891
model 20 C,25.9333,48.9654
model 20 C,25.95,47.8535
model 20 C,25.9667,47.0493
model 20 C,25.9833,46.2948
model 20 C,26,45.5694
model 20 C,26.0167,45.0326
model 20 C,26.0333,44.571
model 20 C,26.05,44.459
model 20 C,26.0667,44.4194
model 20 C,26.0833,44.5131
model 20 C,26.1,45.0556
model 20 C,26.1167,45.3681
model 20 C,26.1333,45.7699
model 20 C,26.15,46.1217
model 20 C,26.1667,46.6183
model 20 C,26.1833,47.3841
model 20 C,26.2,48.062
model 20 C,26.2167,48.8652
model 20 C,26.2333,49.157
model 20 C,26.25,49.3972
model 20 C,26.2667,49.447
model 20 C,26.2833,49.1561
model 20 C,26.3,49.0151
model 20 C,26.3167,48.7289
model 20 C,26.3333,48.5478
model 20 C,26.35,48.0784
model 20 C,26.3667,47.5759
model 20 C,26.3833,46.5668
model 20 C,26.4,45.7062
model 20 C,26.4167,44.4616
model 20 C,26.4333,43.4937
model 20 C,26.45,42.5297
model 20 C,26.4667,41.3205
model 20 C,26.4833,40.2617
model 20 C,26.5,39.0723
model 20 C,26.5167,37.929
model 20 C,26.5333,36.7822
model 20 C,26.55,35.7906
model 20 C,26.5667,34.5794
model 20 C,26.5833,33.4378
model 20 C,26.6,32.2465
model 20 C,26.6167,30.8966
model 20 C,26.6333,29.6719
model 20 C,26.65,28.7191
model 20 C,26.6667,27.577
model 20 C,26.6833,26.5105
model 20 C,26.7,25.398
model 20 C,26.7167,24.2796
model 20 C,26.7333,23.0832
model 20 C,26.75,21.7724
model 20 C,26.7667,20.6112
model 20 C,26.7833,19.7658
model 20 C,26.8,18.4719
model 20 C,26.8167,17.5969
model 20 C,26.8333,16.9483
model 20 C,26.85,16.3752
model 20 C,26.8667,16.0657
model 20 C,26.8833,15.6757
model 20 C,26.9,15.5038
model 20 C,26.9167,15.5365
model 20 C,26.9333,15.8953
model 20 C,26.95,16.2305
model 20 C,26.9667,16.6603
model 20 C,26.9833,17.2673
model 20 C,27,18.0579
model 20 C,27.0167,18.8317
model 20 C,27.0333,19.8156
model 20 C,27.05,20.9954
model 20 C,27.0667,22.0855
model 20 C,27.0833,23.3944
model 20 C,27.1,24.5521
model 20 C,27.1167,25.7175
model 20 C,27.1333,26.7507
model 20 C,27.15,27.8119
model 20 C,27.1667,28.9497
model 20 C,27.1833,30.0747
model 20 C,27.2,31.2739
model 20 C,27.2167,32.3952
model 20 C,27.2333,33.5609
model 20 C,27.25,34.7323
model 20 C,27.2667,35.9047
model 20 C,27.2833,36.913
model 20 C,27.3,37.9819
model 20 C,27.3167,39.1994
model 20 C,27.3333,40.4205
model 20 C,27.35,41.6673
model 20 C,27.3667,42.5264
model 20 C,27.3833,43.5614
model 20 C,27.4,44.7916
model 20 C,27.4167,46.1429
model 20 C,27.4333,47.3016
model 20 C,27.45,48.4786
model 20 C,27.4667,49.5485
model 20 C,27.4833,50.3464
model 20 C,27.5,51.4397
model 20 C,27.5167,52.7353
model 20 C,27.5333,54.0382
model 20 C,27.55,55.0862
model 20 C,27.5667,56.0515
model 20 C,27.5833,56.9447
model 20 C,27.6,57.8507
model 20 C,27.6167,58.6739
model 20 C,27.6333,59.3425
model 20 C,27.65,59.7659
model 20 C,27.6667,60.0765
model 20 C,27.6833,60.1268
model 20 C,27.7,60.2856
model 20 C,27.7167,60.1842
model 20 C,27.7333,59.7941
model 20 C,27.75,59.285
model 20 C,27.7667,58.8561
model 20 C,27.7833,58.0917
model 20 C,27.8,57.3678
model 20 C,27.8167,56.316
model 20 C,27.8333,55.2826
model 20 C,27.85,54.1928
model 20 C,27.8667,53.1091
model 20 C,27.8833,51.914
model 20 C,27.9,50.7745
model 20 C,27.9167,49.752
model 20 C,27.9333,48.5915
model 20 C,27.95,47.4345
model 20 C,27.9667,46.3333
model 20 C,27.9833,45.1296
model 20 C,28,44.014
model 20 C,28.0167,42.9771
model 20 C,28.0333,41.9618
model 20 C,28.05,40.8653
model 20 C,28.0667,39.8609
model 20 C,28.0833,38.9396
model 20 C,28.1,38.0725
model 20 C,28.1167,37.1471
model 20 C,28.1333,36.7075
model 20 C,28.15,36.3472
model 20 C,28.1667,35.9984
model 20 C,28.1833,35.9056
model 20 C,28.2,35.8918
model 20 C,28.2167,35.9316
model 20 C,28.2333,36.2224
model 20 C,28.25,36.7248
model 20 C,28.2667,37.4326
model 20 C,28.2833,38.1654
model 20 C,28.3,39.2294
model 20 C,28.3167,40.3273
model 20 C,28.3333,41.4832
model 20 C,28.35,42.7542
model 20 C,28.3667,43.8532
model 20 C,28.3833,45.0038
model 20 C,28.4,46.2984
model 20 C,28.4167,47.5219
model 20 C,28.4333,48.6409
model 20 C,28.45,49.8712
model 20 C,28.4667,50.953
model 20 C,28.4833,52.1763
model 20 C,28.5,53.4181
model 20 C,28.5167,54.5172
model 20 C,28.5333,55.5921
model 20 C,28.55,56.5665
model 20 C,28.5667,57.4015
model 20 C,28.5833,58.0851
model 20 C,28.6,58.7735
model 20 C,28.6167,59.352
model 20 C,28.6333,59.3918
model 20 C,28.65,59.3597
model 20 C,28.6667,59.2439
model 20 C,28.6833,59.151
model 20 C,28.7,58.9834
model 20 C,28.7167,58.6778
model 20 C,28.7333,58.0514
model 20 C,28.75,57.2553
model 20 C,28.7667,56.2009
model 20 C,28.7833,55.5379
model 20 C,28.8,54.897
model 20 C,28.8167,54.3862
model 20 C,28.8333,53.9754
model 20 C,28.85,53.4657
model 20 C,28.8667,53.2784
model 20 C,28.8833,53.3008
model 20 C,28.9,53.0624
model 20 C,28.9167,52.9046
model 20 C,28.9333,52.8687
model 20 C,28.95,52.6412
model 20 C,28.9667,52.4738
model 20 C,28.9833,52.6008
model 20 C,29,52.4393
model 20 C,29.0167,52.5632
model 20 C,29.0333,52.6303
model 20 C,29.05,52.3215
model 20 C,29.0667,52.2816
model 20 C,29.0833,52.1866
model 20 C,29.1,52.0446
model 20 C,29.1167,51.8342
model 20 C,29.1333,51.7315
model 20 C,29.15,51.7319
model 20 C,29.1667,52.0586
model 20 C,29.1833,52.3512
model 20 C,29.2,52.8944
model 20 C,29.2167,53.5472
model 20 C,29.2333,54.3227
model 20 C,29.25,55.4008
model 20 C,29.2667,56.5979
model 20 C,29.2833,57.8998
model 20 C,29.3,58.8798
model 20 C,29.3167,60.0305
model 20 C,29.3333,61.0913
model 20 C,29.35,62.2124
model 20 C,29.3667,63.2371
model 20 C,29.3833,64.3809
model 20 C,29.4,65.3937
model 20 C,29.4167,66.6025
model 20 C,29.4333,67.7365
model 20 C,29.45,68.8229
model 20 C,29.4667,69.9503
model 20 C,29.4833,71.0788
model 20 C,29.5,72.1652
model 20 C,29.5167,73.2613
model 20 C,29.5333,74.4165
model 20 C,29.55,75.4224
model 20 C,29.5667,76.3971
model 20 C,29.5833,77.423
model 20 C,29.6,78.5318
model 20 C,29.6167,79.7416
model 20 C,29.6333,80.8997
model 20 C,29.65,82.0407
model 20 C,29.6667,83.223
model 20 C,29.6833,84.1654
model 20 C,29.7,85.0934
model 20 C,29.7167,86.2806
model 20 C,29.7333,87.4256
model 20 C,29.75,88.4806
model 20 C,29.7667,89.3752
model 20 C,29.7833,90.3872
model 20 C,29.8,91.0534
model 20 C,29.8167,91.5834
model 20 C,29.8333,92.001
model 20 C,29.85,92.1982
model 20 C,29.8667,92.2768
model 20 C,29.8833,92.1345
model 20 C,29.9,92.1229
model 20 C,29.9167,92.1134
model 20 C,29.9333,92.0597
model 20 C,29.95,92.188
model 20 C,29.9667,92.2184
model 20 C,29.9833,92.0086
model 20 C,30,91.8363
model 20 C,30.0167,91.7597
model 20 C,30.0333,91.7013
model 20 C,30.05,91.3989
model 20 C,30.0667,91.2606
model 20 C,30.0833,91.3219
model 20 C,30.1,91.4218
model 20 C,30.1167,91.5052
model 20 C,30.1333,91.4844
model 20 C,30.15,91.3791
model 20 C,30.1667,91.3084
model 20 C,30.1833,91.4991
model 20 C,30.2,91.5831
model 20 C,30.2167,91.5291
model 20 C,30.2333,91.6835
model 20 C,30.25,91.843
model 20 C,30.2667,91.918
model 20 C,30.2833,92.0139
model 20 C,30.3,91.9929
model 20 C,30.3167,92.1961
model 20 C,30.3333,92.2869
model 20 C,30.35,92.3782
model 20 C,30.3667,92.5483
model 20 C,30.3833,92.6273
model 20 C,30.4,92.5362
model 20 C,30.4167,92.6509
model 20 C,30.4333,92.8169
model 20 C,30.45,92.9
model 20 C,30.4667,92.9062
model 20 C,30.4833,92.7309
model 20 C,30.5,92.4965
model 20 C,30.5167,92.4753
model 20 C,30.5333,92.2499
model 20 C,30.55,92.2135
model 20 C,30.5667,92.3615
model 20 C,30.5833,92.4397
model 20 C,30.6,92.4547
model 20 C,30.6167,92.5594
model 20 C,30.6333,92.5744
model 20 C,30.65,92.6149
model 20 C,30.6667,92.1539
model 20 C,30.6833,91.608
model 20 C,30.7,91.1748
model 20 C,30.7167,90.8017
model 20 C,30.7333,90.7357
model 20 C,30.75,90.7833
model 20 C,30.7667,90.7375
model 20 C,30.7833,90.6038
model 20 C,30.8,90.5547
model 20 C,30.8167,90.721
model 20 C,30.8333,90.8588
model 20 C,30.85,90.9667
model 20 C,30.8667,91.1971
model 20 C,30.8833,91.4159
model 20 C,30.9,91.7155
model 20 C,30.9167,91.805
model 20 C,30.9333,91.9519
model 20 C,30.95,92.0388
model 20 C,30.9667,92.2796
model 20 C,30.9833,92.2407
model 20 C,31,92.0911
model 20 C,31.0167,91.8012
model 20 C,31.0333,91.8689
model 20 C,31.05,91.8685
model 20 C,31.0667,91.7673
model 20 C,31.0833,91.8774
model 20 C,31.1,91.7022
model 20 C,31.1167,91.6252
model 20 C,31.1333,91.4036
model 20 C,31.15,91.3562
model 20 C,31.1667,91.3916
model 20 C,31.1833,91.278
model 20 C,31.2,91.1047
model 20 C,31.2167,91.2561
model 20 C,31.2333,91.2685
model 20 C,31.25,91.1639
model 20 C,31.2667,91.1882
model 20 C,31.2833,91.4194
model 20 C,31.3,91.3233
model 20 C,31.3167,91.4136
model 20 C,31.3333,91.254
model 20 C,31.35,91.1429
model 20 C,31.3667,91.1056
model 20 C,31.3833,91.0532
model 20 C,31.4,91.2567
model 20 C,31.4167,91.6687
model 20 C,31.4333,91.9428
model 20 C,31.45,92.153
model 20 C,31.4667,92.5469
model 20 C,31.4833,92.7017
model 20 C,31.5,93.1358
model 20 C,31.5167,93.1857
model 20 C,31.5333,93.1594
model 20 C,31.55,93.0704
model 20 C,31.5667,93.1047
model 20 C,31.5833,93.2003
model 20 C,31.6,93.3557
model 20 C,31.6167,93.3147
model 20 C,31.6333,93.4178
model 20 C,31.65,93.4605
model 20 C,31.6667,93.4522
model 20 C,31.6833,93.331
model 20 C,31.7,93.1806
model 20 C,31.7167,92.9194
model 20 C,31.7333,92.5005
model 20 C,31.75,92.1261
model 20 C,31.7667,91.7642
model 20 C,31.7833,91.7313
model 20 C,31.8,91.4194
model 20 C,31.8167,91.2654
model 20 C,31.8333,90.9657
model 20 C,31.85,90.659
model 20 C,31.8667,90.368
model 20 C,31.8833,89.7702
model 20 C,31.9,89.1085
model 20 C,31.9167,88.487
model 20 C,31.9333,87.806
model 20 C,31.95,87.0259
model 20 C,31.9667,86.2322
model 20 C,31.9833,85.3525
model 20 C,32,84.665
model 20 C,32.0167,83.5108
model 20 C,32.0333,82.5272
model 20 C,32.05,81.2686
model 20 C,32.0667,80.2011
model 20 C,32.0833,78.9564
model 20 C,32.1,77.7922
model 20 C,32.1167,76.6612
model 20 C,32.1333,75.6633
model 20 C,32.15,74.5344
model 20 C,32.1667,73.45
model 20 C,32.1833,72.2352
model 20 C,32.2,71.2345
model 20 C,32.2167,70.2116
model 20 C,32.2333,69.1214
model 20 C,32.25,67.8103
model 20 C,32.2667,66.7231
model 20 C,32.2833,65.6219
model 20 C,32.3,64.2836
model 20 C,32.3167,63.1964
model 20 C,32.3333,62.2052
model 20 C,32.35,60.8736
model 20 C,32.3667,59.7612
model 20 C,32.3833,58.6392
model 20 C,32.4,57.4457
model 20 C,32.4167,56.4784
model 20 C,32.4333,55.2045
model 20 C,32.45,54.1564
model 20 C,32.4667,53.0515
model 20 C,32.4833,51.9941
model 20 C,32.5,50.8803
model 20 C,32.5167,49.446
model 20 C,32.5333,48.2587
model 20 C,32.55,47.1097
model 20 C,32.5667,45.9883
model 20 C,32.5833,44.8464
model 20 C,32.6,43.6246
model 20 C,32.6167,42.5033
model 20 C,32.6333,41.2786
model 20 C,32.65,40.0956
model 20 C,32.6667,38.9109
model 20 C,32.6833,37.7981
model 20 C,32.7,36.6985
model 20 C,32.7167,35.6731
model 20 C,32.7333,34.6512
model 20 C,32.75,33.8943
model 20 C,32.7667,33.1176
model 20 C,32.7833,32.6406
model 20 C,32.8,32.0999
model 20 C,32.8167,31.8168
model 20 C,32.8333,31.6541
model 20 C,32.85,31.4654
model 20 C,32.8667,31.5578
model 20 C,32.8833,31.8231
model 20 C,32.9,32.2019
model 20 C,32.9167,32.6789
model 20 C,32.9333,33.1639
model 20 C,32.95,33.62
model 20 C,32.9667,34.1577
model 20 C,32.9833,34.4082
model 20 C,33,34.8286
model 20 C,33.0167,35.1347
model 20 C,33.0333,35.0109
model 20 C,33.05,34.8072
model 20 C,33.0667,34.5455
model 20 C,33.0833,34.082
model 20 C,33.1,33.5967
model 20 C,33.1167,32.8713
model 20 C,33.1333,32.0819
model 20 C,33.15,31.1207
model 20 C,33.1667,29.9445
model 20 C,33.1833,28.8158
model 20 C,33.2,27.7418
model 20 C,33.2167,26.6255
model 20 C,33.2333,25.4903
model 20 C,33.25,24.569
model 20 C,33.2667,23.9807
model 20 C,33.2833,23.3552
model 20 C,33.3,22.7376
model 20 C,33.3167,22.3301
model 20 C,33.3333,22.2495
model 20 C,33.35,22.2082
model 20 C,33.3667,22.0819
model 20 C,33.3833,21.8726
model 20 C,33.4,21.8371
model 20 C,33.4167,21.8077
model 20 C,33.4333,21.876
model 20 C,33.45,22.011
model 20 C,33.4667,22.2111
model 20 C,33.4833,22.5712
model 20 C,33.5,22.7403
model 20 C,33.5167,23.0855
model 20 C,33.5333,23.2619
model 20 C,33.55,23.6069
model 20 C,33.5667,23.8217
model 20 C,33.5833,24.1119
model 20 C,33.6,24.0228
model 20 C,33.6167,24.2293
model 20 C,33.6333,24.9346
model 20 C,33.65,25.4226
model 20 C,33.6667,26.0523
model 20 C,33.6833,27.0203
model 20 C,33.7,27.8767
model 20 C,33.7167,28.4138
model 20 C,33.7333,29.0836
model 20 C,33.75,29.7977
model 20 C,33.7667,30.1429
model 20 C,33.7833,30.4506
model 20 C,33.8,30.627
model 20 C,33.8167,30.5299
model 20 C,33.8333,30.3798
model 20 C,33.85,30.2708
model 20 C,33.8667,30.021
model 20 C,33.8833,29.7553
model 20 C,33.9,29.6823
model 20 C,33.9167,29.6152
model 20 C,33.9333,29.5722
model 20 C,33.95,29.4647
model 20 C,33.9667,29.5783
model 20 C,33.9833,30.0113
model 20 C,34,30.2054
model 20 C,34.0167,30.5252
model 20 C,34.0333,30.6729
model 20 C,34.05,31.0597
model 20 C,34.0667,31.4288
model 20 C,34.0833,31.6513
model 20 C,34.1,31.7136
model 20 C,34.1167,31.6365
model 20 C,34.1333,31.3457
model 20 C,34.15,31.0673
model 20 C,34.1667,30.3785
model 20 C,34.1833,29.8853
model 20 C,34.2,29.1016
model 20 C,34.2167,28.2604
model 20 C,34.2333,27.3486
model 20 C,34.25,26.4899
model 20 C,34.2667,25.6896
model 20 C,34.2833,25.0943
model 20 C,34.3,24.7632
model 20 C,34.3167,24.5865
model 20 C,34.3333,24.2686
model 20 C,34.35,24.3109
model 20 C,34.3667,24.4517
model 20 C,34.3833,24.6209
model 20 C,34.4,25.0887
model 20 C,34.4167,25.504
model 20 C,34.4333,26.0049
model 20 C,34.45,26.7061
model 20 C,34.4667,27.7125
model 20 C,34.4833,28.7575
model 20 C,34.5,29.7459
model 20 C,34.5167,30.6649
model 20 C,34.5333,31.8798
model 20 C,34.55,33.0819
model 20 C,34.5667,34.2127
model 20 C,34.5833,35.4213
model 20 C,34.6,36.249
model 20 C,34.6167,37.6129
model 20 C,34.6333,38.5003
model 20 C,34.65,39.713
model 20 C,34.6667,40.9216
model 20 C,34.6833,41.9315
model 20 C,34.7,42.9875
model 20 C,34.7167,44.2542
model 20 C,34.7333,45.3325
model 20 C,34.75,46.29
model 20 C,34.7667,47.2084
model 20 C,34.7833,48.1534
model 20 C,34.8,49.12
model 20 C,34.8167,50.5172
model 20 C,34.8333,51.6275
model 20 C,34.85,52.678
model 20 C,34.8667,53.7325
model 20 C,34.8833,54.6938
model 20 C,34.9,55.5252
model 20 C,34.9167,56.6169
model 20 C,34.9333,57.8106
model 20 C,34.95,59.0894
model 20 C,34.9667,60.2453
model 20 C,34.9833,61.4586
model 20 C,35,62.5385
model 20 C,35.0167,63.4653
model 20 C,35.0333,64.6688
model 20 C,35.05,65.8482
model 20 C,35.0667,66.9032
model 20 C,35.0833,68.0639
model 20 C,35.1,69.3481
model 20 C,35.1167,70.5104
model 20 C,35.1333,71.6217
model 20 C,35.15,72.8256
model 20 C,35.1667,73.9825
model 20 C,35.1833,75.0385
model 20 C,35.2,75.9971
model 20 C,35.2167,76.7075
model 20 C,35.2333,77.3614
model 20 C,35.25,77.9994
model 20 C,35.2667,78.1934
model 20 C,35.2833,78.2095
model 20 C,35.3,78.3288
model 20 C,35.3167,78.3595
model 20 C,35.3333,78.1942
model 20 C,35.35,77.946
model 20 C,35.3667,77.4633
model 20 C,35.3833,76.9126
model 20 C,35.4,76.1652
model 20 C,35.4167,75.0348
model 20 C,35.4333,73.8615
model 20 C,35.45,72.6856
model 20 C,35.4667,71.769
model 20 C,35.4833,70.5333
model 20 C,35.5,69.4746
model 20 C,35.5167,68.3171
model 20 C,35.5333,67.3754
model 20 C,35.55,65.9975
model 20 C,35.5667,65.0819
model 20 C,35.5833,63.9089
model 20 C,35.6,62.7841
model 20 C,35.6167,61.6272
model 20 C,35.6333,60.4934
model 20 C,35.65,59.3492
model 20 C,35.6667,58.0191
model 20 C,35.6833,56.877
model 20 C,35.7,55.6751
model 20 C,35.7167,54.6677
model 20 C,35.7333,53.5611
model 20 C,35.75,52.4177
model 20 C,35.7667,51.3138
model 20 C,35.7833,50.1544
model 20 C,35.8,48.822
model 20 C,35.8167,47.5917
model 20 C,35.8333,46.3996
model 20 C,35.85,45.1769
model 20 C,35.8667,44.054
model 20 C,35.8833,42.8624
model 20 C,35.9,41.76
model 20 C,35.9167,40.7362
model 20 C,35.9333,39.8072
model 20 C,35.95,38.8594
model 20 C,35.9667,38.1971
model 20 C,35.9833,37.5015
model 20 C,36,37.261
model 20 C,36.0167,36.8874
model 20 C,36.0333,36.6979
model 20 C,36.05,36.5761
model 20 C,36.0667,36.6313
model 20 C,36.0833,37.0268
model 20 C,36.1,37.4774
model 20 C,36.1167,37.9982
model 20 C,36.1333,38.7281
model 20 C,36.15,39.5573
model 20 C,36.1667,40.3387
model 20 C,36.1833,41.4518
model 20 C,36.2,42.632
model 20 C,36.2167,43.8182
model 20 C,36.2333,44.7936
model 20 C,36.25,46.0507
model 20 C,36.2667,47.2097
model 20 C,36.2833,48.3272
model 20 C,36.3,49.5256
model 20 C,36.3167,50.5995
model 20 C,36.3333,51.2416
model 20 C,36.35,51.9988
model 20 C,36.3667,52.6869
model 20 C,36.3833,53.0465
model 20 C,36.4,53.3862
model 20 C,36.4167,53.5266
model 20 C,36.4333,53.657
model 20 C,36.45,53.4004
model 20 C,36.4667,53.2736
model 20 C,36.4833,52.8413
model 20 C,36.5,52.4063
model 20 C,36.5167,51.4387
model 20 C,36.5333,50.6853
model 20 C,36.55,49.7514
model 20 C,36.5667,48.4113
model 20 C,36.5833,47.3233
model 20 C,36.6,46.1831
model 20 C,36.6167,45.199
model 20 C,36.6333,43.9759
model 20 C,36.65,43.0368
model 20 C,36.6667,41.9663
model 20 C,36.6833,40.8764
model 20 C,36.7,40
model 20 C,36.7167,38.8262
model 20 C,36.7333,37.9764
model 20 C,36.75,37.3593
model 20 C,36.7667,36.7802
model 20 C,36.7833,36.3394
model 20 C,36.8,35.9503
model 20 C,36.8167,35.6019
model 20 C,36.8333,35.3242
model 20 C,36.85,35.3241
model 20 C,36.8667,35.3389
model 20 C,36.8833,35.8299
model 20 C,36.9,36.1872
model 20 C,36.9167,36.9234
model 20 C,36.9333,37.7137
model 20 C,36.95,38.7955
model 20 C,36.9667,39.8813
model 20 C,36.9833,41.1419
model 20 C,37,42.2822
model 20 C,37.0167,43.2473
model 20 C,37.0333,44.0946
model 20 C,37.05,44.8706
model 20 C,37.0667,45.6021
model 20 C,37.0833,46.0172
model 20 C,37.1,46.2835
model 20 C,37.1167,46.4322
model 20 C,37.1333,46.4663
model 20 C,37.15,46.2698
model 20 C,37.1667,45.9879
model 20 C,37.1833,45.7468
model 20 C,37.2,44.9929
model 20 C,37.2167,44.2311
model 20 C,37.2333,43.176
model 20 C,37.25,42.1932
model 20 C,37.2667,40.9975
model 20 C,37.2833,39.8871
model 20 C,37.3,38.8567
model 20 C,37.3167,37.85
model 20 C,37.3333,36.7242
model 20 C,37.35,35.5971
model 20 C,37.3667,34.6624
model 20 C,37.3833,33.5107
model 20 C,37.4,32.1996
model 20 C,37.4167,31.1551
model 20 C,37.4333,30.0983
model 20 C,37.45,29.106
model 20 C,37.4667,27.644
model 20 C,37.4833,26.3147
model 20 C,37.5,25.282
model 20 C,37.5167,24.175
model 20 C,37.5333,23.0585
model 20 C,37.55,22.0092
model 20 C,37.5667,20.9923
model 20 C,37.5833,19.5922
model 20 C,37.6,18.537
model 20 C,37.6167,17.3323
model 20 C,37.6333,16.208
model 20 C,37.65,14.885
model 20 C,37.6667,13.9674
model 20 C,37.6833,13.0226
model 20 C,37.7,12.1448
model 20 C,37.7167,11.0913
model 20 C,37.7333,9.85045
model 20 C,37.75,9.2293
model 20 C,37.7667,8.56195
model 20 C,37.7833,7.9503
model 20 C,37.8,7.34555
model 20 C,37.8167,6.8669
model 20 C,37.8333,6.66655
model 20 C,37.85,6.4187
model 20 C,37.8667,6.55845
model 20 C,37.8833,6.7147
model 20 C,37.9,6.9379
model 20 C,37.9167,7.51105
model 20 C,37.9333,8.1817
model 20 C,37.95,8.8944
model 20 C,37.9667,9.7811
model 20 C,37.9833,10.7547
model 20 C,38,11.4971
model 20 C,38.0167,12.041
model 20 C,38.0333,12.7439
model 20 C,38.05,13.1815
model 20 C,38.0667,13.3942
model 20 C,38.0833,13.617
model 20 C,38.1,13.6258
model 20 C,38.1167,13.5076
model 20 C,38.1333,13.281
model 20 C,38.15,12.9062
model 20 C,38.1667,12.3224
model 20 C,38.1833,11.4295
model 20 C,38.2,10.5932
model 20 C,38.2167,9.4575
model 20 C,38.2333,8.3651
model 20 C,38.25,7.51195
model 20 C,38.2667,6.67795
model 20 C,38.2833,5.98375
model 20 C,38.3,5.452
model 20 C,38.3167,5.09175
model 20 C,38.3333,4.7065
model 20 C,38.35,4.41705
model 20 C,38.3667,4.144
model 20 C,38.3833,3.99855
model 20 C,38.4,3.94635
model 20 C,38.4167,3.84555
model 20 C,38.4333,3.6533
model 20 C,38.45,3.49035
model 20 C,38.4667,3.50095
model 20 C,38.4833,3.58765
model 20 C,38.5,3.76335
model 20 C,38.5167,3.79735
model 20 C,38.5333,3.9124
model 20 C,38.55,3.8221
model 20 C,38.5667,3.6205
model 20 C,38.5833,3.34885
model 20 C,38.6,3.00515
model 20 C,38.6167,2.9497
model 20 C,38.6333,2.70765
model 20 C,38.65,2.5797
model 20 C,38.6667,2.5757
model 20 C,38.6833,2.91125
model 20 C,38.7,3.23055
model 20 C,38.7167,3.68375
model 20 C,38.7333,4.02495
model 20 C,38.75,4.43075
model 20 C,38.7667,4.69745
model 20 C,38.7833,5.1258
model 20 C,38.8,5.38955
model 20 C,38.8167,5.6536
model 20 C,38.8333,6.0309
model 20 C,38.85,6.375
model 20 C,38.8667,6.56655
model 20 C,38.8833,6.9251
model 20 C,38.9,7.2327
model 20 C,38.9167,7.41175
model 20 C,38.9333,7.50145
model 20 C,38.95,7.2938
model 20 C,38.9667,7.0628
model 20 C,38.9833,6.9103
model 20 C,39,6.69725
model 20 C,39.0167,6.4035
model 20 C,39.0333,5.9407
model 20 C,39.05,5.57915
model 20 C,39.0667,5.1279
model 20 C,39.0833,4.63985
model 20 C,39.1,4.27985
model 20 C,39.1167,4.0334
model 20 C,39.1333,3.9588
model 20 C,39.15,3.87555
model 20 C,39.1667,3.75625
model 20 C,39.1833,3.5541
model 20 C,39.2,3.70055
model 20 C,39.2167,3.60625
model 20 C,39.2333,3.2908
model 20 C,39.25,3.2415
model 20 C,39.2667,3.2962
model 20 C,39.2833,3.3249
model 20 C,39.3,3.3071
model 20 C,39.3167,3.39
model 20 C,39.3333,3.3377
model 20 C,39.35,3.2907
model 20 C,39.3667,3.34635
model 20 C,39.3833,3.3783
model 20 C,39.4,3.3444
model 20 C,39.4167,3.33865
model 20 C,39.4333,3.3841
model 20 C,39.45,3.6022
model 20 C,39.4667,4.0872
model 20 C,39.4833,4.33875
model 20 C,39.5,4.4831
model 20 C,39.5167,4.83575
model 20 C,39.5333,5.1985
model 20 C,39.55,5.62535
model 20 C,39.5667,6.01825
model 20 C,39.5833,6.4769
model 20 C,39.6,6.656
model 20 C,39.6167,6.8045
model 20 C,39.6333,6.69595
model 20 C,39.65,6.71125
model 20 C,39.6667,6.47345
model 20 C,39.6833,6.0875
model 20 C,39.7,5.59225
model 20 C,39.7167,5.33085
model 20 C,39.7333,5.03095
model 20 C,39.75,4.8898
model 20 C,39.7667,4.62295
model 20 C,39.7833,4.4414
model 20 C,39.8,4.0505
model 20 C,39.8167,3.8764
model 20 C,39.8333,3.79835
model 20 C,39.85,3.651
model 20 C,39.8667,3.8709
model 20 C,39.8833,3.892
model 20 C,39.9,4.16045
model 20 C,39.9167,4.2102
model 20 C,39.9333,4.50095
model 20 C,39.95,4.6697
model 20 C,39.9667,4.8047
model 20 C,39.9833,4.8429
model 20 C,40,4.90655
model 20 C,40.0167,5.0222
model 20 C,40.0333,5.23865
model 20 C,40.05,5.6496
model 20 C,40.0667,5.90565
model 20 C,40.0833,6.3328
model 20 C,40.1,6.74935
model 20 C,40.1167,7.4228
model 20 C,40.1333,7.858
model 20 C,40.15,8.3933
model 20 C,40.1667,8.99295
model 20 C,40.1833,9.78905
model 20 C,40.2,10.7962
model 20 C,40.2167,11.6496
model 20 C,40.2333,12.728
model 20 C,40.25,13.7343
model 20 C,40.2667,14.5615
model 20 C,40.2833,15.603
model 20 C,40.3,16.8507
model 20 C,40.3167,17.9588
model 20 C,40.3333,19.0587
model 20 C,40.35,20.2683
model 20 C,40.3667,21.3192
model 20 C,40.3833,22.3554
model 20 C,40.4,23.4896
model 20 C,40.4167,24.645
model 20 C,40.4333,25.5327
model 20 C,40.45,26.4313
model 20 C,40.4667,27.1635
model 20 C,40.4833,27.6728
model 20 C,40.5,28.0023
model 20 C,40.5167,28.0045
model 20 C,40.5333,27.9768
model 20 C,40.55,28.0069
model 20 C,40.5667,27.7086
model 20 C,40.5833,27.3119
model 20 C,40.6,26.8767
model 20 C,40.6167,26.4676
model 20 C,40.6333,25.8753
model 20 C,40.65,25.4021
model 20 C,40.6667,24.7784
model 20 C,40.6833,24.3552
model 20 C,40.7,23.9998
model 20 C,40.7167,23.6915
model 20 C,40.7333,23.7315
model 20 C,40.75,23.7794
model 20 C,40.7667,23.9604
model 20 C,40.7833,24.1043
model 20 C,40.8,24.1125
model 20 C,40.8167,24.2741
model 20 C,40.8333,24.4785
model 20 C,40.85,24.6391
model 20 C,40.8667,24.6386
model 20 C,40.8833,24.4274
model 20 C,40.9,24.3434
model 20 C,40.9167,24.1483
model 20 C,40.9333,23.7621
model 20 C,40.95,23.0884
model 20 C,40.9667,22.3118
model 20 C,40.9833,21.3724
model 20 C,41,20.208
model 20 C,41.0167,19.1217
model 20 C,41.0333,17.9378
model 20 C,41.05,16.5783
model 20 C,41.0667,15.5344
model 20 C,41.0833,14.3175
model 20 C,41.1,13.1827
model 20 C,41.1167,11.9166
model 20 C,41.1333,10.7205
model 20 C,41.15,9.64815
model 20 C,41.1667,8.79415
model 20 C,41.1833,7.88105
model 20 C,41.2,7.32045
model 20 C,41.2167,6.7136
model 20 C,41.2333,6.42045
model 20 C,41.25,6.3128
model 20 C,41.2667,6.10505
model 20 C,41.2833,6.146
model 20 C,41.3,6.31935
model 20 C,41.3167,6.64325
model 20 C,41.3333,7.0757
model 20 C,41.35,7.6863
model 20 C,41.3667,8.39775
model 20 C,41.3833,9.02675
model 20 C,41.4,9.867
model 20 C,41.4167,10.8154
model 20 C,41.4333,11.6407
model 20 C,41.45,12.4825
model 20 C,41.4667,13.276
model 20 C,41.4833,14.3573
model 20 C,41.5,15.4842
model 20 C,41.5167,16.782
model 20 C,41.5333,17.9801
model 20 C,41.55,19.236
model 20 C,41.5667,20.4541
model 20 C,41.5833,21.5067
model 20 C,41.6,22.779
model 20 C,41.6167,24.0651
model 20 C,41.6333,25.1027
model 20 C,41.65,26.2714
model 20 C,41.6667,27.4148
model 20 C,41.6833,28.5722
model 20 C,41.7,29.7235
model 20 C,41.7167,30.7316
model 20 C,41.7333,31.752
model 20 C,41.75,32.9201
model 20 C,41.7667,33.9969
model 20 C,41.7833,35.1161
model 20 C,41.8,36.1853
model 20 C,41.8167,37.3794
model 20 C,41.8333,38.3569
model 20 C,41.85,39.5888
model 20 C,41.8667,40.6103
model 20 C,41.8833,41.8396
model 20 C,41.9,42.8728
model 20 C,41.9167,43.7984
model 20 C,41.9333,44.5898
model 20 C,41.95,45.2266
model 20 C,41.9667,45.6761
model 20 C,41.9833,45.9083
model 20 C,42,45.9996
model 20 C,42.0167,46.0195
model 20 C,42.0333,45.7409
model 20 C,42.05,45.4241
model 20 C,42.0667,44.9796
model 20 C,42.0833,44.2184
model 20 C,42.1,43.5265
model 20 C,42.1167,42.7737
model 20 C,42.1333,41.9808
model 20 C,42.15,41.2388
model 20 C,42.1667,40.9528
model 20 C,42.1833,40.7861
model 20 C,42.2,40.3319
model 20 C,42.2167,39.8653
model 20 C,42.2333,39.3203
model 20 C,42.25,38.8509
model 20 C,42.2667,38.444
model 20 C,42.2833,38.0468
model 20 C,42.3,37.5928
model 20 C,42.3167,37.2123
model 20 C,42.3333,36.7641
model 20 C,42.35,36.3692
model 20 C,42.3667,35.8751
model 20 C,42.3833,35.0172
model 20 C,42.4,34.0613
model 20 C,42.4167,33.1052
model 20 C,42.4333,32.153
model 20 C,42.45,31.22
model 20 C,42.4667,30.3147
model 20 C,42.4833,29.5005
model 20 C,42.5,28.9259
model 20 C,42.5167,28.4955
model 20 C,42.5333,28.1725
model 20 C,42.55,27.8235
model 20 C,42.5667,27.7361
model 20 C,42.5833,27.7617
model 20 C,42.6,27.9991
model 20 C,42.6167,28.3803
model 20 C,42.6333,28.9568
model 20 C,42.65,29.6239
model 20 C,42.6667,30.6127
model 20 C,42.6833,31.6145
model 20 C,42.7,32.5286
model 20 C,42.7167,33.4652
model 20 C,42.7333,34.4594
model 20 C,42.75,35.2258
model 20 C,42.7667,35.6955
model 20 C,42.7833,36.0952
model 20 C,42.8,36.5587
model 20 C,42.8167,36.9254
model 20 C,42.8333,37.2214
model 20 C,42.85,37.1269
model 20 C,42.8667,37.1146
model 20 C,42.8833,36.774
model 20 C,42.9,36.2128
model 20 C,42.9167,35.7178
model 20 C,42.9333,34.9629
model 20 C,42.95,34.0361
model 20 C,42.9667,33.121
model 20 C,42.9833,32.1605
model 20 C,43,31.0244
model 20 C,43.0167,29.8304
model 20 C,43.0333,28.6716
model 20 C,43.05,27.6391
model 20 C,43.0667,26.4401
model 20 C,43.0833,25.4718
model 20 C,43.1,24.2921
model 20 C,43.1167,23.2526
model 20 C,43.1333,22.0846
model 20 C,43.15,21.0566
model 20 C,43.1667,20.0804
model 20 C,43.1833,18.8874
model 20 C,43.2,17.7606
model 20 C,43.2167,16.7936
model 20 C,43.2333,15.7744
model 20 C,43.25,14.3799
model 20 C,43.2667,13.2724
model 20 C,43.2833,12.3471
model 20 C,43.3,11.5168
model 20 C,43.3167,10.6504
model 20 C,43.3333,9.60735
model 20 C,43.35,8.7926
model 20 C,43.3667,8.35635
model 20 C,43.3833,7.81075
model 20 C,43.4,7.37485
model 20 C,43.4167,7.0145
model 20 C,43.4333,6.49055
model 20 C,43.45,6.2072
model 20 C,43.4667,6.07665
model 20 C,43.4833,5.97195
model 20 C,43.5,5.9302
model 20 C,43.5167,5.9313
model 20 C,43.5333,6.0745
model 20 C,43.55,6.3348
model 20 C,43.5667,6.8037
model 20 C,43.5833,7.07785
model 20 C,43.6,7.2977
model 20 C,43.6167,7.96655
model 20 C,43.6333,8.4646
model 20 C,43.65,9.215
model 20 C,43.6667,9.84605
model 20 C,43.6833,10.9183
model 20 C,43.7,11.9499
model 20 C,43.7167,12.9173
model 20 C,43.7333,14.0191
model 20 C,43.75,15.0457
model 20 C,43.7667,16.0755
model 20 C,43.7833,17.2218
model 20 C,43.8,18.3253
model 20 C,43.8167,19.5394
model 20 C,43.8333,20.7379
model 20 C,43.85,21.8669
model 20 C,43.8667,23.0524
model 20 C,43.8833,24.0429
model 20 C,43.9,24.9263
model 20 C,43.9167,25.9795
model 20 C,43.9333,27.0815
model 20 C,43.95,28.1727
model 20 C,43.9667,29.4569
model 20 C,43.9833,30.5873
model 20 C,44,31.6837
model 20 C,44.0167,32.6953
model 20 C,44.0333,33.6857
model 20 C,44.05,34.9106
model 20 C,44.0667,35.9708
model 20 C,44.0833,37.2184
model 20 C,44.1,38.1472
model 20 C,44.1167,39.1029
model 20 C,44.1333,40.432
model 20 C,44.15,41.556
model 20 C,44.1667,42.6344
model 20 C,44.1833,43.5855
model 20 C,44.2,44.5668
model 20 C,44.2167,45.7099
model 20 C,44.2333,46.681
model 20 C,44.25,47.4937
model 20 C,44.2667,48.1424
model 20 C,44.2833,48.9453
model 20 C,44.3,49.4979
model 20 C,44.3167,49.641
model 20 C,44.3333,49.9471
model 20 C,44.35,49.9057
model 20 C,44.3667,49.8641
model 20 C,44.3833,49.8492
model 20 C,44.4,49.7454
model 20 C,44.4167,49.5014
model 20 C,44.4333,49.3178
model 20 C,44.45,49.1814
model 20 C,44.4667,49.0179
model 20 C,44.4833,48.8815
model 20 C,44.5,49.0376
model 20 C,44.5167,48.9607
model 20 C,44.5333,48.9841
model 20 C,44.55,48.9955
model 20 C,44.5667,49.1211
model 20 C,44.5833,49.1716
model 20 C,44.6,49.3701
model 20 C,44.6167,49.4063
model 20 C,44.6333,49.7803
model 20 C,44.65,50.0189
model 20 C,44.6667,50.3217
model 20 C,44.6833,50.4264
model 20 C,44.7,50.7372
model 20 C,44.7167,50.7931
model 20 C,44.7333,50.5834
model 20 C,44.75,50.3296
model 20 C,44.7667,49.8555
model 20 C,44.7833,49.3383
model 20 C,44.8,48.638
model 20 C,44.8167,48.0531
model 20 C,44.8333,47.5697
model 20 C,44.85,47.0552
model 20 C,44.8667,46.6189
model 20 C,44.8833,46.3494
model 20 C,44.9,46.1142
model 20 C,44.9167,45.7751
model 20 C,44.9333,45.6102
model 20 C,44.95,45.6046
model 20 C,44.9667,45.7249
model 20 C,44.9833,45.8905
model 20 C,45,46.2173
model 20 C,45.0167,46.6307
model 20 C,45.0333,47.3855
model 20 C,45.05,48.3098
model 20 C,45.0667,49.3122
model 20 C,45.0833,50.3418
model 20 C,45.1,51.4333
model 20 C,45.1167,52.6438
model 20 C,45.1333,53.7613
model 20 C,45.15,54.7415
model 20 C,45.1667,56.0485
model 20 C,45.1833,57.289
model 20 C,45.2,58.54
model 20 C,45.2167,59.6178
model 20 C,45.2333,60.8261
model 20 C,45.25,62.1684
model 20 C,45.2667,63.2562
model 20 C,45.2833,64.3706
model 20 C,45.3,65.6983
model 20 C,45.3167,66.815
model 20 C,45.3333,67.8538
model 20 C,45.35,69.1265
model 20 C,45.3667,70.2193
model 20 C,45.3833,71.4293
model 20 C,45.4,72.7442
model 20 C,45.4167,73.6523
model 20 C,45.4333,74.4156
model 20 C,45.45,75.3103
model 20 C,45.4667,76.0157
model 20 C,45.4833,76.5654
model 20 C,45.5,76.9416
model 20 C,45.5167,77.2542
model 20 C,45.5333,77.4003
model 20 C,45.55,77.628
model 20 C,45.5667,77.3994
model 20 C,45.5833,76.9497
model 20 C,45.6,76.6024
model 20 C,45.6167,75.8324
model 20 C,45.6333,74.9467
model 20 C,45.65,74.0748
model 20 C,45.6667,73.0711
model 20 C,45.6833,71.9042
model 20 C,45.7,70.6281
model 20 C,45.7167,69.6402
model 20 C,45.7333,68.6107
model 20 C,45.75,67.867
model 20 C,45.7667,67.0928
model 20 C,45.7833,66.9237
model 20 C,45.8,66.6405
model 20 C,45.8167,66.4989
model 20 C,45.8333,66.5879
model 20 C,45.85,66.6663
model 20 C,45.8667,66.816
model 20 C,45.8833,67.1837
model 20 C,45.9,67.6577
model 20 C,45.9167,68.3796
model 20 C,45.9333,69.2446
model 20 C,45.95,70.1283
model 20 C,45.9667,70.9402
model 20 C,45.9833,72.047
model 20 C,46,73.1875
model 20 C,46.0167,74.2586
model 20 C,46.0333,75.2803
model 20 C,46.05,76.5678
model 20 C,46.0667,77.7152
model 20 C,46.0833,78.9835
model 20 C,46.1,80.047
model 20 C,46.1167,81.2838
model 20 C,46.1333,82.283
model 20 C,46.15,83.3257
model 20 C,46.1667,84.4636
model 20 C,46.1833,85.4741
model 20 C,46.2,86.6702
model 20 C,46.2167,87.5705
model 20 C,46.2333,88.4441
model 20 C,46.25,89.0275
model 20 C,46.2667,89.3127
model 20 C,46.2833,89.7748
model 20 C,46.3,90.073
model 20 C,46.3167,90.4654
model 20 C,46.3333,90.9109
model 20 C,46.35,91.1447
model 20 C,46.3667,91.3838
model 20 C,46.3833,91.678
model 20 C,46.4,91.877
model 20 C,46.4167,91.9507
model 20 C,46.4333,91.9352
model 20 C,46.45,92.0429
model 20 C,46.4667,92.1626
model 20 C,46.4833,92.3304
model 20 C,46.5,92.404
model 20 C,46.5167,92.4439
model 20 C,46.5333,92.548
model 20 C,46.55,92.6312
model 20 C,46.5667,92.7688
model 20 C,46.5833,92.6662
model 20 C,46.6,92.7019
model 20 C,46.6167,92.448
model 20 C,46.6333,92.2477
model 20 C,46.65,92.1988
model 20 C,46.6667,92.0235
model 20 C,46.6833,91.8513
model 20 C,46.7,91.6879
model 20 C,46.7167,91.5091
model 20 C,46.7333,91.5048
model 20 C,46.75,91.4164
model 20 C,46.7667,91.1728
model 20 C,46.7833,91.069
model 20 C,46.8,91.1956
model 20 C,46.8167,91.1926
model 20 C,46.8333,91.1606
model 20 C,46.85,91.1756
model 20 C,46.8667,91.5046
model 20 C,46.8833,91.653
model 20 C,46.9,91.5761
model 20 C,46.9167,91.6351
model 20 C,46.9333,91.5607
model 20 C,46.95,91.4446
model 20 C,46.9667,91.1169
model 20 C,46.9833,90.9436
model 20 C,47,90.8012
model 20 C,47.0167,90.5743
model 20 C,47.0333,90.549
model 20 C,47.05,90.5791
model 20 C,47.0667,90.5905
model 20 C,47.0833,90.647
model 20 C,47.1,90.8923
model 20 C,47.1167,91.1641
model 20 C,47.1333,91.0995
model 20 C,47.15,91.2031
model 20 C,47.1667,91.1834
model 20 C,47.1833,91.0946
model 20 C,47.2,91.0525
model 20 C,47.2167,91.1764
model 20 C,47.2333,91.2116
model 20 C,47.25,91.0459
model 20 C,47.2667,90.8974
model 20 C,47.2833,90.3319
model 20 C,47.3,89.6944
model 20 C,47.3167,89.1719
model 20 C,47.3333,88.6599
model 20 C,47.35,87.9797
model 20 C,47.3667,87.1594
model 20 C,47.3833,86.2677
model 20 C,47.4,85.1818
model 20 C,47.4167,84.3537
model 20 C,47.4333,83.4742
model 20 C,47.45,82.2364
model 20 C,47.4667,81.0839
model 20 C,47.4833,79.8114
model 20 C,47.5,78.6432
model 20 C,47.5167,77.6505
model 20 C,47.5333,76.5206
model 20 C,47.55,75.4356
model 20 C,47.5667,74.3667
model 20 C,47.5833,73.7065
model 20 C,47.6,72.8765
model 20 C,47.6167,72.0877
model 20 C,47.6333,71.6145
model 20 C,47.65,71.3075
model 20 C,47.6667,71.07
model 20 C,47.6833,70.8507
model 20 C,47.7,70.8602
model 20 C,47.7167,71.0143
model 20 C,47.7333,71.3229
model 20 C,47.75,71.8293
model 20 C,47.7667,72.3765
model 20 C,47.7833,73.3175
model 20 C,47.8,74.1911
model 20 C,47.8167,75.2298
model 20 C,47.8333,76.4639
model 20 C,47.85,77.5263
model 20 C,47.8667,78.4479
model 20 C,47.8833,79.394
model 20 C,47.9,80.5939
model 20 C,47.9167,81.5119
model 20 C,47.9333,82.5417
model 20 C,47.95,83.5521
model 20 C,47.9667,84.5555
model 20 C,47.9833,85.5774
model 20 C,48,86.5272
model 20 C,48.0167,87.1569
model 20 C,48.0333,87.7256
model 20 C,48.05,88.2638
model 20 C,48.0667,88.657
model 20 C,48.0833,88.903
model 20 C,48.1,88.8928
model 20 C,48.1167,88.7678
model 20 C,48.1333,88.4196
model 20 C,48.15,88.1469
model 20 C,48.1667,87.6644
model 20 C,48.1833,86.9608
model 20 C,48.2,86.4764
model 20 C,48.2167,85.9407
model 20 C,48.2333,85.4446
model 20 C,48.25,85.0636
model 20 C,48.2667,84.6911
model 20 C,48.2833,84.5261
model 20 C,48.3,84.4038
model 20 C,48.3167,84.3986
model 20 C,48.3333,84.5887
model 20 C,48.35,85.0078
model 20 C,48.3667,85.5411
model 20 C,48.3833,86.1338
model 20 C,48.4,86.7943
model 20 C,48.4167,87.4801
model 20 C,48.4333,88.2387
model 20 C,48.45,88.9053
model 20 C,48.4667,89.8311
model 20 C,48.4833,90.5737
model 20 C,48.5,91.3439
model 20 C,48.5167,92.0181
model 20 C,48.5333,92.427
model 20 C,48.55,92.8978
model 20 C,48.5667,93.0038
model 20 C,48.5833,93.2083
model 20 C,48.6,93.3036
model 20 C,48.6167,93.2947
model 20 C,48.6333,93.3511
model 20 C,48.65,93.0885
model 20 C,48.6667,92.609
model 20 C,48.6833,92.3894
model 20 C,48.7,91.7911
model 20 C,48.7167,91.1779
model 20 C,48.7333,90.5611
model 20 C,48.75,90.0189
model 20 C,48.7667,89.6408
model 20 C,48.7833,89.2284
model 20 C,48.8,89.0635
model 20 C,48.8167,88.8611
model 20 C,48.8333,88.4531
model 20 C,48.85,88.5643
model 20 C,48.8667,88.6724
model 20 C,48.8833,88.957
model 20 C,48.9,89.2547
model 20 C,48.9167,89.6409
model 20 C,48.9333,89.9835
model 20 C,48.95,90.1753
model 20 C,48.9667,90.549
model 20 C,48.9833,90.8797
model 20 C,49,91.1965
model 20 C,49.0167,91.4323
model 20 C,49.0333,91.427
model 20 C,49.05,91.6082
model 20 C,49.0667,91.6834
model 20 C,49.0833,91.8419
model 20 C,49.1,91.9344
model 20 C,49.1167,92.2227
model 20 C,49.1333,92.4172
model 20 C,49.15,92.4989
model 20 C,49.1667,92.4414
model 20 C,49.1833,92.5653
model 20 C,49.2,92.4103
model 20 C,49.2167,92.4899
model 20 C,49.2333,92.2802
model 20 C,49.25,92.4167
model 20 C,49.2667,92.5092
model 20 C,49.2833,92.5383
model 20 C,49.3,92.5202
model 20 C,49.3167,92.6407
model 20 C,49.3333,92.8956
model 20 C,49.35,92.923
model 20 C,49.3667,92.9885
model 20 C,49.3833,92.8595
model 20 C,49.4,92.9885
model 20 C,49.4167,92.9466
model 20 C,49.4333,92.8371
model 20 C,49.45,92.6798
model 20 C,49.4667,92.676
model 20 C,49.4833,92.9032
model 20 C,49.5,92.8914
model 20 C,49.5167,92.7948
model 20 C,49.5333,92.8764
model 20 C,49.55,92.6751
model 20 C,49.5667,92.3908
model 20 C,49.5833,92.3418
model 20 C,49.6,92.3202
model 20 C,49.6167,92.1773
model 20 C,49.6333,92.0806
model 20 C,49.65,92.2352
model 20 C,49.6667,92.1349
model 20 C,49.6833,92.326
model 20 C,49.7,92.3584
model 20 C,49.7167,92.4017
model 20 C,49.7333,92.3328
model 20 C,49.75,92.2232
model 20 C,49.7667,92.115
model 20 C,49.7833,92.1677
model 20 C,49.8,92.1256
model 20 C,49.8167,92.1818
model 20 C,49.8333,92.0965
model 20 C,49.85,91.93
model 20 C,49.8667,91.7468
model 20 C,49.8833,91.7486
model 20 C,49.9,91.766
model 20 C,49.9167,91.7456
model 20 C,49.9333,91.8
model 20 C,49.95,92.0402
model 20 C,49.9667,92.1613
model 20 C,49.9833,92.3122
model 20 C,50,92.3049
model 20 C,50.0167,92.341
model 20 C,50.0333,92.309
model 20 C,50.05,92.2866
model 20 C,50.0667,92.3101
model 20 C,50.0833,92.1791
model 20 C,50.1,92.1132
model 20 C,50.1167,91.9739
model 20 C,50.1333,91.8111
model 20 C,50.15,91.6473
model 20 C,50.1667,91.2369
model 20 C,50.1833,90.9816
model 20 C,50.2,91.0708
model 20 C,50.2167,91.0315
model 20 C,50.2333,90.8388
model 20 C,50.25,90.6381
model 20 C,50.2667,90.3539
model 20 C,50.2833,90.028
model 20 C,50.3,89.989
model 20 C,50.3167,89.6641
model 20 C,50.3333,89.2329
model 20 C,50.35,88.6001
model 20 C,50.3667,87.8775
model 20 C,50.3833,87.1359
model 20 C,50.4,86.1269
model 20 C,50.4167,85.059
model 20 C,50.4333,84.1419
model 20 C,50.45,83.1172
model 20 C,50.4667,82.053
model 20 C,50.4833,80.9408
model 20 C,50.5,79.7135
model 20 C,50.5167,78.6399
model 20 C,50.5333,77.4018
model 20 C,50.55,76.0375
model 20 C,50.5667,75.313
model 20 C,50.5833,74.1288
model 20 C,50.6,73.0006
model 20 C,50.6167,71.9864
model 20 C,50.6333,70.8689
model 20 C,50.65,69.6936
model 20 C,50.6667,68.6657
model 20 C,50.6833,67.4978
model 20 C,50.7,66.2786
model 20 C,50.7167,65.0894
model 20 C,50.7333,63.9143
model 20 C,50.75,62.9271
model 20 C,50.7667,61.7653
model 20 C,50.7833,60.8361
model 20 C,50.8,60.1932
model 20 C,50.8167,59.6317
model 20 C,50.8333,59.3349
model 20 C,50.85,59.0278
model 20 C,50.8667,58.8773
model 20 C,50.8833,58.7528
model 20 C,50.9,58.804
model 20 C,50.9167,59.023
model 20 C,50.9333,59.4718
model 20 C,50.95,60.1451
model 20 C,50.9667,60.8281
model 20 C,50.9833,61.6758
model 20 C,51,62.7884
model 20 C,51.0167,63.9774
model 20 C,51.0333,65.0922
model 20 C,51.05,66.3667
model 20 C,51.0667,67.7859
model 20 C,51.0833,69.141
model 20 C,51.1,70.3988
model 20 C,51.1167,71.5677
model 20 C,51.1333,72.7164
model 20 C,51.15,73.9852
model 20 C,51.1667,75.0684
model 20 C,51.1833,76.0191
model 20 C,51.2,77.0819
model 20 C,51.2167,78.2511
model 20 C,51.2333,79.3191
model 20 C,51.25,80.3286
model 20 C,51.2667,81.5195
model 20 C,51.2833,82.5941
model 20 C,51.3,83.7244
model 20 C,51.3167,84.9112
model 20 C,51.3333,85.7276
model 20 C,51.35,86.6297
model 20 C,51.3667,87.3423
model 20 C,51.3833,88.01
model 20 C,51.4,88.5589
model 20 C,51.4167,89.074
model 20 C,51.4333,89.1831
model 20 C,51.45,89.1265
model 20 C,51.4667,89.1137
model 20 C,51.4833,88.7937
model 20 C,51.5,88.6453
model 20 C,51.5167,88.1288
model 20 C,51.5333,87.3655
model 20 C,51.55,86.7409
model 20 C,51.5667,86.0852
model 20 C,51.5833,85.0809
model 20 C,51.6,84.0928
model 20 C,51.6167,83.0981
model 20 C,51.6333,82.0576
model 20 C,51.65,80.945
model 20 C,51.6667,79.834
model 20 C,51.6833,78.8454
model 20 C,51.7,77.6314
model 20 C,51.7167,76.5019
model 20 C,51.7333,75.3914
model 20 C,51.75,74.1094
model 20 C,51.7667,72.9274
model 20 C,51.7833,71.7606
model 20 C,51.8,70.3975
model 20 C,51.8167,69.169
model 20 C,51.8333,68.0737
model 20 C,51.85,67.0391
model 20 C,51.8667,66.1094
model 20 C,51.8833,64.9819
model 20 C,51.9,63.9555
model 20 C,51.9167,63.0686
model 20 C,51.9333,62.6147
model 20 C,51.95,62.1649
model 20 C,51.9667,61.9543
model 20 C,51.9833,61.8224
model 20 C,52,61.8096
model 20 C,52.0167,61.7722
model 20 C,52.0333,61.9507
model 20 C,52.05,62.3209
model 20 C,52.0667,63.0859
model 20 C,52.0833,63.6311
model 20 C,52.1,64.6155
model 20 C,52.1167,65.6589
model 20 C,52.1333,66.801
model 20 C,52.15,67.8149
model 20 C,52.1667,68.8922
model 20 C,52.1833,70.0023
model 20 C,52.2,71.1063
model 20 C,52.2167,72.2814
model 20 C,52.2333,73.2641
model 20 C,52.25,74.412
model 20 C,52.2667,75.5954
model 20 C,52.2833,76.8478
model 20 C,52.3,78.2472
model 20 C,52.3167,79.5737
model 20 C,52.3333,80.7703
model 20 C,52.35,81.6839
model 20 C,52.3667,82.7741
model 20 C,52.3833,83.9157
model 20 C,52.4,84.8096
model 20 C,52.4167,85.8798
model 20 C,52.4333,86.8183
model 20 C,52.45,87.7047
model 20 C,52.4667,88.3542
model 20 C,52.4833,88.8794
model 20 C,52.5,89.4959
model 20 C,52.5167,90.0101
model 20 C,52.5333,90.4544
model 20 C,52.55,90.5651
model 20 C,52.5667,90.8454
model 20 C,52.5833,91.1181
model 20 C,52.6,91.3511
model 20 C,52.6167,91.3876
model 20 C,52.6333,91.3838
model 20 C,52.65,91.5817
model 20 C,52.6667,91.5787
model 20 C,52.6833,91.6053
model 20 C,52.7,91.597
model 20 C,52.7167,91.7044
model 20 C,52.7333,91.7916
model 20 C,52.75,91.7506
model 20 C,52.7667,91.8316
model 20 C,52.7833,91.8371
model 20 C,52.8,91.9604
model 20 C,52.8167,91.993
model 20 C,52.8333,91.9511
model 20 C,52.85,92.1286
model 20 C,52.8667,92.1446
model 20 C,52.8833,92.3668
model 20 C,52.9,92.4839
model 20 C,52.9167,92.5784
model 20 C,52.9333,92.3828
model 20 C,52.95,92.1732
model 20 C,52.9667,91.9601
model 20 C,52.9833,91.8418
model 20 C,53,91.7598
model 20 C,53.0167,91.8753
model 20 C,53.0333,92.0523
model 20 C,53.05,92.1193
model 20 C,53.0667,92.2681
model 20 C,53.0833,92.3208
model 20 C,53.1,92.3445
model 20 C,53.1167,92.2973
model 20 C,53.1333,92.2171
model 20 C,53.15,92.2368
model 20 C,53.1667,92.2321
model 20 C,53.1833,92.1611
model 20 C,53.2,92.2584
model 20 C,53.2167,92.3604
model 20 C,53.2333,92.4454
model 20 C,53.25,92.5988
model 20 C,53.2667,92.7868
model 20 C,53.2833,92.7175
model 20 C,53.3,92.7228
model 20 C,53.3167,92.5241
model 20 C,53.3333,92.4121
model 20 C,53.35,92.3958
model 20 C,53.3667,92.268
model 20 C,53.3833,92.2146
model 20 C,53.4,92.2983
model 20 C,53.4167,92.2796
model 20 C,53.4333,92.0179
model 20 C,53.45,91.886
model 20 C,53.4667,91.9317
model 20 C,53.4833,91.9387
model 20 C,53.5,92.012
model 20 C,53.5167,92.3261
model 20 C,53.5333,92.6661
model 20 C,53.55,92.905
model 20 C,53.5667,92.9583
model 20 C,53.5833,93.1784
model 20 C,53.6,93.0964
model 20 C,53.6167,93.0951
model 20 C,53.6333,93.0719
model 20 C,53.65,93.0259
model 20 C,53.6667,92.9948
model 20 C,53.6833,93.0647
model 20 C,53.7,93.2772
model 20 C,53.7167,93.1462
model 20 C,53.7333,93.1124
model 20 C,53.75,93.0561
model 20 C,53.7667,92.9956
model 20 C,53.7833,92.974
model 20 C,53.8,92.894
model 20 C,53.8167,93.0031
model 20 C,53.8333,92.8364
model 20 C,53.85,92.5483
model 20 C,53.8667,92.462
model 20 C,53.8833,92.5949
model 20 C,53.9,92.7027
model 20 C,53.9167,92.7319
model 20 C,53.9333,92.7557
model 20 C,53.95,92.8987
model 20 C,53.9667,93.1911
model 20 C,53.9833,93.3711
model 20 C,54,93.6762
model 20 C,54.0167,93.6488
model 20 C,54.0333,93.5821
model 20 C,54.05,93.5126
model 20 C,54.0667,93.5315
model 20 C,54.0833,93.432
model 20 C,54.1,93.5369
model 20 C,54.1167,93.7596
model 20 C,54.1333,93.8884
model 20 C,54.15,93.9314
model 20 C,54.1667,93.7173
model 20 C,54.1833,93.7136
model 20 C,54.2,93.5681
model 20 C,54.2167,93.5815
model 20 C,54.2333,93.7441
model 20 C,54.25,93.8936
model 20 C,54.2667,93.909
model 20 C,54.2833,93.9584
model 20 C,54.3,93.7446
model 20 C,54.3167,93.7685
model 20 C,54.3333,93.6285
model 20 C,54.35,93.5105
model 20 C,54.3667,93.2939
model 20 C,54.3833,93.0629
model 20 C,54.4,92.7879
model 20 C,54.4167,92.6809
model 20 C,54.4333,92.4888
model 20 C,54.45,92.4168
model 20 C,54.4667,92.2121
model 20 C,54.4833,91.9252
model 20 C,54.5,91.7887
model 20 C,54.5167,91.3514
model 20 C,54.5333,90.9614
model 20 C,54.55,90.9301
model 20 C,54.5667,90.7226
model 20 C,54.5833,90.8858
model 20 C,54.6,91.0038
model 20 C,54.6167,90.9329
model 20 C,54.6333,90.8837
model 20 C,54.65,90.9611
model 20 C,54.6667,90.9317
model 20 C,54.6833,90.8377
model 20 C,54.7,90.9261
model 20 C,54.7167,90.9702
model 20 C,54.7333,91.0006
model 20 C,54.75,91.1154
model 20 C,54.7667,91.0442
model 20 C,54.7833,91.2032
model 20 C,54.8,91.0923
model 20 C,54.8167,91.1518
model 20 C,54.8333,91.1839
model 20 C,54.85,91.1781
model 20 C,54.8667,91.3209
model 20 C,54.8833,91.3945
model 20 C,54.9,91.2482
model 20 C,54.9167,91.2714
model 20 C,54.9333,91.4139
model 20 C,54.95,91.5861
model 20 C,54.9667,91.8423
model 20 C,54.9833,92.116
model 20 C,55,92.2182
model 20 C,55.0167,92.3916
model 20 C,55.0333,92.5652
model 20 C,55.05,92.6727
model 20 C,55.0667,92.8456
model 20 C,55.0833,92.7121
model 20 C,55.1,92.5216
model 20 C,55.1167,92.3304
model 20 C,55.1333,92.3769
model 20 C,55.15,92.4754
model 20 C,55.1667,92.669
model 20 C,55.1833,92.8075
model 20 C,55.2,92.8636
model 20 C,55.2167,92.7437
model 20 C,55.2333,92.6119
model 20 C,55.25,92.2847
model 20 C,55.2667,92.0087
model 20 C,55.2833,91.8084
model 20 C,55.3,91.5152
model 20 C,55.3167,91.4306
model 20 C,55.3333,91.369
model 20 C,55.35,91.403
model 20 C,55.3667,91.4046
model 20 C,55.3833,91.2271
model 20 C,55.4,91.2508
model 20 C,55.4167,91.1154
model 20 C,55.4333,90.8378
model 20 C,55.45,90.647
model 20 C,55.4667,90.5252
model 20 C,55.4833,90.4853
model 20 C,55.5,90.6694
model 20 C,55.5167,90.7637
model 20 C,55.5333,90.9471
model 20 C,55.55,90.8772
model 20 C,55.5667,90.5391
model 20 C,55.5833,90.2165
model 20 C,55.6,89.8558
model 20 C,55.6167,89.656
model 20 C,55.6333,89.1723
model 20 C,55.65,88.6138
model 20 C,55.6667,87.9001
model 20 C,55.6833,87.34
model 20 C,55.7,86.5597
model 20 C,55.7167,85.8832
model 20 C,55.7333,85.0105
model 20 C,55.75,84.096
model 20 C,55.7667,83.1213
model 20 C,55.7833,81.7341
model 20 C,55.8,80.7347
model 20 C,55.8167,79.5401
model 20 C,55.8333,78.6247
model 20 C,55.85,77.5125
model 20 C,55.8667,76.2889
model 20 C,55.8833,75.1891
model 20 C,55.9,74.1304
model 20 C,55.9167,72.9379
model 20 C,55.9333,71.8186
model 20 C,55.95,70.8846
model 20 C,55.9667,69.8055
model 20 C,55.9833,68.6653
model 20 C,56,67.4305
model 20 C,56.0167,66.3085
model 20 C,56.0333,65.2442
model 20 C,56.05,64.039
model 20 C,56.0667,62.8543
model 20 C,56.0833,61.7442
model 20 C,56.1,60.6497
model 20 C,56.1167,59.5707
model 20 C,56.1333,58.4216
model 20 C,56.15,57.1821
model 20 C,56.1667,56.0513
model 20 C,56.1833,54.9971
model 20 C,56.2,53.9359
model 20 C,56.2167,52.7458
model 20 C,56.2333,51.4931
model 20 C,56.25,50.1819
model 20 C,56.2667,48.887
model 20 C,56.2833,47.6979
model 20 C,56.3,46.8178
model 20 C,56.3167,45.5144
model 20 C,56.3333,44.4556
model 20 C,56.35,43.4201
model 20 C,56.3667,42.3883
model 20 C,56.3833,41.2098
model 20 C,56.4,40.1066
model 20 C,56.4167,39.0624
model 20 C,56.4333,37.8671
model 20 C,56.45,36.8481
model 20 C,56.4667,35.6658
model 20 C,56.4833,34.682
model 20 C,56.5,33.7193
model 20 C,56.5167,32.6752
model 20 C,56.5333,31.426
model 20 C,56.55,30.2801
model 20 C,56.5667,29.1105
model 20 C,56.5833,28.0387
model 20 C,56.6,26.8491
model 20 C,56.6167,26.0104
model 20 C,56.6333,24.8892
model 20 C,56.65,23.6523
model 20 C,56.6667,22.4259
model 20 C,56.6833,21.3956
model 20 C,56.7,20.1824
model 20 C,56.7167,19.1722
model 20 C,56.7333,17.9575
model 20 C,56.75,16.7706
model 20 C,56.7667,15.711
model 20 C,56.7833,14.5643
model 20 C,56.8,13.5682
model 20 C,56.8167,12.5131
model 20 C,56.8333,11.7212
model 20 C,56.85,11.0369
model 20 C,56.8667,10.1226
model 20 C,56.8833,9.55625
model 20 C,56.9,9.02335
model 20 C,56.9167,8.6317
model 20 C,56.9333,8.49885
model 20 C,56.95,8.47145
model 20 C,56.9667,8.74485
model 20 C,56.9833,9.3022
model 20 C,57,9.566
model 20 C,57.0167,10.3486
model 20 C,57.0333,11.1933
model 20 C,57.05,12.1764
model 20 C,57.0667,13.1269
model 20 C,57.0833,14.1607
model 20 C,57.1,15.245
model 20 C,57.1167,16.3018
model 20 C,57.1333,17.6178
model 20 C,57.15,18.8925
model 20 C,57.1667,19.8974
model 20 C,57.1833,21.0848
model 20 C,57.2,22.1646
model 20 C,57.2167,23.539
model 20 C,57.2333,24.6231
model 20 C,57.25,25.8148
model 20 C,57.2667,27.0713
model 20 C,57.2833,28.16
model 20 C,57.3,29.3497
model 20 C,57.3167,30.3838
model 20 C,57.3333,30.9835
model 20 C,57.35,31.9522
model 20 C,57.3667,32.548
model 20 C,57.3833,32.9928
model 20 C,57.4,33.4961
model 20 C,57.4167,33.6475
model 20 C,57.4333,33.6486
model 20 C,57.45,33.4219
model 20 C,57.4667,33.2191
model 20 C,57.4833,32.8854
model 20 C,57.5,32.2999
model 20 C,57.5167,31.8502
model 20 C,57.5333,31.2523
model 20 C,57.55,30.3492
model 20 C,57.5667,29.4693
model 20 C,57.5833,28.4406
model 20 C,57.6,27.3377
model 20 C,57.6167,26.1263
model 20 C,57.6333,25.0704
model 20 C,57.65,24.3002
model 20 C,57.6667,23.6476
model 20 C,57.6833,23.1483
model 20 C,57.7,22.6509
model 20 C,57.7167,22.3438
model 20 C,57.7333,22.0537
model 20 C,57.75,22.0397
model 20 C,57.7667,22.1509
model 20 C,57.7833,22.6067
model 20 C,57.8,22.984
model 20 C,57.8167,23.5637
model 20 C,57.8333,23.908
model 20 C,57.85,24.2682
model 20 C,57.8667,24.737
model 20 C,57.8833,25.3284
model 20 C,57.9,25.6147
model 20 C,57.9167,25.946
model 20 C,57.9333,26.0206
model 20 C,57.95,26.0763
model 20 C,57.9667,25.8145
model 20 C,57.9833,25.3636
model 20 C,58,24.6505
model 20 C,58.0167,23.8437
model 20 C,58.0333,22.9879
model 20 C,58.05,21.9881
model 20 C,58.0667,20.9691
model 20 C,58.0833,20.0119
model 20 C,58.1,18.749
model 20 C,58.1167,17.5553
model 20 C,58.1333,16.5039
model 20 C,58.15,15.1294
model 20 C,58.1667,13.8383
model 20 C,58.1833,12.797
model 20 C,58.2,11.6985
model 20 C,58.2167,10.6189
model 20 C,58.2333,9.63275
model 20 C,58.25,8.55515
model 20 C,58.2667,7.965
model 20 C,58.2833,7.33595
model 20 C,58.3,6.8313
model 20 C,58.3167,6.61415
model 20 C,58.3333,6.6823
model 20 C,58.35,6.7446
model 20 C,58.3667,6.83025
model 20 C,58.3833,6.96105
model 20 C,58.4,7.2429
model 20 C,58.4167,7.50585
model 20 C,58.4333,7.6889
model 20 C,58.45,7.90765
model 20 C,58.4667,7.87125
model 20 C,58.4833,7.98125
model 20 C,58.5,8.22035
model 20 C,58.5167,8.38645
model 20 C,58.5333,8.2693
model 20 C,58.55,8.00155
model 20 C,58.5667,7.7768
model 20 C,58.5833,7.48415
model 20 C,58.6,7.10335
model 20 C,58.6167,6.8865
model 20 C,58.6333,6.33685
model 20 C,58.65,5.82495
model 20 C,58.6667,5.5888
model 20 C,58.6833,5.2001
model 20 C,58.7,4.88465
model 20 C,58.7167,4.95725
model 20 C,58.7333,4.90475
model 20 C,58.75,4.6922
model 20 C,58.7667,4.72005
model 20 C,58.7833,4.7057
model 20 C,58.8,4.61475
model 20 C,58.8167,4.71485
model 20 C,58.8333,4.68275
model 20 C,58.85,4.9057
model 20 C,58.8667,5.01995
model 20 C,58.8833,5.2322
model 20 C,58.9,5.24625
model 20 C,58.9167,5.16255
model 20 C,58.9333,5.35975
model 20 C,58.95,5.3431
model 20 C,58.9667,5.2693
model 20 C,58.9833,5.1132
model 20 C,59,5.16015
model 20 C,59.0167,5.3007
model 20 C,59.0333,5.71345
model 20 C,59.05,6.33515
model 20 C,59.0667,7.0257
model 20 C,59.0833,7.9471
model 20 C,59.1,8.67335
model 20 C,59.1167,9.46405
model 20 C,59.1333,10.2028
model 20 C,59.15,11.1397
model 20 C,59.1667,12.0828
model 20 C,59.1833,13.1368
model 20 C,59.2,14.3032
model 20 C,59.2167,15.6298
model 20 C,59.2333,16.7974
model 20 C,59.25,17.9284
model 20 C,59.2667,18.9132
model 20 C,59.2833,19.9734
model 20 C,59.3,21.1221
model 20 C,59.3167,22.2205
model 20 C,59.3333,23.3794
model 20 C,59.35,24.616
model 20 C,59.3667,25.8175
model 20 C,59.3833,26.9373
model 20 C,59.4,27.9502
model 20 C,59.4167,28.921
model 20 C,59.4333,29.9912
model 20 C,59.45,31.0897
model 20 C,59.4667,32.1868
model 20 C,59.4833,33.2482
model 20 C,59.5,34.0874
model 20 C,59.5167,34.9159
model 20 C,59.5333,35.4545
model 20 C,59.55,35.8128
model 20 C,59.5667,36.1433
model 20 C,59.5833,36.3451
model 20 C,59.6,36.109
model 20 C,59.6167,35.9001
model 20 C,59.6333,35.6619
model 20 C,59.65,35.2099
model 20 C,59.6667,34.4821
model 20 C,59.6833,33.9423
model 20 C,59.7,32.974
model 20 C,59.7167,31.9957
model 20 C,59.7333,30.8453
model 20 C,59.75,29.863
model 20 C,59.7667,28.7976
model 20 C,59.7833,27.7867
model 20 C,59.8,26.7828
model 20 C,59.8167,25.7788
model 20 C,59.8333,24.3757
model 20 C,59.85,23.0198
model 20 C,59.8667,21.9575
model 20 C,59.8833,20.8299
model 20 C,59.9,19.8895
model 20 C,59.9167,18.8197
model 20 C,59.9333,17.6613
model 20 C,59.95,16.4441
model 20 C,59.9667,15.3203
model 20 C,59.9833,14.2878
