series,Rg_over_lc,Re_over_lc,probability
living worms 10 C,0.051,0.071,0.0004938
living worms 10 C,0.051,0.093,0.000698562
living worms 10 C,0.051,0.115,0.000798146
living worms 10 C,0.057,0.027,0.000195466
living worms 10 C,0.057,0.049,0.00036185
living worms 10 C,0.057,0.071,0.000588938
living worms 10 C,0.057,0.093,0.000814093
living worms 10 C,0.057,0.115,0.000917601
living worms 10 C,0.057,0.137,0.00083614
living worms 10 C,0.057,0.159,0.000681133
living worms 10 C,0.063,0.027,0.000335706
living worms 10 C,0.063,0.049,0.000531888
living worms 10 C,0.063,0.071,0.000722767
living worms 10 C,0.063,0.093,0.000899616
living worms 10 C,0.063,0.115,0.00100568
living worms 10 C,0.063,0.137,0.000953982
living worms 10 C,0.063,0.159,0.000811147
living worms 10 C,0.063,0.181,0.000653567
living worms 10 C,0.063,0.203,0.000466071
living worms 10 C,0.069,0.005,0.00020554
living worms 10 C,0.069,0.027,0.000475113
living worms 10 C,0.069,0.049,0.000690771
living worms 10 C,0.069,0.071,0.000827751
living worms 10 C,0.069,0.093,0.000948221
living worms 10 C,0.069,0.115,0.00106049
living worms 10 C,0.069,0.137,0.00105577
living worms 10 C,0.069,0.159,0.000925163
living worms 10 C,0.069,0.181,0.000746692
living worms 10 C,0.069,0.203,0.000543081
living worms 10 C,0.069,0.225,0.000360405
living worms 10 C,0.069,0.247,0.000221055
living worms 10 C,0.075,0.005,0.000209439
living worms 10 C,0.075,0.027,0.000481951
living worms 10 C,0.075,0.049,0.000692572
living worms 10 C,0.075,0.071,0.000817037
living worms 10 C,0.075,0.093,0.000914431
living worms 10 C,0.075,0.115,0.00100576
living worms 10 C,0.075,0.137,0.00101128
living worms 10 C,0.075,0.159,0.000918807
living worms 10 C,0.075,0.181,0.000799615
living worms 10 C,0.075,0.203,0.000660553
living worms 10 C,0.075,0.225,0.000537023
living worms 10 C,0.075,0.247,0.000413817
living worms 10 C,0.075,0.269,0.0002697
living worms 10 C,0.081,0.005,0.000186818
living worms 10 C,0.081,0.027,0.000448763
living worms 10 C,0.081,0.049,0.00068103
living worms 10 C,0.081,0.071,0.000823234
living worms 10 C,0.081,0.093,0.000889487
living worms 10 C,0.081,0.115,0.000931276
living worms 10 C,0.081,0.137,0.00094435
living worms 10 C,0.081,0.159,0.000922301
living worms 10 C,0.081,0.181,0.000914302
living worms 10 C,0.081,0.203,0.000900374
living worms 10 C,0.081,0.225,0.000866936
living worms 10 C,0.081,0.247,0.000769269
living worms 10 C,0.081,0.269,0.000580244
living worms 10 C,0.081,0.291,0.000355955
living worms 10 C,0.087,0.005,0.000201742
living worms 10 C,0.087,0.027,0.000509335
living worms 10 C,0.087,0.049,0.000796942
living worms 10 C,0.087,0.071,0.000935169
living worms 10 C,0.087,0.093,0.000947897
living worms 10 C,0.087,0.115,0.000957873
living worms 10 C,0.087,0.137,0.00100427
living worms 10 C,0.087,0.159,0.00103853
living worms 10 C,0.087,0.181,0.0010777
living worms 10 C,0.087,0.203,0.00113081
living worms 10 C,0.087,0.225,0.00116086
living worms 10 C,0.087,0.247,0.0011068
living worms 10 C,0.087,0.269,0.000922976
living worms 10 C,0.087,0.291,0.000641747
living worms 10 C,0.087,0.313,0.000385866
living worms 10 C,0.087,0.335,0.000206907
living worms 10 C,0.093,0.005,0.000206595
living worms 10 C,0.093,0.027,0.00054405
living worms 10 C,0.093,0.049,0.000879143
living worms 10 C,0.093,0.071,0.0010241
living worms 10 C,0.093,0.093,0.00101287
living worms 10 C,0.093,0.115,0.00103233
living worms 10 C,0.093,0.137,0.00111177
living worms 10 C,0.093,0.159,0.00114426
living worms 10 C,0.093,0.181,0.00114863
living worms 10 C,0.093,0.203,0.00120508
living worms 10 C,0.093,0.225,0.0012809
living worms 10 C,0.093,0.247,0.00127491
living worms 10 C,0.093,0.269,0.00113707
living worms 10 C,0.093,0.291,0.000885232
living worms 10 C,0.093,0.313,0.000612175
living worms 10 C,0.093,0.335,0.00036853
living worms 10 C,0.093,0.357,0.000181014
living worms 10 C,0.099,0.005,0.000177433
living worms 10 C,0.099,0.027,0.000494259
living worms 10 C,0.099,0.049,0.000863474
living worms 10 C,0.099,0.071,0.0010768
living worms 10 C,0.099,0.093,0.00112094
living worms 10 C,0.099,0.115,0.00118006
living worms 10 C,0.099,0.137,0.00125776
living worms 10 C,0.099,0.159,0.0012481
living worms 10 C,0.099,0.181,0.0012098
living worms 10 C,0.099,0.203,0.00125823
living worms 10 C,0.099,0.225,0.00135697
living worms 10 C,0.099,0.247,0.00137676
living worms 10 C,0.099,0.269,0.00128295
living worms 10 C,0.099,0.291,0.00110464
living worms 10 C,0.099,0.313,0.000846761
living worms 10 C,0.099,0.335,0.000541626
living worms 10 C,0.099,0.357,0.000288381
living worms 10 C,0.099,0.379,0.000146017
living worms 10 C,0.105,0.005,0.000181269
living worms 10 C,0.105,0.027,0.000495043
living worms 10 C,0.105,0.049,0.000881926
living worms 10 C,0.105,0.071,0.00116242
living worms 10 C,0.105,0.093,0.00128514
living worms 10 C,0.105,0.115,0.00137194
living worms 10 C,0.105,0.137,0.00143011
living worms 10 C,0.105,0.159,0.00141475
living worms 10 C,0.105,0.181,0.00141711
living worms 10 C,0.105,0.203,0.00149732
living worms 10 C,0.105,0.225,0.00157961
living worms 10 C,0.105,0.247,0.00159262
living worms 10 C,0.105,0.269,0.0015564
living worms 10 C,0.105,0.291,0.00148124
living worms 10 C,0.105,0.313,0.0012501
living worms 10 C,0.105,0.335,0.000865683
living worms 10 C,0.105,0.357,0.000516091
living worms 10 C,0.105,0.379,0.000305
living worms 10 C,0.105,0.401,0.000169485
living worms 10 C,0.111,0.005,0.00021188
living worms 10 C,0.111,0.027,0.000511472
living worms 10 C,0.111,0.049,0.000833044
living worms 10 C,0.111,0.071,0.0011043
living worms 10 C,0.111,0.093,0.00130646
living worms 10 C,0.111,0.115,0.00147788
living worms 10 C,0.111,0.137,0.00161141
living worms 10 C,0.111,0.159,0.00167608
living worms 10 C,0.111,0.181,0.00178536
living worms 10 C,0.111,0.203,0.00192279
living worms 10 C,0.111,0.225,0.00198538
living worms 10 C,0.111,0.247,0.00199739
living worms 10 C,0.111,0.269,0.00200526
living worms 10 C,0.111,0.291,0.00198943
living worms 10 C,0.111,0.313,0.00178431
living worms 10 C,0.111,0.335,0.00136122
living worms 10 C,0.111,0.357,0.000926024
living worms 10 C,0.111,0.379,0.000618472
living worms 10 C,0.111,0.401,0.000377124
living worms 10 C,0.111,0.423,0.000181782
living worms 10 C,0.117,0.005,0.000223358
living worms 10 C,0.117,0.027,0.000481514
living worms 10 C,0.117,0.049,0.000702504
living worms 10 C,0.117,0.071,0.000925972
living worms 10 C,0.117,0.093,0.00119152
living worms 10 C,0.117,0.115,0.00148428
living worms 10 C,0.117,0.137,0.00174476
living worms 10 C,0.117,0.159,0.00195309
living worms 10 C,0.117,0.181,0.00223291
living worms 10 C,0.117,0.203,0.00244103
living worms 10 C,0.117,0.225,0.00245264
living worms 10 C,0.117,0.247,0.0024515
living worms 10 C,0.117,0.269,0.0024733
living worms 10 C,0.117,0.291,0.00241969
living worms 10 C,0.117,0.313,0.00221372
living worms 10 C,0.117,0.335,0.00185737
living worms 10 C,0.117,0.357,0.00143407
living worms 10 C,0.117,0.379,0.00104677
living worms 10 C,0.117,0.401,0.000698324
living worms 10 C,0.117,0.423,0.000393362
living worms 10 C,0.117,0.445,0.000191497
living worms 10 C,0.123,0.005,0.000197671
living worms 10 C,0.123,0.027,0.000406627
living worms 10 C,0.123,0.049,0.000563264
living worms 10 C,0.123,0.071,0.000759343
living worms 10 C,0.123,0.093,0.00105094
living worms 10 C,0.123,0.115,0.00141124
living worms 10 C,0.123,0.137,0.00175067
living worms 10 C,0.123,0.159,0.00210891
living worms 10 C,0.123,0.181,0.00260179
living worms 10 C,0.123,0.203,0.00292617
living worms 10 C,0.123,0.225,0.0028613
living worms 10 C,0.123,0.247,0.00276531
living worms 10 C,0.123,0.269,0.00277176
living worms 10 C,0.123,0.291,0.00267809
living worms 10 C,0.123,0.313,0.00248464
living worms 10 C,0.123,0.335,0.00225916
living worms 10 C,0.123,0.357,0.00192504
living worms 10 C,0.123,0.379,0.00149272
living worms 10 C,0.123,0.401,0.00107507
living worms 10 C,0.123,0.423,0.000710529
living worms 10 C,0.123,0.445,0.000415891
living worms 10 C,0.123,0.467,0.000202331
living worms 10 C,0.129,0.005,0.000178152
living worms 10 C,0.129,0.027,0.00035866
living worms 10 C,0.129,0.049,0.00047583
living worms 10 C,0.129,0.071,0.000634506
living worms 10 C,0.129,0.093,0.000899346
living worms 10 C,0.129,0.115,0.00124871
living worms 10 C,0.129,0.137,0.00159858
living worms 10 C,0.129,0.159,0.00204515
living worms 10 C,0.129,0.181,0.00265414
living worms 10 C,0.129,0.203,0.0030858
living worms 10 C,0.129,0.225,0.00306018
living worms 10 C,0.129,0.247,0.00289535
living worms 10 C,0.129,0.269,0.00285821
living worms 10 C,0.129,0.291,0.00281425
living worms 10 C,0.129,0.313,0.00272902
living worms 10 C,0.129,0.335,0.00262033
living worms 10 C,0.129,0.357,0.00234216
living worms 10 C,0.129,0.379,0.00188193
living worms 10 C,0.129,0.401,0.00143232
living worms 10 C,0.129,0.423,0.00106986
living worms 10 C,0.129,0.445,0.00073152
living worms 10 C,0.129,0.467,0.000392258
living worms 10 C,0.129,0.489,0.000159614
living worms 10 C,0.135,0.005,0.000168966
living worms 10 C,0.135,0.027,0.000337333
living worms 10 C,0.135,0.049,0.000424379
living worms 10 C,0.135,0.071,0.000531471
living worms 10 C,0.135,0.093,0.000728084
living worms 10 C,0.135,0.115,0.00100033
living worms 10 C,0.135,0.137,0.00131374
living worms 10 C,0.135,0.159,0.00177065
living worms 10 C,0.135,0.181,0.00232198
living worms 10 C,0.135,0.203,0.0027371
living worms 10 C,0.135,0.225,0.00285788
living worms 10 C,0.135,0.247,0.00276909
living worms 10 C,0.135,0.269,0.00271456
living worms 10 C,0.135,0.291,0.00277592
living worms 10 C,0.135,0.313,0.0028762
living worms 10 C,0.135,0.335,0.0028718
living worms 10 C,0.135,0.357,0.00261325
living worms 10 C,0.135,0.379,0.00215221
living worms 10 C,0.135,0.401,0.00170393
living worms 10 C,0.135,0.423,0.00136655
living worms 10 C,0.135,0.445,0.00105332
living worms 10 C,0.135,0.467,0.00065765
living worms 10 C,0.135,0.489,0.000311198
living worms 10 C,0.135,0.511,0.000117089
living worms 10 C,0.141,0.005,0.000198937
living worms 10 C,0.141,0.027,0.000378585
living worms 10 C,0.141,0.049,0.000412759
living worms 10 C,0.141,0.071,0.000466681
living worms 10 C,0.141,0.093,0.000636314
living worms 10 C,0.141,0.115,0.000823296
living worms 10 C,0.141,0.137,0.00102964
living worms 10 C,0.141,0.159,0.0013983
living worms 10 C,0.141,0.181,0.00183884
living worms 10 C,0.141,0.203,0.00222181
living worms 10 C,0.141,0.225,0.00247008
living worms 10 C,0.141,0.247,0.00249362
living worms 10 C,0.141,0.269,0.00250038
living worms 10 C,0.141,0.291,0.00266428
living worms 10 C,0.141,0.313,0.0028714
living worms 10 C,0.141,0.335,0.0028992
living worms 10 C,0.141,0.357,0.00268776
living worms 10 C,0.141,0.379,0.00232821
living worms 10 C,0.141,0.401,0.00194507
living worms 10 C,0.141,0.423,0.00162473
living worms 10 C,0.141,0.445,0.0013468
living worms 10 C,0.141,0.467,0.000970845
living worms 10 C,0.141,0.489,0.000559452
living worms 10 C,0.141,0.511,0.000251851
living worms 10 C,0.141,0.533,9.5432e-05
living worms 10 C,0.147,0.005,0.000295838
living worms 10 C,0.147,0.027,0.000525535
living worms 10 C,0.147,0.049,0.000487627
living worms 10 C,0.147,0.071,0.000487603
living worms 10 C,0.147,0.093,0.000696036
living worms 10 C,0.147,0.115,0.000862742
living worms 10 C,0.147,0.137,0.000907259
living worms 10 C,0.147,0.159,0.00108836
living worms 10 C,0.147,0.181,0.00144605
living worms 10 C,0.147,0.203,0.00185113
living worms 10 C,0.147,0.225,0.0021501
living worms 10 C,0.147,0.247,0.0022272
living worms 10 C,0.147,0.269,0.00230151
living worms 10 C,0.147,0.291,0.00251181
living worms 10 C,0.147,0.313,0.00272293
living worms 10 C,0.147,0.335,0.00277191
living worms 10 C,0.147,0.357,0.0026693
living worms 10 C,0.147,0.379,0.00247402
living worms 10 C,0.147,0.401,0.00221783
living worms 10 C,0.147,0.423,0.00196416
living worms 10 C,0.147,0.445,0.00171617
living worms 10 C,0.147,0.467,0.0013517
living worms 10 C,0.147,0.489,0.000898806
living worms 10 C,0.147,0.511,0.000481592
living worms 10 C,0.147,0.533,0.000204772
living worms 10 C,0.147,0.555,7.21741e-05
living worms 10 C,0.153,0.005,0.000479484
living worms 10 C,0.153,0.027,0.000807535
living worms 10 C,0.153,0.049,0.000674588
living worms 10 C,0.153,0.071,0.000567275
living worms 10 C,0.153,0.093,0.000782573
living worms 10 C,0.153,0.115,0.000995772
living worms 10 C,0.153,0.137,0.000955363
living worms 10 C,0.153,0.159,0.000968716
living worms 10 C,0.153,0.181,0.00123123
living worms 10 C,0.153,0.203,0.0015981
living worms 10 C,0.153,0.225,0.00187959
living worms 10 C,0.153,0.247,0.00195367
living worms 10 C,0.153,0.269,0.00200785
living worms 10 C,0.153,0.291,0.00219096
living worms 10 C,0.153,0.313,0.00239824
living worms 10 C,0.153,0.335,0.00253305
living worms 10 C,0.153,0.357,0.00257173
living worms 10 C,0.153,0.379,0.00252769
living worms 10 C,0.153,0.401,0.00241321
living worms 10 C,0.153,0.423,0.00228384
living worms 10 C,0.153,0.445,0.00211158
living worms 10 C,0.153,0.467,0.00177332
living worms 10 C,0.153,0.489,0.00132457
living worms 10 C,0.153,0.511,0.000870279
living worms 10 C,0.153,0.533,0.000474148
living worms 10 C,0.153,0.555,0.000198432
living worms 10 C,0.153,0.577,6.25527e-05
living worms 10 C,0.159,0.005,0.000635243
living worms 10 C,0.159,0.027,0.00105637
living worms 10 C,0.159,0.049,0.000846685
living worms 10 C,0.159,0.071,0.00060149
living worms 10 C,0.159,0.093,0.00075297
living worms 10 C,0.159,0.115,0.00103621
living worms 10 C,0.159,0.137,0.00105472
living worms 10 C,0.159,0.159,0.000996521
living worms 10 C,0.159,0.181,0.00115362
living worms 10 C,0.159,0.203,0.00145654
living worms 10 C,0.159,0.225,0.00171236
living worms 10 C,0.159,0.247,0.00177516
living worms 10 C,0.159,0.269,0.00181366
living worms 10 C,0.159,0.291,0.00196328
living worms 10 C,0.159,0.313,0.00215176
living worms 10 C,0.159,0.335,0.00235427
living worms 10 C,0.159,0.357,0.00250538
living worms 10 C,0.159,0.379,0.00257855
living worms 10 C,0.159,0.401,0.00256805
living worms 10 C,0.159,0.423,0.00250263
living worms 10 C,0.159,0.445,0.00239492
living worms 10 C,0.159,0.467,0.00218558
living worms 10 C,0.159,0.489,0.00188845
living worms 10 C,0.159,0.511,0.00148295
living worms 10 C,0.159,0.533,0.000961368
living worms 10 C,0.159,0.555,0.000474878
living worms 10 C,0.159,0.577,0.000189291
living worms 10 C,0.165,0.049,0.000829402
living worms 10 C,0.165,0.071,0.000571391
living worms 10 C,0.165,0.093,0.000636075
living worms 10 C,0.165,0.115,0.000914992
living worms 10 C,0.165,0.137,0.00100973
living worms 10 C,0.165,0.159,0.000958219
living worms 10 C,0.165,0.181,0.00104556
living worms 10 C,0.165,0.203,0.00128775
living worms 10 C,0.165,0.225,0.00152492
living worms 10 C,0.165,0.247,0.00168341
living worms 10 C,0.165,0.269,0.00188975
living worms 10 C,0.165,0.291,0.00208078
living worms 10 C,0.165,0.313,0.00213889
living worms 10 C,0.165,0.335,0.00224501
living worms 10 C,0.165,0.357,0.00243071
living worms 10 C,0.165,0.379,0.00257045
living worms 10 C,0.165,0.401,0.00260188
living worms 10 C,0.165,0.423,0.00256773
living worms 10 C,0.165,0.445,0.00254192
living worms 10 C,0.165,0.467,0.00254986
living worms 10 C,0.165,0.489,0.00248244
living worms 10 C,0.165,0.511,0.00214834
living worms 10 C,0.165,0.533,0.00155043
living worms 10 C,0.165,0.555,0.000893127
living worms 10 C,0.165,0.577,0.000451388
living worms 10 C,0.165,0.599,0.000236316
living worms 10 C,0.171,0.093,0.000529159
living worms 10 C,0.171,0.115,0.000748445
living worms 10 C,0.171,0.137,0.000856218
living worms 10 C,0.171,0.159,0.000803637
living worms 10 C,0.171,0.181,0.000814808
living worms 10 C,0.171,0.203,0.000998895
living worms 10 C,0.171,0.225,0.00125313
living worms 10 C,0.171,0.247,0.00155232
living worms 10 C,0.171,0.269,0.00201345
living worms 10 C,0.171,0.291,0.0023396
living worms 10 C,0.171,0.313,0.00224512
living worms 10 C,0.171,0.335,0.00211975
living worms 10 C,0.171,0.357,0.00223662
living worms 10 C,0.171,0.379,0.00237821
living worms 10 C,0.171,0.401,0.00238929
living worms 10 C,0.171,0.423,0.00239147
living worms 10 C,0.171,0.445,0.00251331
living worms 10 C,0.171,0.467,0.00273831
living worms 10 C,0.171,0.489,0.00283533
living worms 10 C,0.171,0.511,0.00259543
living worms 10 C,0.171,0.533,0.00208487
living worms 10 C,0.171,0.555,0.0014273
living worms 10 C,0.171,0.577,0.000888017
living worms 10 C,0.171,0.599,0.000563123
living worms 10 C,0.171,0.621,0.000348877
living worms 10 C,0.177,0.115,0.000576863
living worms 10 C,0.177,0.137,0.000732982
living worms 10 C,0.177,0.159,0.00073551
living worms 10 C,0.177,0.181,0.000678213
living worms 10 C,0.177,0.203,0.000749513
living worms 10 C,0.177,0.225,0.000965566
living worms 10 C,0.177,0.247,0.00128789
living worms 10 C,0.177,0.269,0.00184512
living worms 10 C,0.177,0.291,0.00229881
living worms 10 C,0.177,0.313,0.00222339
living worms 10 C,0.177,0.335,0.00199896
living worms 10 C,0.177,0.357,0.00206247
living worms 10 C,0.177,0.379,0.0021905
living worms 10 C,0.177,0.401,0.00215381
living worms 10 C,0.177,0.423,0.00212742
living worms 10 C,0.177,0.445,0.00231059
living worms 10 C,0.177,0.467,0.00260172
living worms 10 C,0.177,0.489,0.00276144
living worms 10 C,0.177,0.511,0.00266682
living worms 10 C,0.177,0.533,0.0023873
living worms 10 C,0.177,0.555,0.00191042
living worms 10 C,0.177,0.577,0.00140571
living worms 10 C,0.177,0.599,0.00105655
living worms 10 C,0.177,0.621,0.000784012
living worms 10 C,0.177,0.643,0.000504341
living worms 10 C,0.183,0.159,0.000698493
living worms 10 C,0.183,0.181,0.000639686
living worms 10 C,0.183,0.203,0.000553705
living worms 10 C,0.183,0.225,0.000614359
living worms 10 C,0.183,0.247,0.000838943
living worms 10 C,0.183,0.269,0.00131873
living worms 10 C,0.183,0.291,0.00183683
living worms 10 C,0.183,0.313,0.00196554
living worms 10 C,0.183,0.335,0.00183775
living worms 10 C,0.183,0.357,0.00185821
living worms 10 C,0.183,0.379,0.00198714
living worms 10 C,0.183,0.401,0.00202689
living worms 10 C,0.183,0.423,0.00203536
living worms 10 C,0.183,0.445,0.00220462
living worms 10 C,0.183,0.467,0.00237586
living worms 10 C,0.183,0.489,0.00243977
living worms 10 C,0.183,0.511,0.00242765
living worms 10 C,0.183,0.533,0.00235464
living worms 10 C,0.183,0.555,0.00212077
living worms 10 C,0.183,0.577,0.00180128
living worms 10 C,0.183,0.599,0.00159576
living worms 10 C,0.183,0.621,0.00144231
living worms 10 C,0.183,0.643,0.00114907
living worms 10 C,0.183,0.665,0.000700844
living worms 10 C,0.189,0.203,0.00036446
living worms 10 C,0.189,0.225,0.000327967
living worms 10 C,0.189,0.247,0.000452239
living worms 10 C,0.189,0.269,0.000825447
living worms 10 C,0.189,0.291,0.00137697
living worms 10 C,0.189,0.313,0.00170849
living worms 10 C,0.189,0.335,0.00166569
living worms 10 C,0.189,0.357,0.00158186
living worms 10 C,0.189,0.379,0.00168871
living worms 10 C,0.189,0.401,0.00186974
living worms 10 C,0.189,0.423,0.00199722
living worms 10 C,0.189,0.445,0.00215269
living worms 10 C,0.189,0.467,0.00218098
living worms 10 C,0.189,0.489,0.00211005
living worms 10 C,0.189,0.511,0.00210752
living worms 10 C,0.189,0.533,0.00215659
living worms 10 C,0.189,0.555,0.00213725
living worms 10 C,0.189,0.577,0.00203063
living worms 10 C,0.189,0.599,0.00199347
living worms 10 C,0.189,0.621,0.00205931
living worms 10 C,0.189,0.643,0.00195441
living worms 10 C,0.189,0.665,0.00147786
living worms 10 C,0.189,0.687,0.000847456
living worms 10 C,0.195,0.247,0.000277175
living worms 10 C,0.195,0.269,0.000542101
living worms 10 C,0.195,0.291,0.00102766
living worms 10 C,0.195,0.313,0.0014157
living worms 10 C,0.195,0.335,0.00141856
living worms 10 C,0.195,0.357,0.00128954
living worms 10 C,0.195,0.379,0.00133159
living worms 10 C,0.195,0.401,0.0014916
living worms 10 C,0.195,0.423,0.00165735
living worms 10 C,0.195,0.445,0.00184043
living worms 10 C,0.195,0.467,0.00190327
living worms 10 C,0.195,0.489,0.00188859
living worms 10 C,0.195,0.511,0.00194307
living worms 10 C,0.195,0.533,0.00201876
living worms 10 C,0.195,0.555,0.00209849
living worms 10 C,0.195,0.577,0.00216406
living worms 10 C,0.195,0.599,0.0022126
living worms 10 C,0.195,0.621,0.00232907
living worms 10 C,0.195,0.643,0.00241897
living worms 10 C,0.195,0.665,0.00218002
living worms 10 C,0.195,0.687,0.00155198
living worms 10 C,0.195,0.709,0.000846377
living worms 10 C,0.201,0.291,0.000726469
living worms 10 C,0.201,0.313,0.00108192
living worms 10 C,0.201,0.335,0.00113588
living worms 10 C,0.201,0.357,0.00102687
living worms 10 C,0.201,0.379,0.000991961
living worms 10 C,0.201,0.401,0.00101915
living worms 10 C,0.201,0.423,0.00111621
living worms 10 C,0.201,0.445,0.00133386
living worms 10 C,0.201,0.467,0.00155888
living worms 10 C,0.201,0.489,0.00176305
living worms 10 C,0.201,0.511,0.00194895
living worms 10 C,0.201,0.533,0.00201805
living worms 10 C,0.201,0.555,0.00209692
living worms 10 C,0.201,0.577,0.00228553
living worms 10 C,0.201,0.599,0.00238935
living worms 10 C,0.201,0.621,0.00238025
living worms 10 C,0.201,0.643,0.00246835
living worms 10 C,0.201,0.665,0.00246299
living worms 10 C,0.201,0.687,0.00208982
living worms 10 C,0.201,0.709,0.00145286
living worms 10 C,0.207,0.335,0.00094386
living worms 10 C,0.207,0.357,0.000831622
living worms 10 C,0.207,0.379,0.000766694
living worms 10 C,0.207,0.401,0.000712786
living worms 10 C,0.207,0.423,0.000716062
living worms 10 C,0.207,0.445,0.00090949
living worms 10 C,0.207,0.467,0.0012522
living worms 10 C,0.207,0.489,0.0016666
living worms 10 C,0.207,0.511,0.0020009
living worms 10 C,0.207,0.533,0.00208062
living worms 10 C,0.207,0.555,0.00210276
living worms 10 C,0.207,0.577,0.00230941
living worms 10 C,0.207,0.599,0.00248884
living worms 10 C,0.207,0.621,0.00244237
living worms 10 C,0.207,0.643,0.00245562
living worms 10 C,0.207,0.665,0.00251344
living worms 10 C,0.207,0.687,0.00240594
living worms 10 C,0.207,0.709,0.00203967
living worms 10 C,0.207,0.731,0.00143348
living worms 10 C,0.213,0.357,0.000602955
living worms 10 C,0.213,0.379,0.000566514
living worms 10 C,0.213,0.401,0.000509939
living worms 10 C,0.213,0.423,0.000477785
living worms 10 C,0.213,0.445,0.000639656
living worms 10 C,0.213,0.467,0.00100895
living worms 10 C,0.213,0.489,0.00149168
living worms 10 C,0.213,0.511,0.00188888
living worms 10 C,0.213,0.533,0.00198849
living worms 10 C,0.213,0.555,0.00195359
living worms 10 C,0.213,0.577,0.00207827
living worms 10 C,0.213,0.599,0.00227592
living worms 10 C,0.213,0.621,0.00232685
living worms 10 C,0.213,0.643,0.00234484
living worms 10 C,0.213,0.665,0.00242518
living worms 10 C,0.213,0.687,0.00252718
living worms 10 C,0.213,0.709,0.00248704
living worms 10 C,0.213,0.731,0.00210548
living worms 10 C,0.213,0.753,0.0013911
living worms 10 C,0.219,0.401,0.000316532
living worms 10 C,0.219,0.423,0.000328266
living worms 10 C,0.219,0.445,0.000478839
living worms 10 C,0.219,0.467,0.000770505
living worms 10 C,0.219,0.489,0.00110592
living worms 10 C,0.219,0.511,0.00140829
living worms 10 C,0.219,0.533,0.00155139
living worms 10 C,0.219,0.555,0.00158438
living worms 10 C,0.219,0.577,0.00167649
living worms 10 C,0.219,0.599,0.00180441
living worms 10 C,0.219,0.621,0.00189613
living worms 10 C,0.219,0.643,0.00197386
living worms 10 C,0.219,0.665,0.0021406
living worms 10 C,0.219,0.687,0.0023758
living worms 10 C,0.219,0.709,0.00254289
living worms 10 C,0.219,0.731,0.00242514
living worms 10 C,0.219,0.753,0.00188987
living worms 10 C,0.219,0.775,0.00122465
living worms 10 C,0.225,0.445,0.000375289
living worms 10 C,0.225,0.467,0.000557617
living worms 10 C,0.225,0.489,0.000707949
living worms 10 C,0.225,0.511,0.00086349
living worms 10 C,0.225,0.533,0.000996301
living worms 10 C,0.225,0.555,0.00113426
living worms 10 C,0.225,0.577,0.00129424
living worms 10 C,0.225,0.599,0.00138388
living worms 10 C,0.225,0.621,0.00144674
living worms 10 C,0.225,0.643,0.00158564
living worms 10 C,0.225,0.665,0.00185545
living worms 10 C,0.225,0.687,0.00207266
living worms 10 C,0.225,0.709,0.00214961
living worms 10 C,0.225,0.731,0.00215801
living worms 10 C,0.225,0.753,0.00198695
living worms 10 C,0.225,0.775,0.00157187
living worms 10 C,0.225,0.797,0.00101886
living worms 10 C,0.231,0.511,0.000538352
living worms 10 C,0.231,0.533,0.000634199
living worms 10 C,0.231,0.555,0.000819379
living worms 10 C,0.231,0.577,0.00102438
living worms 10 C,0.231,0.599,0.00111018
living worms 10 C,0.231,0.621,0.00117156
living worms 10 C,0.231,0.643,0.00135916
living worms 10 C,0.231,0.665,0.00167597
living worms 10 C,0.231,0.687,0.00180757
living worms 10 C,0.231,0.709,0.00171651
living worms 10 C,0.231,0.731,0.00173799
living worms 10 C,0.231,0.753,0.00183686
living worms 10 C,0.231,0.775,0.00172255
living worms 10 C,0.231,0.797,0.00136466
living worms 10 C,0.237,0.555,0.000609732
living worms 10 C,0.237,0.577,0.000789537
living worms 10 C,0.237,0.599,0.000869244
living worms 10 C,0.237,0.621,0.000959483
living worms 10 C,0.237,0.643,0.00116965
living worms 10 C,0.237,0.665,0.00145178
living worms 10 C,0.237,0.687,0.00151028
living worms 10 C,0.237,0.709,0.00139067
living worms 10 C,0.237,0.731,0.00143233
living worms 10 C,0.237,0.753,0.0016178
living worms 10 C,0.237,0.775,0.00169843
living worms 10 C,0.237,0.797,0.00160074
living worms 10 C,0.237,0.819,0.00126654
living worms 10 C,0.243,0.599,0.000597008
living worms 10 C,0.243,0.621,0.000727801
living worms 10 C,0.243,0.643,0.000938299
living worms 10 C,0.243,0.665,0.0011612
living worms 10 C,0.243,0.687,0.0012016
living worms 10 C,0.243,0.709,0.00112968
living worms 10 C,0.243,0.731,0.00118352
living worms 10 C,0.243,0.753,0.00137081
living worms 10 C,0.243,0.775,0.00152682
living worms 10 C,0.243,0.797,0.00159357
living worms 10 C,0.243,0.819,0.00146965
living worms 10 C,0.243,0.841,0.0011096
living worms 10 C,0.249,0.643,0.000647601
living worms 10 C,0.249,0.665,0.0008585
living worms 10 C,0.249,0.687,0.000964174
living worms 10 C,0.249,0.709,0.000966137
living worms 10 C,0.249,0.731,0.00101346
living worms 10 C,0.249,0.753,0.00119698
living worms 10 C,0.249,0.775,0.00136014
living worms 10 C,0.249,0.797,0.00142463
living worms 10 C,0.249,0.819,0.00141613
living worms 10 C,0.249,0.841,0.00126972
living worms 10 C,0.249,0.863,0.000856177
living worms 10 C,0.255,0.687,0.000743374
living worms 10 C,0.255,0.709,0.000851802
living worms 10 C,0.255,0.731,0.000909926
living worms 10 C,0.255,0.753,0.00106023
living worms 10 C,0.255,0.775,0.00119879
living worms 10 C,0.255,0.797,0.00125454
living worms 10 C,0.255,0.819,0.00130344
living worms 10 C,0.255,0.841,0.00130632
living worms 10 C,0.255,0.863,0.00105611
living worms 10 C,0.261,0.753,0.000778401
living worms 10 C,0.261,0.775,0.000908045
living worms 10 C,0.261,0.797,0.00104683
living worms 10 C,0.261,0.819,0.00118267
living worms 10 C,0.261,0.841,0.00123969
living worms 10 C,0.261,0.863,0.00112033
living worms 10 C,0.261,0.885,0.000807276
living worms 10 C,0.267,0.797,0.000804451
living worms 10 C,0.267,0.819,0.00101614
living worms 10 C,0.267,0.841,0.00110001
living worms 10 C,0.267,0.863,0.00108511
living worms 10 C,0.267,0.885,0.000990058
living worms 10 C,0.267,0.907,0.00079598
living worms 10 C,0.273,0.863,0.000988466
living worms 10 C,0.273,0.885,0.00111004
living worms 10 C,0.273,0.907,0.00107871
living worms 10 C,0.279,0.907,0.00113475
living worms 10 C,0.279,0.929,0.000909172
living worms 10 C,0.285,0.973,0.000182449
living worms 20 C,0.051,0.071,0.00132068
living worms 20 C,0.051,0.093,0.00146672
living worms 20 C,0.051,0.115,0.00160626
living worms 20 C,0.057,0.027,0.0007507
living worms 20 C,0.057,0.049,0.00116085
living worms 20 C,0.057,0.071,0.00144481
living worms 20 C,0.057,0.093,0.00164532
living worms 20 C,0.057,0.115,0.0017836
living worms 20 C,0.057,0.137,0.00184078
living worms 20 C,0.057,0.159,0.00177841
living worms 20 C,0.063,0.027,0.000797929
living worms 20 C,0.063,0.049,0.00119585
living worms 20 C,0.063,0.071,0.0015243
living worms 20 C,0.063,0.093,0.00178401
living worms 20 C,0.063,0.115,0.00191376
living worms 20 C,0.063,0.137,0.00195897
living worms 20 C,0.063,0.159,0.0019353
living worms 20 C,0.063,0.181,0.00175136
living worms 20 C,0.063,0.203,0.00141555
living worms 20 C,0.069,0.005,0.000364641
living worms 20 C,0.069,0.027,0.000808563
living worms 20 C,0.069,0.049,0.00119172
living worms 20 C,0.069,0.071,0.00150664
living worms 20 C,0.069,0.093,0.00179516
living worms 20 C,0.069,0.115,0.00193589
living worms 20 C,0.069,0.137,0.00197381
living worms 20 C,0.069,0.159,0.00195624
living worms 20 C,0.069,0.181,0.00187549
living worms 20 C,0.069,0.203,0.0016853
living worms 20 C,0.069,0.225,0.00137068
living worms 20 C,0.069,0.247,0.0010124
living worms 20 C,0.075,0.005,0.000345447
living worms 20 C,0.075,0.027,0.000782705
living worms 20 C,0.075,0.049,0.00113744
living worms 20 C,0.075,0.071,0.00140195
living worms 20 C,0.075,0.093,0.00167112
living worms 20 C,0.075,0.115,0.00182245
living worms 20 C,0.075,0.137,0.00187351
living worms 20 C,0.075,0.159,0.00187234
living worms 20 C,0.075,0.181,0.00186557
living worms 20 C,0.075,0.203,0.00178334
living worms 20 C,0.075,0.225,0.0015647
living worms 20 C,0.075,0.247,0.0013036
living worms 20 C,0.075,0.269,0.000949664
living worms 20 C,0.081,0.005,0.00033234
living worms 20 C,0.081,0.027,0.000770019
living worms 20 C,0.081,0.049,0.00111058
living worms 20 C,0.081,0.071,0.00130864
living worms 20 C,0.081,0.093,0.00151115
living worms 20 C,0.081,0.115,0.00164708
living worms 20 C,0.081,0.137,0.00173349
living worms 20 C,0.081,0.159,0.00179476
living worms 20 C,0.081,0.181,0.00186257
living worms 20 C,0.081,0.203,0.00188457
living worms 20 C,0.081,0.225,0.00175467
living worms 20 C,0.081,0.247,0.00156253
living worms 20 C,0.081,0.269,0.00126008
living worms 20 C,0.081,0.291,0.000827322
living worms 20 C,0.087,0.005,0.000295543
living worms 20 C,0.087,0.027,0.000696431
living worms 20 C,0.087,0.049,0.00102546
living worms 20 C,0.087,0.071,0.00118824
living worms 20 C,0.087,0.093,0.00133134
living worms 20 C,0.087,0.115,0.0014488
living worms 20 C,0.087,0.137,0.00158948
living worms 20 C,0.087,0.159,0.00177213
living worms 20 C,0.087,0.181,0.00194766
living worms 20 C,0.087,0.203,0.00206738
living worms 20 C,0.087,0.225,0.00201633
living worms 20 C,0.087,0.247,0.00185201
living worms 20 C,0.087,0.269,0.001606
living worms 20 C,0.087,0.291,0.00118857
living worms 20 C,0.087,0.313,0.000704596
living worms 20 C,0.087,0.335,0.000381278
living worms 20 C,0.093,0.005,0.000251587
living worms 20 C,0.093,0.027,0.00058146
living worms 20 C,0.093,0.049,0.000875555
living worms 20 C,0.093,0.071,0.00103482
living worms 20 C,0.093,0.093,0.00119078
living worms 20 C,0.093,0.115,0.00132939
living worms 20 C,0.093,0.137,0.00150687
living worms 20 C,0.093,0.159,0.00178239
living worms 20 C,0.093,0.181,0.00204871
living worms 20 C,0.093,0.203,0.00223294
living worms 20 C,0.093,0.225,0.0022451
living worms 20 C,0.093,0.247,0.00212288
living worms 20 C,0.093,0.269,0.00193288
living worms 20 C,0.093,0.291,0.00156372
living worms 20 C,0.093,0.313,0.00106239
living worms 20 C,0.093,0.335,0.000675718
living worms 20 C,0.093,0.357,0.000385289
living worms 20 C,0.099,0.005,0.000220835
living worms 20 C,0.099,0.027,0.000504049
living worms 20 C,0.099,0.049,0.000754367
living worms 20 C,0.099,0.071,0.000908078
living worms 20 C,0.099,0.093,0.00110997
living worms 20 C,0.099,0.115,0.00130851
living worms 20 C,0.099,0.137,0.00150173
living worms 20 C,0.099,0.159,0.00177314
living worms 20 C,0.099,0.181,0.00205831
living worms 20 C,0.099,0.203,0.00225123
living worms 20 C,0.099,0.225,0.00229599
living worms 20 C,0.099,0.247,0.00222497
living worms 20 C,0.099,0.269,0.00208269
living worms 20 C,0.099,0.291,0.00180635
living worms 20 C,0.099,0.313,0.00138906
living worms 20 C,0.099,0.335,0.000984883
living worms 20 C,0.099,0.357,0.000603302
living worms 20 C,0.099,0.379,0.000290714
living worms 20 C,0.105,0.005,0.000211544
living worms 20 C,0.105,0.027,0.00048173
living worms 20 C,0.105,0.049,0.000710178
living worms 20 C,0.105,0.071,0.000861457
living worms 20 C,0.105,0.093,0.00106272
living worms 20 C,0.105,0.115,0.00127095
living worms 20 C,0.105,0.137,0.00147221
living worms 20 C,0.105,0.159,0.0017124
living worms 20 C,0.105,0.181,0.00195045
living worms 20 C,0.105,0.203,0.00209939
living worms 20 C,0.105,0.225,0.00217249
living worms 20 C,0.105,0.247,0.00219794
living worms 20 C,0.105,0.269,0.00215741
living worms 20 C,0.105,0.291,0.00200087
living worms 20 C,0.105,0.313,0.00167699
living worms 20 C,0.105,0.335,0.00129172
living worms 20 C,0.105,0.357,0.000896851
living worms 20 C,0.105,0.379,0.000526465
living worms 20 C,0.105,0.401,0.000282865
living worms 20 C,0.111,0.005,0.000222385
living worms 20 C,0.111,0.027,0.000499008
living worms 20 C,0.111,0.049,0.000735423
living worms 20 C,0.111,0.071,0.000875692
living worms 20 C,0.111,0.093,0.00100064
living worms 20 C,0.111,0.115,0.00116292
living worms 20 C,0.111,0.137,0.00139988
living worms 20 C,0.111,0.159,0.00166961
living worms 20 C,0.111,0.181,0.00185455
living worms 20 C,0.111,0.203,0.00195124
living worms 20 C,0.111,0.225,0.00208754
living worms 20 C,0.111,0.247,0.0022392
living worms 20 C,0.111,0.269,0.00228815
living worms 20 C,0.111,0.291,0.00219637
living worms 20 C,0.111,0.313,0.00195479
living worms 20 C,0.111,0.335,0.00164165
living worms 20 C,0.111,0.357,0.00129304
living worms 20 C,0.111,0.379,0.000891145
living worms 20 C,0.111,0.401,0.00054549
living worms 20 C,0.111,0.423,0.000293043
living worms 20 C,0.117,0.005,0.000240244
living worms 20 C,0.117,0.027,0.000505957
living worms 20 C,0.117,0.049,0.000722608
living worms 20 C,0.117,0.071,0.000836005
living worms 20 C,0.117,0.093,0.000900448
living worms 20 C,0.117,0.115,0.0010322
living worms 20 C,0.117,0.137,0.0012826
living worms 20 C,0.117,0.159,0.00159815
living worms 20 C,0.117,0.181,0.00181215
living worms 20 C,0.117,0.203,0.00191252
living worms 20 C,0.117,0.225,0.0020844
living worms 20 C,0.117,0.247,0.0022999
living worms 20 C,0.117,0.269,0.00237756
living worms 20 C,0.117,0.291,0.00229727
living worms 20 C,0.117,0.313,0.0021574
living worms 20 C,0.117,0.335,0.0019958
living worms 20 C,0.117,0.357,0.00173192
living worms 20 C,0.117,0.379,0.00130996
living worms 20 C,0.117,0.401,0.000864894
living worms 20 C,0.117,0.423,0.000488128
living worms 20 C,0.117,0.445,0.000232364
living worms 20 C,0.123,0.005,0.000227462
living worms 20 C,0.123,0.027,0.000439557
living worms 20 C,0.123,0.049,0.00060138
living worms 20 C,0.123,0.071,0.00070252
living worms 20 C,0.123,0.093,0.000780158
living worms 20 C,0.123,0.115,0.000904726
living worms 20 C,0.123,0.137,0.00109564
living worms 20 C,0.123,0.159,0.00137369
living worms 20 C,0.123,0.181,0.00165569
living worms 20 C,0.123,0.203,0.00184251
living worms 20 C,0.123,0.225,0.00203615
living worms 20 C,0.123,0.247,0.00226298
living worms 20 C,0.123,0.269,0.002382
living worms 20 C,0.123,0.291,0.0023724
living worms 20 C,0.123,0.313,0.00232117
living worms 20 C,0.123,0.335,0.00224236
living worms 20 C,0.123,0.357,0.00203368
living worms 20 C,0.123,0.379,0.00163486
living worms 20 C,0.123,0.401,0.00116731
living worms 20 C,0.123,0.423,0.000738454
living worms 20 C,0.123,0.445,0.000418763
living worms 20 C,0.123,0.467,0.000214493
living worms 20 C,0.129,0.005,0.0001764
living worms 20 C,0.129,0.027,0.000339249
living worms 20 C,0.129,0.049,0.000473564
living worms 20 C,0.129,0.071,0.000566626
living worms 20 C,0.129,0.093,0.000648808
living worms 20 C,0.129,0.115,0.000758175
living worms 20 C,0.129,0.137,0.000896289
living worms 20 C,0.129,0.159,0.0011126
living worms 20 C,0.129,0.181,0.00140877
living worms 20 C,0.129,0.203,0.00167029
living worms 20 C,0.129,0.225,0.00191669
living worms 20 C,0.129,0.247,0.00219759
living worms 20 C,0.129,0.269,0.00239361
living worms 20 C,0.129,0.291,0.00246264
living worms 20 C,0.129,0.313,0.00245201
living worms 20 C,0.129,0.335,0.00235974
living worms 20 C,0.129,0.357,0.00219233
living worms 20 C,0.129,0.379,0.00192513
living worms 20 C,0.129,0.401,0.00152619
living worms 20 C,0.129,0.423,0.00109633
living worms 20 C,0.129,0.445,0.000735687
living worms 20 C,0.129,0.467,0.000442898
living worms 20 C,0.129,0.489,0.000230495
living worms 20 C,0.135,0.005,0.000124449
living worms 20 C,0.135,0.027,0.000245339
living worms 20 C,0.135,0.049,0.000351411
living worms 20 C,0.135,0.071,0.000425731
living worms 20 C,0.135,0.093,0.000501197
living worms 20 C,0.135,0.115,0.000599923
living worms 20 C,0.135,0.137,0.00073472
living worms 20 C,0.135,0.159,0.000941407
living worms 20 C,0.135,0.181,0.00120457
living worms 20 C,0.135,0.203,0.00143833
living worms 20 C,0.135,0.225,0.00168319
living worms 20 C,0.135,0.247,0.00199973
living worms 20 C,0.135,0.269,0.00227136
living worms 20 C,0.135,0.291,0.00243825
living worms 20 C,0.135,0.313,0.00252945
living worms 20 C,0.135,0.335,0.00251225
living worms 20 C,0.135,0.357,0.00244488
living worms 20 C,0.135,0.379,0.00233249
living worms 20 C,0.135,0.401,0.00200092
living worms 20 C,0.135,0.423,0.00156208
living worms 20 C,0.135,0.445,0.00116077
living worms 20 C,0.135,0.467,0.000775317
living worms 20 C,0.135,0.489,0.000444099
living worms 20 C,0.135,0.511,0.000231302
living worms 20 C,0.141,0.005,0.000102585
living worms 20 C,0.141,0.027,0.00021048
living worms 20 C,0.141,0.049,0.000285
living worms 20 C,0.141,0.071,0.000320648
living worms 20 C,0.141,0.093,0.000377249
living worms 20 C,0.141,0.115,0.000472231
living worms 20 C,0.141,0.137,0.000614244
living worms 20 C,0.141,0.159,0.000821564
living worms 20 C,0.141,0.181,0.00104465
living worms 20 C,0.141,0.203,0.00123092
living worms 20 C,0.141,0.225,0.00143224
living worms 20 C,0.141,0.247,0.00169493
living worms 20 C,0.141,0.269,0.00200482
living worms 20 C,0.141,0.291,0.00230966
living worms 20 C,0.141,0.313,0.00253258
living worms 20 C,0.141,0.335,0.00264157
living worms 20 C,0.141,0.357,0.00267664
living worms 20 C,0.141,0.379,0.00262665
living worms 20 C,0.141,0.401,0.00235483
living worms 20 C,0.141,0.423,0.00198764
living worms 20 C,0.141,0.445,0.00159636
living worms 20 C,0.141,0.467,0.00115602
living worms 20 C,0.141,0.489,0.000759327
living worms 20 C,0.141,0.511,0.000475316
living worms 20 C,0.141,0.533,0.000247783
living worms 20 C,0.147,0.005,9.95968e-05
living worms 20 C,0.147,0.027,0.000210632
living worms 20 C,0.147,0.049,0.000273041
living worms 20 C,0.147,0.071,0.000278465
living worms 20 C,0.147,0.093,0.000301216
living worms 20 C,0.147,0.115,0.000389495
living worms 20 C,0.147,0.137,0.000524934
living worms 20 C,0.147,0.159,0.000684048
living worms 20 C,0.147,0.181,0.000837474
living worms 20 C,0.147,0.203,0.00101441
living worms 20 C,0.147,0.225,0.00121897
living worms 20 C,0.147,0.247,0.00143617
living worms 20 C,0.147,0.269,0.00175674
living worms 20 C,0.147,0.291,0.00211551
living worms 20 C,0.147,0.313,0.00236713
living worms 20 C,0.147,0.335,0.00255154
living worms 20 C,0.147,0.357,0.00268905
living worms 20 C,0.147,0.379,0.00269068
living worms 20 C,0.147,0.401,0.00251773
living worms 20 C,0.147,0.423,0.00228954
living worms 20 C,0.147,0.445,0.00195199
living worms 20 C,0.147,0.467,0.00154027
living worms 20 C,0.147,0.489,0.00116819
living worms 20 C,0.147,0.511,0.000830486
living worms 20 C,0.147,0.533,0.00047943
living worms 20 C,0.147,0.555,0.000214121
living worms 20 C,0.153,0.005,7.84452e-05
living worms 20 C,0.153,0.027,0.000171413
living worms 20 C,0.153,0.049,0.000237968
living worms 20 C,0.153,0.071,0.000252443
living worms 20 C,0.153,0.093,0.000252316
living worms 20 C,0.153,0.115,0.000306916
living worms 20 C,0.153,0.137,0.000412749
living worms 20 C,0.153,0.159,0.000511159
living worms 20 C,0.153,0.181,0.000600515
living worms 20 C,0.153,0.203,0.000771505
living worms 20 C,0.153,0.225,0.000994251
living worms 20 C,0.153,0.247,0.001202
living worms 20 C,0.153,0.269,0.00150585
living worms 20 C,0.153,0.291,0.00184986
living worms 20 C,0.153,0.313,0.00210033
living worms 20 C,0.153,0.335,0.0023371
living worms 20 C,0.153,0.357,0.00258162
living worms 20 C,0.153,0.379,0.00267109
living worms 20 C,0.153,0.401,0.0025876
living worms 20 C,0.153,0.423,0.00246207
living worms 20 C,0.153,0.445,0.00221775
living worms 20 C,0.153,0.467,0.00194218
living worms 20 C,0.153,0.489,0.00165009
living worms 20 C,0.153,0.511,0.00124646
living worms 20 C,0.153,0.533,0.00077473
living worms 20 C,0.153,0.555,0.0004253
living worms 20 C,0.153,0.577,0.000245631
living worms 20 C,0.159,0.005,4.51742e-05
living worms 20 C,0.159,0.027,0.000104152
living worms 20 C,0.159,0.049,0.000169306
living worms 20 C,0.159,0.071,0.000205716
living worms 20 C,0.159,0.093,0.000206627
living worms 20 C,0.159,0.115,0.000228526
living worms 20 C,0.159,0.137,0.00029706
living worms 20 C,0.159,0.159,0.000370535
living worms 20 C,0.159,0.181,0.000444231
living worms 20 C,0.159,0.203,0.000577157
living worms 20 C,0.159,0.225,0.000781508
living worms 20 C,0.159,0.247,0.000977653
living worms 20 C,0.159,0.269,0.00122252
living worms 20 C,0.159,0.291,0.00153005
living worms 20 C,0.159,0.313,0.00180859
living worms 20 C,0.159,0.335,0.00209976
living worms 20 C,0.159,0.357,0.00241315
living worms 20 C,0.159,0.379,0.00259911
living worms 20 C,0.159,0.401,0.00261074
living worms 20 C,0.159,0.423,0.00256202
living worms 20 C,0.159,0.445,0.00243148
living worms 20 C,0.159,0.467,0.00228618
living worms 20 C,0.159,0.489,0.00206846
living worms 20 C,0.159,0.511,0.00167746
living worms 20 C,0.159,0.533,0.00118371
living worms 20 C,0.159,0.555,0.00078375
living worms 20 C,0.159,0.577,0.000526389
living worms 20 C,0.165,0.049,0.000128419
living worms 20 C,0.165,0.071,0.000153914
living worms 20 C,0.165,0.093,0.000160113
living worms 20 C,0.165,0.115,0.00018475
living worms 20 C,0.165,0.137,0.000239269
living worms 20 C,0.165,0.159,0.00030276
living worms 20 C,0.165,0.181,0.000362539
living worms 20 C,0.165,0.203,0.000437647
living worms 20 C,0.165,0.225,0.000584811
living worms 20 C,0.165,0.247,0.000743472
living worms 20 C,0.165,0.269,0.000942362
living worms 20 C,0.165,0.291,0.00122222
living worms 20 C,0.165,0.313,0.00150022
living worms 20 C,0.165,0.335,0.00179302
living worms 20 C,0.165,0.357,0.00211241
living worms 20 C,0.165,0.379,0.00238308
living worms 20 C,0.165,0.401,0.00251598
living worms 20 C,0.165,0.423,0.00257815
living worms 20 C,0.165,0.445,0.00256153
living worms 20 C,0.165,0.467,0.00244836
living worms 20 C,0.165,0.489,0.00230685
living worms 20 C,0.165,0.511,0.00210175
living worms 20 C,0.165,0.533,0.00173499
living worms 20 C,0.165,0.555,0.00128134
living worms 20 C,0.165,0.577,0.00089419
living worms 20 C,0.165,0.599,0.000532394
living worms 20 C,0.171,0.093,0.000123754
living worms 20 C,0.171,0.115,0.000151448
living worms 20 C,0.171,0.137,0.000194303
living worms 20 C,0.171,0.159,0.00024033
living worms 20 C,0.171,0.181,0.000282907
living worms 20 C,0.171,0.203,0.000338285
living worms 20 C,0.171,0.225,0.000450217
living worms 20 C,0.171,0.247,0.000572464
living worms 20 C,0.171,0.269,0.000737115
living worms 20 C,0.171,0.291,0.000967491
living worms 20 C,0.171,0.313,0.00122
living worms 20 C,0.171,0.335,0.00150174
living worms 20 C,0.171,0.357,0.00178366
living worms 20 C,0.171,0.379,0.00205253
living worms 20 C,0.171,0.401,0.00224977
living worms 20 C,0.171,0.423,0.00244093
living worms 20 C,0.171,0.445,0.00256017
living worms 20 C,0.171,0.467,0.00250485
living worms 20 C,0.171,0.489,0.00247063
living worms 20 C,0.171,0.511,0.00248662
living worms 20 C,0.171,0.533,0.00230417
living worms 20 C,0.171,0.555,0.00185932
living worms 20 C,0.171,0.577,0.00136604
living worms 20 C,0.171,0.599,0.000894965
living worms 20 C,0.171,0.621,0.000483829
living worms 20 C,0.177,0.115,0.000108301
living worms 20 C,0.177,0.137,0.000137904
living worms 20 C,0.177,0.159,0.000172965
living worms 20 C,0.177,0.181,0.000207217
living worms 20 C,0.177,0.203,0.000268286
living worms 20 C,0.177,0.225,0.000374915
living worms 20 C,0.177,0.247,0.000473945
living worms 20 C,0.177,0.269,0.000597641
living worms 20 C,0.177,0.291,0.000772693
living worms 20 C,0.177,0.313,0.000991119
living worms 20 C,0.177,0.335,0.00122935
living worms 20 C,0.177,0.357,0.00145912
living worms 20 C,0.177,0.379,0.0016972
living worms 20 C,0.177,0.401,0.00192883
living worms 20 C,0.177,0.423,0.00219909
living worms 20 C,0.177,0.445,0.00241988
living worms 20 C,0.177,0.467,0.00248837
living worms 20 C,0.177,0.489,0.00256486
living worms 20 C,0.177,0.511,0.00270346
living worms 20 C,0.177,0.533,0.0026848
living worms 20 C,0.177,0.555,0.00237103
living worms 20 C,0.177,0.577,0.0019218
living worms 20 C,0.177,0.599,0.00144039
living worms 20 C,0.177,0.621,0.000956579
living worms 20 C,0.177,0.643,0.00052845
living worms 20 C,0.183,0.159,0.000137923
living worms 20 C,0.183,0.181,0.000173621
living worms 20 C,0.183,0.203,0.000235063
living worms 20 C,0.183,0.225,0.000322278
living worms 20 C,0.183,0.247,0.000385554
living worms 20 C,0.183,0.269,0.000460714
living worms 20 C,0.183,0.291,0.000591864
living worms 20 C,0.183,0.313,0.000753572
living worms 20 C,0.183,0.335,0.000908815
living worms 20 C,0.183,0.357,0.00111387
living worms 20 C,0.183,0.379,0.001369
living worms 20 C,0.183,0.401,0.00161313
living worms 20 C,0.183,0.423,0.00189664
living worms 20 C,0.183,0.445,0.00220252
living worms 20 C,0.183,0.467,0.00241106
living worms 20 C,0.183,0.489,0.00256754
living worms 20 C,0.183,0.511,0.00278273
living worms 20 C,0.183,0.533,0.00285801
living worms 20 C,0.183,0.555,0.00262839
living worms 20 C,0.183,0.577,0.00235248
living worms 20 C,0.183,0.599,0.00207671
living worms 20 C,0.183,0.621,0.00164577
living worms 20 C,0.183,0.643,0.00106886
living worms 20 C,0.183,0.665,0.000549266
living worms 20 C,0.189,0.203,0.000195105
living worms 20 C,0.189,0.225,0.000262472
living worms 20 C,0.189,0.247,0.000298084
living worms 20 C,0.189,0.269,0.000326647
living worms 20 C,0.189,0.291,0.0004092
living worms 20 C,0.189,0.313,0.0005226
living worms 20 C,0.189,0.335,0.000640621
living worms 20 C,0.189,0.357,0.000841472
living worms 20 C,0.189,0.379,0.0011089
living worms 20 C,0.189,0.401,0.00136106
living worms 20 C,0.189,0.423,0.00164851
living worms 20 C,0.189,0.445,0.00199328
living worms 20 C,0.189,0.467,0.00228332
living worms 20 C,0.189,0.489,0.00249657
living worms 20 C,0.189,0.511,0.00274659
living worms 20 C,0.189,0.533,0.0028445
living worms 20 C,0.189,0.555,0.00269638
living worms 20 C,0.189,0.577,0.0026373
living worms 20 C,0.189,0.599,0.00262517
living worms 20 C,0.189,0.621,0.00232839
living worms 20 C,0.189,0.643,0.00171337
living worms 20 C,0.189,0.665,0.00103742
living worms 20 C,0.189,0.687,0.000500505
living worms 20 C,0.195,0.247,0.000239049
living worms 20 C,0.195,0.269,0.000254626
living worms 20 C,0.195,0.291,0.000307817
living worms 20 C,0.195,0.313,0.000393369
living worms 20 C,0.195,0.335,0.000486258
living worms 20 C,0.195,0.357,0.000646415
living worms 20 C,0.195,0.379,0.000901877
living worms 20 C,0.195,0.401,0.00118661
living worms 20 C,0.195,0.423,0.00148041
living worms 20 C,0.195,0.445,0.00176306
living worms 20 C,0.195,0.467,0.00202682
living worms 20 C,0.195,0.489,0.00227766
living worms 20 C,0.195,0.511,0.00251183
living worms 20 C,0.195,0.533,0.00262038
living worms 20 C,0.195,0.555,0.00263633
living worms 20 C,0.195,0.577,0.00274773
living worms 20 C,0.195,0.599,0.0028734
living worms 20 C,0.195,0.621,0.00274034
living worms 20 C,0.195,0.643,0.00228795
living worms 20 C,0.195,0.665,0.0016061
living worms 20 C,0.195,0.687,0.000911378
living worms 20 C,0.195,0.709,0.000430209
living worms 20 C,0.201,0.291,0.000280206
living worms 20 C,0.201,0.313,0.000337765
living worms 20 C,0.201,0.335,0.000395076
living worms 20 C,0.201,0.357,0.000522178
living worms 20 C,0.201,0.379,0.000758231
living worms 20 C,0.201,0.401,0.00103067
living worms 20 C,0.201,0.423,0.00128057
living worms 20 C,0.201,0.445,0.0014821
living worms 20 C,0.201,0.467,0.0017016
living worms 20 C,0.201,0.489,0.00196805
living worms 20 C,0.201,0.511,0.00216952
living worms 20 C,0.201,0.533,0.00227342
living worms 20 C,0.201,0.555,0.00240004
living worms 20 C,0.201,0.577,0.00258534
living worms 20 C,0.201,0.599,0.00276639
living worms 20 C,0.201,0.621,0.00282694
living worms 20 C,0.201,0.643,0.00263983
living worms 20 C,0.201,0.665,0.00208528
living worms 20 C,0.201,0.687,0.00140988
living worms 20 C,0.201,0.709,0.000854558
living worms 20 C,0.207,0.335,0.000341223
living worms 20 C,0.207,0.357,0.000430904
living worms 20 C,0.207,0.379,0.00061045
living worms 20 C,0.207,0.401,0.000817056
living worms 20 C,0.207,0.423,0.000997009
living worms 20 C,0.207,0.445,0.0011573
living worms 20 C,0.207,0.467,0.00137675
living worms 20 C,0.207,0.489,0.00165163
living worms 20 C,0.207,0.511,0.00185852
living worms 20 C,0.207,0.533,0.00199162
living worms 20 C,0.207,0.555,0.00212469
living worms 20 C,0.207,0.577,0.00228213
living worms 20 C,0.207,0.599,0.00250214
living worms 20 C,0.207,0.621,0.00272792
living worms 20 C,0.207,0.643,0.00274576
living worms 20 C,0.207,0.665,0.0024234
living worms 20 C,0.207,0.687,0.00193264
living worms 20 C,0.207,0.709,0.00139238
living worms 20 C,0.207,0.731,0.000821489
living worms 20 C,0.213,0.357,0.000359154
living worms 20 C,0.213,0.379,0.000488358
living worms 20 C,0.213,0.401,0.00062384
living worms 20 C,0.213,0.423,0.000743005
living worms 20 C,0.213,0.445,0.000894761
living worms 20 C,0.213,0.467,0.00113599
living worms 20 C,0.213,0.489,0.00142041
living worms 20 C,0.213,0.511,0.00164826
living worms 20 C,0.213,0.533,0.00180489
living worms 20 C,0.213,0.555,0.00192664
living worms 20 C,0.213,0.577,0.00206201
living worms 20 C,0.213,0.599,0.00229914
living worms 20 C,0.213,0.621,0.00257218
living worms 20 C,0.213,0.643,0.00269175
living worms 20 C,0.213,0.665,0.00260889
living worms 20 C,0.213,0.687,0.00234085
living worms 20 C,0.213,0.709,0.00187337
living worms 20 C,0.213,0.731,0.00124924
living worms 20 C,0.213,0.753,0.00069202
living worms 20 C,0.219,0.401,0.000486821
living worms 20 C,0.219,0.423,0.000560192
living worms 20 C,0.219,0.445,0.000693695
living worms 20 C,0.219,0.467,0.000931237
living worms 20 C,0.219,0.489,0.00122162
living worms 20 C,0.219,0.511,0.00146047
living worms 20 C,0.219,0.533,0.00162121
living worms 20 C,0.219,0.555,0.00177986
living worms 20 C,0.219,0.577,0.00195251
living worms 20 C,0.219,0.599,0.00215362
living worms 20 C,0.219,0.621,0.00234993
living worms 20 C,0.219,0.643,0.00248668
living worms 20 C,0.219,0.665,0.00251755
living worms 20 C,0.219,0.687,0.0024453
living worms 20 C,0.219,0.709,0.00217889
living worms 20 C,0.219,0.731,0.00163737
living worms 20 C,0.219,0.753,0.00102973
living worms 20 C,0.219,0.775,0.000560856
living worms 20 C,0.225,0.445,0.00055255
living worms 20 C,0.225,0.467,0.000751996
living worms 20 C,0.225,0.489,0.000982161
living worms 20 C,0.225,0.511,0.0011757
living worms 20 C,0.225,0.533,0.001356
living worms 20 C,0.225,0.555,0.00157869
living worms 20 C,0.225,0.577,0.0017852
living worms 20 C,0.225,0.599,0.00192803
living worms 20 C,0.225,0.621,0.00204994
living worms 20 C,0.225,0.643,0.00218466
living worms 20 C,0.225,0.665,0.00222185
living worms 20 C,0.225,0.687,0.00222606
living worms 20 C,0.225,0.709,0.00214956
living worms 20 C,0.225,0.731,0.00178814
living worms 20 C,0.225,0.753,0.00126024
living worms 20 C,0.225,0.775,0.000795848
living worms 20 C,0.225,0.797,0.000453231
living worms 20 C,0.231,0.511,0.00088209
living worms 20 C,0.231,0.533,0.00105902
living worms 20 C,0.231,0.555,0.00129258
living worms 20 C,0.231,0.577,0.00148782
living worms 20 C,0.231,0.599,0.00164372
living worms 20 C,0.231,0.621,0.00179851
living worms 20 C,0.231,0.643,0.00191605
living worms 20 C,0.231,0.665,0.0019257
living worms 20 C,0.231,0.687,0.0019139
living worms 20 C,0.231,0.709,0.00189146
living worms 20 C,0.231,0.731,0.00169544
living worms 20 C,0.231,0.753,0.00135168
living worms 20 C,0.231,0.775,0.000978777
living worms 20 C,0.231,0.797,0.000623419
living worms 20 C,0.237,0.555,0.00104848
living worms 20 C,0.237,0.577,0.00121242
living worms 20 C,0.237,0.599,0.00137436
living worms 20 C,0.237,0.621,0.00152874
living worms 20 C,0.237,0.643,0.00161672
living worms 20 C,0.237,0.665,0.00166308
living worms 20 C,0.237,0.687,0.001681
living worms 20 C,0.237,0.709,0.00164787
living worms 20 C,0.237,0.731,0.00152245
living worms 20 C,0.237,0.753,0.0013333
living worms 20 C,0.237,0.775,0.00108889
living worms 20 C,0.237,0.797,0.000776748
living worms 20 C,0.237,0.819,0.000485565
living worms 20 C,0.243,0.599,0.00109727
living worms 20 C,0.243,0.621,0.00120861
living worms 20 C,0.243,0.643,0.00132551
living worms 20 C,0.243,0.665,0.00146
living worms 20 C,0.243,0.687,0.00152249
living worms 20 C,0.243,0.709,0.00145406
living worms 20 C,0.243,0.731,0.00132124
living worms 20 C,0.243,0.753,0.00120308
living worms 20 C,0.243,0.775,0.00109555
living worms 20 C,0.243,0.797,0.000894368
living worms 20 C,0.243,0.819,0.000624907
living worms 20 C,0.243,0.841,0.000364507
living worms 20 C,0.249,0.643,0.00116025
living worms 20 C,0.249,0.665,0.00132144
living worms 20 C,0.249,0.687,0.00136081
living worms 20 C,0.249,0.709,0.00127611
living worms 20 C,0.249,0.731,0.00116748
living worms 20 C,0.249,0.753,0.001068
living worms 20 C,0.249,0.775,0.001005
living worms 20 C,0.249,0.797,0.000886465
living worms 20 C,0.249,0.819,0.000671815
living worms 20 C,0.249,0.841,0.000452751
living worms 20 C,0.249,0.863,0.000260052
living worms 20 C,0.255,0.687,0.00110863
living worms 20 C,0.255,0.709,0.00106778
living worms 20 C,0.255,0.731,0.00102659
living worms 20 C,0.255,0.753,0.000947341
living worms 20 C,0.255,0.775,0.000879897
living worms 20 C,0.255,0.797,0.00080152
living worms 20 C,0.255,0.819,0.000655468
living worms 20 C,0.255,0.841,0.000502142
living worms 20 C,0.255,0.863,0.000331783
living worms 20 C,0.261,0.753,0.000771038
living worms 20 C,0.261,0.775,0.00072045
living worms 20 C,0.261,0.797,0.000702361
living worms 20 C,0.261,0.819,0.000648651
living worms 20 C,0.261,0.841,0.000543684
living worms 20 C,0.261,0.863,0.000387212
living worms 20 C,0.261,0.885,0.00026229
living worms 20 C,0.267,0.797,0.000592628
living worms 20 C,0.267,0.819,0.000602781
living worms 20 C,0.267,0.841,0.00052084
living worms 20 C,0.267,0.863,0.00039358
living worms 20 C,0.267,0.885,0.00031829
living worms 20 C,0.267,0.907,0.000282207
living worms 20 C,0.273,0.863,0.000331517
living worms 20 C,0.273,0.885,0.000313358
living worms 20 C,0.273,0.907,0.000311919
living worms 20 C,0.279,0.907,0.000283154
living worms 20 C,0.279,0.929,0.000248345
living worms 20 C,0.285,0.973,6.00304e-05
living worms 30 C,0.051,0.071,0.00288756
living worms 30 C,0.051,0.093,0.00292261
living worms 30 C,0.051,0.115,0.00261433
living worms 30 C,0.057,0.027,0.00232707
living worms 30 C,0.057,0.049,0.00268878
living worms 30 C,0.057,0.071,0.00298759
living worms 30 C,0.057,0.093,0.00348514
living worms 30 C,0.057,0.115,0.0032899
living worms 30 C,0.057,0.137,0.00259258
living worms 30 C,0.057,0.159,0.00195542
living worms 30 C,0.063,0.027,0.00247097
living worms 30 C,0.063,0.049,0.00298073
living worms 30 C,0.063,0.071,0.00342678
living worms 30 C,0.063,0.093,0.00415602
living worms 30 C,0.063,0.115,0.00397976
living worms 30 C,0.063,0.137,0.00316893
living worms 30 C,0.063,0.159,0.00239384
living worms 30 C,0.063,0.181,0.001801
living worms 30 C,0.063,0.203,0.00129316
living worms 30 C,0.069,0.005,0.00112986
living worms 30 C,0.069,0.027,0.002562
living worms 30 C,0.069,0.049,0.00325707
living worms 30 C,0.069,0.071,0.00338892
living worms 30 C,0.069,0.093,0.00369744
living worms 30 C,0.069,0.115,0.00371046
living worms 30 C,0.069,0.137,0.00326728
living worms 30 C,0.069,0.159,0.00250453
living worms 30 C,0.069,0.181,0.00191142
living worms 30 C,0.069,0.203,0.00156527
living worms 30 C,0.069,0.225,0.00117946
living worms 30 C,0.069,0.247,0.000747201
living worms 30 C,0.075,0.005,0.000914364
living worms 30 C,0.075,0.027,0.00238548
living worms 30 C,0.075,0.049,0.0033507
living worms 30 C,0.075,0.071,0.00304461
living worms 30 C,0.075,0.093,0.00253494
living worms 30 C,0.075,0.115,0.00250301
living worms 30 C,0.075,0.137,0.00252532
living worms 30 C,0.075,0.159,0.002106
living worms 30 C,0.075,0.181,0.00176406
living worms 30 C,0.075,0.203,0.00168814
living worms 30 C,0.075,0.225,0.00152252
living worms 30 C,0.075,0.247,0.00116749
living worms 30 C,0.075,0.269,0.000768182
living worms 30 C,0.081,0.005,0.000633535
living worms 30 C,0.081,0.027,0.00194751
living worms 30 C,0.081,0.049,0.00304252
living worms 30 C,0.081,0.071,0.00263493
living worms 30 C,0.081,0.093,0.00173103
living worms 30 C,0.081,0.115,0.00143488
living worms 30 C,0.081,0.137,0.00151845
living worms 30 C,0.081,0.159,0.00148376
living worms 30 C,0.081,0.181,0.00150457
living worms 30 C,0.081,0.203,0.00167304
living worms 30 C,0.081,0.225,0.00174707
living worms 30 C,0.081,0.247,0.00156974
living worms 30 C,0.081,0.269,0.00121458
living worms 30 C,0.081,0.291,0.000762299
living worms 30 C,0.087,0.005,0.000328993
living worms 30 C,0.087,0.027,0.00109804
living worms 30 C,0.087,0.049,0.001824
living worms 30 C,0.087,0.071,0.00165595
living worms 30 C,0.087,0.093,0.00112203
living worms 30 C,0.087,0.115,0.000884764
living worms 30 C,0.087,0.137,0.000937648
living worms 30 C,0.087,0.159,0.00108577
living worms 30 C,0.087,0.181,0.00131669
living worms 30 C,0.087,0.203,0.00171494
living worms 30 C,0.087,0.225,0.00210386
living worms 30 C,0.087,0.247,0.00210141
living worms 30 C,0.087,0.269,0.00176394
living worms 30 C,0.087,0.291,0.001253
living worms 30 C,0.087,0.313,0.000707621
living worms 30 C,0.087,0.335,0.000322638
living worms 30 C,0.093,0.005,0.000123978
living worms 30 C,0.093,0.027,0.000417382
living worms 30 C,0.093,0.049,0.000743677
living worms 30 C,0.093,0.071,0.000797951
living worms 30 C,0.093,0.093,0.000692102
living worms 30 C,0.093,0.115,0.000650966
living worms 30 C,0.093,0.137,0.000745115
living worms 30 C,0.093,0.159,0.000943249
living worms 30 C,0.093,0.181,0.00126401
living worms 30 C,0.093,0.203,0.00194562
living worms 30 C,0.093,0.225,0.0027588
living worms 30 C,0.093,0.247,0.00289531
living worms 30 C,0.093,0.269,0.00247189
living worms 30 C,0.093,0.291,0.00185458
living worms 30 C,0.093,0.313,0.0011525
living worms 30 C,0.093,0.335,0.000586846
living worms 30 C,0.093,0.357,0.000249459
living worms 30 C,0.099,0.005,6.33884e-05
living worms 30 C,0.099,0.027,0.000192195
living worms 30 C,0.099,0.049,0.00036085
living worms 30 C,0.099,0.071,0.00047707
living worms 30 C,0.099,0.093,0.000520789
living worms 30 C,0.099,0.115,0.000562123
living worms 30 C,0.099,0.137,0.000683717
living worms 30 C,0.099,0.159,0.000905235
living worms 30 C,0.099,0.181,0.00124667
living worms 30 C,0.099,0.203,0.00200635
living worms 30 C,0.099,0.225,0.00301186
living worms 30 C,0.099,0.247,0.00325417
living worms 30 C,0.099,0.269,0.00282699
living worms 30 C,0.099,0.291,0.00223903
living worms 30 C,0.099,0.313,0.00152785
living worms 30 C,0.099,0.335,0.000869617
living worms 30 C,0.099,0.357,0.000416119
living worms 30 C,0.099,0.379,0.000177427
living worms 30 C,0.105,0.005,5.69331e-05
living worms 30 C,0.105,0.027,0.000151424
living worms 30 C,0.105,0.049,0.000267907
living worms 30 C,0.105,0.071,0.000378004
living worms 30 C,0.105,0.093,0.000458313
living worms 30 C,0.105,0.115,0.000533896
living worms 30 C,0.105,0.137,0.000667564
living worms 30 C,0.105,0.159,0.000889392
living worms 30 C,0.105,0.181,0.00119095
living worms 30 C,0.105,0.203,0.00176839
living worms 30 C,0.105,0.225,0.00254992
living worms 30 C,0.105,0.247,0.00276993
living worms 30 C,0.105,0.269,0.00253588
living worms 30 C,0.105,0.291,0.00225106
living worms 30 C,0.105,0.313,0.00172646
living worms 30 C,0.105,0.335,0.00107276
living worms 30 C,0.105,0.357,0.000571483
living worms 30 C,0.105,0.379,0.000284884
living worms 30 C,0.105,0.401,0.000127478
living worms 30 C,0.111,0.005,5.80619e-05
living worms 30 C,0.111,0.027,0.000146719
living worms 30 C,0.111,0.049,0.000243135
living worms 30 C,0.111,0.071,0.000343315
living worms 30 C,0.111,0.093,0.000450022
living worms 30 C,0.111,0.115,0.000567586
living worms 30 C,0.111,0.137,0.000709343
living worms 30 C,0.111,0.159,0.000880644
living worms 30 C,0.111,0.181,0.00113838
living worms 30 C,0.111,0.203,0.0016437
living worms 30 C,0.111,0.225,0.00225694
living worms 30 C,0.111,0.247,0.00236796
living worms 30 C,0.111,0.269,0.00214857
living worms 30 C,0.111,0.291,0.00198803
living worms 30 C,0.111,0.313,0.00166436
living worms 30 C,0.111,0.335,0.00114338
living worms 30 C,0.111,0.357,0.000696101
living worms 30 C,0.111,0.379,0.000416138
living worms 30 C,0.111,0.401,0.000228449
living worms 30 C,0.111,0.423,9.88895e-05
living worms 30 C,0.117,0.005,6.60952e-05
living worms 30 C,0.117,0.027,0.000171148
living worms 30 C,0.117,0.049,0.000284203
living worms 30 C,0.117,0.071,0.000403514
living worms 30 C,0.117,0.093,0.000547169
living worms 30 C,0.117,0.115,0.000699418
living worms 30 C,0.117,0.137,0.000841615
living worms 30 C,0.117,0.159,0.00094994
living worms 30 C,0.117,0.181,0.00116556
living worms 30 C,0.117,0.203,0.00167404
living worms 30 C,0.117,0.225,0.00221609
living worms 30 C,0.117,0.247,0.00222893
living worms 30 C,0.117,0.269,0.00191752
living worms 30 C,0.117,0.291,0.00169053
living worms 30 C,0.117,0.313,0.00147914
living worms 30 C,0.117,0.335,0.00117731
living worms 30 C,0.117,0.357,0.000882807
living worms 30 C,0.117,0.379,0.000658934
living worms 30 C,0.117,0.401,0.00045537
living worms 30 C,0.117,0.423,0.00023945
living worms 30 C,0.117,0.445,9.3029e-05
living worms 30 C,0.123,0.005,7.09994e-05
living worms 30 C,0.123,0.027,0.000201976
living worms 30 C,0.123,0.049,0.0003667
living worms 30 C,0.123,0.071,0.000538326
living worms 30 C,0.123,0.093,0.00070462
living worms 30 C,0.123,0.115,0.000837692
living worms 30 C,0.123,0.137,0.000954335
living worms 30 C,0.123,0.159,0.0010333
living worms 30 C,0.123,0.181,0.00120682
living worms 30 C,0.123,0.203,0.00163474
living worms 30 C,0.123,0.225,0.00202231
living worms 30 C,0.123,0.247,0.0019808
living worms 30 C,0.123,0.269,0.00172747
living worms 30 C,0.123,0.291,0.00153848
living worms 30 C,0.123,0.313,0.00141247
living worms 30 C,0.123,0.335,0.00129707
living worms 30 C,0.123,0.357,0.00118676
living worms 30 C,0.123,0.379,0.00108537
living worms 30 C,0.123,0.401,0.000888163
living worms 30 C,0.123,0.423,0.000525434
living worms 30 C,0.123,0.445,0.000230403
living worms 30 C,0.123,0.467,9.1773e-05
living worms 30 C,0.129,0.005,6.43579e-05
living worms 30 C,0.129,0.027,0.000201045
living worms 30 C,0.129,0.049,0.000405141
living worms 30 C,0.129,0.071,0.000629074
living worms 30 C,0.129,0.093,0.000802119
living worms 30 C,0.129,0.115,0.00088032
living worms 30 C,0.129,0.137,0.000939803
living worms 30 C,0.129,0.159,0.00100841
living worms 30 C,0.129,0.181,0.00115802
living worms 30 C,0.129,0.203,0.00146549
living worms 30 C,0.129,0.225,0.00169589
living worms 30 C,0.129,0.247,0.00167847
living worms 30 C,0.129,0.269,0.00157352
living worms 30 C,0.129,0.291,0.00149058
living worms 30 C,0.129,0.313,0.00142581
living worms 30 C,0.129,0.335,0.00138889
living worms 30 C,0.129,0.357,0.00140717
living worms 30 C,0.129,0.379,0.00145145
living worms 30 C,0.129,0.401,0.00130717
living worms 30 C,0.129,0.423,0.000873905
living worms 30 C,0.129,0.445,0.000463324
living worms 30 C,0.129,0.467,0.000209951
living worms 30 C,0.129,0.489,7.9468e-05
living worms 30 C,0.135,0.005,4.86713e-05
living worms 30 C,0.135,0.027,0.000157681
living worms 30 C,0.135,0.049,0.000345225
living worms 30 C,0.135,0.071,0.000598869
living worms 30 C,0.135,0.093,0.000816416
living worms 30 C,0.135,0.115,0.000872123
living worms 30 C,0.135,0.137,0.000852515
living worms 30 C,0.135,0.159,0.000883582
living worms 30 C,0.135,0.181,0.00102467
living worms 30 C,0.135,0.203,0.00126174
living worms 30 C,0.135,0.225,0.00143994
living worms 30 C,0.135,0.247,0.00148823
living worms 30 C,0.135,0.269,0.00147088
living worms 30 C,0.135,0.291,0.00143423
living worms 30 C,0.135,0.313,0.00138919
living worms 30 C,0.135,0.335,0.00136444
living worms 30 C,0.135,0.357,0.00141745
living worms 30 C,0.135,0.379,0.00149485
living worms 30 C,0.135,0.401,0.00140494
living worms 30 C,0.135,0.423,0.00109096
living worms 30 C,0.135,0.445,0.000713472
living worms 30 C,0.135,0.467,0.000377503
living worms 30 C,0.135,0.489,0.000168079
living worms 30 C,0.135,0.511,7.49537e-05
living worms 30 C,0.141,0.005,3.25224e-05
living worms 30 C,0.141,0.027,0.00011061
living worms 30 C,0.141,0.049,0.000271795
living worms 30 C,0.141,0.071,0.000538429
living worms 30 C,0.141,0.093,0.000788858
living worms 30 C,0.141,0.115,0.000836674
living worms 30 C,0.141,0.137,0.000776828
living worms 30 C,0.141,0.159,0.000779053
living worms 30 C,0.141,0.181,0.000886198
living worms 30 C,0.141,0.203,0.00105921
living worms 30 C,0.141,0.225,0.00122361
living worms 30 C,0.141,0.247,0.00133729
living worms 30 C,0.141,0.269,0.0013886
living worms 30 C,0.141,0.291,0.00138154
living worms 30 C,0.141,0.313,0.00135258
living worms 30 C,0.141,0.335,0.00136213
living worms 30 C,0.141,0.357,0.00144299
living worms 30 C,0.141,0.379,0.00149848
living worms 30 C,0.141,0.401,0.00142033
living worms 30 C,0.141,0.423,0.00122429
living worms 30 C,0.141,0.445,0.000925219
living worms 30 C,0.141,0.467,0.000577863
living worms 30 C,0.141,0.489,0.0003251
living worms 30 C,0.141,0.511,0.000186735
living worms 30 C,0.141,0.533,9.50565e-05
living worms 30 C,0.147,0.005,3.09695e-05
living worms 30 C,0.147,0.027,0.000107982
living worms 30 C,0.147,0.049,0.000272743
living worms 30 C,0.147,0.071,0.000517926
living worms 30 C,0.147,0.093,0.000702478
living worms 30 C,0.147,0.115,0.000713966
living worms 30 C,0.147,0.137,0.000676746
living worms 30 C,0.147,0.159,0.000691249
living worms 30 C,0.147,0.181,0.000743424
living worms 30 C,0.147,0.203,0.000826052
living worms 30 C,0.147,0.225,0.000948107
living worms 30 C,0.147,0.247,0.00110717
living worms 30 C,0.147,0.269,0.00125624
living worms 30 C,0.147,0.291,0.00133754
living worms 30 C,0.147,0.313,0.00137536
living worms 30 C,0.147,0.335,0.00144075
living worms 30 C,0.147,0.357,0.00154889
living worms 30 C,0.147,0.379,0.00161181
living worms 30 C,0.147,0.401,0.00155466
living worms 30 C,0.147,0.423,0.00141102
living worms 30 C,0.147,0.445,0.00117257
living worms 30 C,0.147,0.467,0.000856
living worms 30 C,0.147,0.489,0.00057286
living worms 30 C,0.147,0.511,0.000375172
living worms 30 C,0.147,0.533,0.000215345
living worms 30 C,0.147,0.555,9.5838e-05
living worms 30 C,0.153,0.005,3.93165e-05
living worms 30 C,0.153,0.027,0.000136645
living worms 30 C,0.153,0.049,0.000319365
living worms 30 C,0.153,0.071,0.000511242
living worms 30 C,0.153,0.093,0.000576181
living worms 30 C,0.153,0.115,0.00054161
living worms 30 C,0.153,0.137,0.000535297
living worms 30 C,0.153,0.159,0.00057011
living worms 30 C,0.153,0.181,0.000600974
living worms 30 C,0.153,0.203,0.000632429
living worms 30 C,0.153,0.225,0.000703039
living worms 30 C,0.153,0.247,0.000844173
living worms 30 C,0.153,0.269,0.00103531
living worms 30 C,0.153,0.291,0.00121288
living worms 30 C,0.153,0.313,0.00136507
living worms 30 C,0.153,0.335,0.00148888
living worms 30 C,0.153,0.357,0.0015862
living worms 30 C,0.153,0.379,0.0016578
living worms 30 C,0.153,0.401,0.00166796
living worms 30 C,0.153,0.423,0.00160079
living worms 30 C,0.153,0.445,0.00144443
living worms 30 C,0.153,0.467,0.00119162
living worms 30 C,0.153,0.489,0.000891895
living worms 30 C,0.153,0.511,0.000627691
living worms 30 C,0.153,0.533,0.000383366
living worms 30 C,0.153,0.555,0.000182769
living worms 30 C,0.153,0.577,6.85545e-05
living worms 30 C,0.159,0.005,3.43759e-05
living worms 30 C,0.159,0.027,0.00012772
living worms 30 C,0.159,0.049,0.000294844
living worms 30 C,0.159,0.071,0.000441709
living worms 30 C,0.159,0.093,0.000470975
living worms 30 C,0.159,0.115,0.000449516
living worms 30 C,0.159,0.137,0.000468002
living worms 30 C,0.159,0.159,0.000519255
living worms 30 C,0.159,0.181,0.000580354
living worms 30 C,0.159,0.203,0.000627891
living worms 30 C,0.159,0.225,0.000654134
living worms 30 C,0.159,0.247,0.000712474
living worms 30 C,0.159,0.269,0.000854368
living worms 30 C,0.159,0.291,0.0010625
living worms 30 C,0.159,0.313,0.00129907
living worms 30 C,0.159,0.335,0.00148172
living worms 30 C,0.159,0.357,0.00161567
living worms 30 C,0.159,0.379,0.00175087
living worms 30 C,0.159,0.401,0.00183776
living worms 30 C,0.159,0.423,0.00183578
living worms 30 C,0.159,0.445,0.00174963
living worms 30 C,0.159,0.467,0.0015414
living worms 30 C,0.159,0.489,0.0012223
living worms 30 C,0.159,0.511,0.00091788
living worms 30 C,0.159,0.533,0.0006228
living worms 30 C,0.159,0.555,0.000352675
living worms 30 C,0.159,0.577,0.000173284
living worms 30 C,0.165,0.049,0.000198017
living worms 30 C,0.165,0.071,0.000315689
living worms 30 C,0.165,0.093,0.000378379
living worms 30 C,0.165,0.115,0.00041124
living worms 30 C,0.165,0.137,0.000462647
living worms 30 C,0.165,0.159,0.000536269
living worms 30 C,0.165,0.181,0.0006368
living worms 30 C,0.165,0.203,0.000704842
living worms 30 C,0.165,0.225,0.000692678
living worms 30 C,0.165,0.247,0.000696423
living worms 30 C,0.165,0.269,0.000795483
living worms 30 C,0.165,0.291,0.000983069
living worms 30 C,0.165,0.313,0.00121533
living worms 30 C,0.165,0.335,0.00143435
living worms 30 C,0.165,0.357,0.00172022
living worms 30 C,0.165,0.379,0.00206897
living worms 30 C,0.165,0.401,0.00223386
living worms 30 C,0.165,0.423,0.0021911
living worms 30 C,0.165,0.445,0.00206801
living worms 30 C,0.165,0.467,0.0018664
living worms 30 C,0.165,0.489,0.00156177
living worms 30 C,0.165,0.511,0.00126561
living worms 30 C,0.165,0.533,0.000973479
living worms 30 C,0.165,0.555,0.000667323
living worms 30 C,0.165,0.577,0.000410345
living worms 30 C,0.165,0.599,0.000231379
living worms 30 C,0.171,0.093,0.000286994
living worms 30 C,0.171,0.115,0.000358903
living worms 30 C,0.171,0.137,0.000435238
living worms 30 C,0.171,0.159,0.000520178
living worms 30 C,0.171,0.181,0.000620471
living worms 30 C,0.171,0.203,0.000664736
living worms 30 C,0.171,0.225,0.000631349
living worms 30 C,0.171,0.247,0.000656137
living worms 30 C,0.171,0.269,0.00077129
living worms 30 C,0.171,0.291,0.000918802
living worms 30 C,0.171,0.313,0.00106905
living worms 30 C,0.171,0.335,0.00129175
living worms 30 C,0.171,0.357,0.00180845
living worms 30 C,0.171,0.379,0.00249366
living worms 30 C,0.171,0.401,0.00275587
living worms 30 C,0.171,0.423,0.00255924
living worms 30 C,0.171,0.445,0.00227024
living worms 30 C,0.171,0.467,0.00207044
living worms 30 C,0.171,0.489,0.00189642
living worms 30 C,0.171,0.511,0.00167554
living worms 30 C,0.171,0.533,0.0013786
living worms 30 C,0.171,0.555,0.00105081
living worms 30 C,0.171,0.577,0.000756634
living worms 30 C,0.171,0.599,0.000531511
living worms 30 C,0.171,0.621,0.000335033
living worms 30 C,0.177,0.115,0.000312739
living worms 30 C,0.177,0.137,0.000407965
living worms 30 C,0.177,0.159,0.000510068
living worms 30 C,0.177,0.181,0.000595237
living worms 30 C,0.177,0.203,0.00059347
living worms 30 C,0.177,0.225,0.000542732
living worms 30 C,0.177,0.247,0.000588759
living worms 30 C,0.177,0.269,0.000723523
living worms 30 C,0.177,0.291,0.000851342
living worms 30 C,0.177,0.313,0.000948283
living worms 30 C,0.177,0.335,0.00113453
living worms 30 C,0.177,0.357,0.001707
living worms 30 C,0.177,0.379,0.00252509
living worms 30 C,0.177,0.401,0.00284483
living worms 30 C,0.177,0.423,0.0025931
living worms 30 C,0.177,0.445,0.00226853
living worms 30 C,0.177,0.467,0.00211873
living worms 30 C,0.177,0.489,0.00207592
living worms 30 C,0.177,0.511,0.00196152
living worms 30 C,0.177,0.533,0.00168612
living worms 30 C,0.177,0.555,0.00137424
living worms 30 C,0.177,0.577,0.0011512
living worms 30 C,0.177,0.599,0.00102181
living worms 30 C,0.177,0.621,0.000795979
living worms 30 C,0.177,0.643,0.000455195
living worms 30 C,0.183,0.159,0.000551128
living worms 30 C,0.183,0.181,0.000645562
living worms 30 C,0.183,0.203,0.000607278
living worms 30 C,0.183,0.225,0.000539138
living worms 30 C,0.183,0.247,0.000578296
living worms 30 C,0.183,0.269,0.000698942
living worms 30 C,0.183,0.291,0.000826294
living worms 30 C,0.183,0.313,0.000952209
living worms 30 C,0.183,0.335,0.00110415
living worms 30 C,0.183,0.357,0.0014635
living worms 30 C,0.183,0.379,0.00198479
living worms 30 C,0.183,0.401,0.00223315
living worms 30 C,0.183,0.423,0.00217835
living worms 30 C,0.183,0.445,0.00209488
living worms 30 C,0.183,0.467,0.00207884
living worms 30 C,0.183,0.489,0.00207508
living worms 30 C,0.183,0.511,0.00199578
living worms 30 C,0.183,0.533,0.0017917
living worms 30 C,0.183,0.555,0.00159039
living worms 30 C,0.183,0.577,0.00156161
living worms 30 C,0.183,0.599,0.00167314
living worms 30 C,0.183,0.621,0.00154676
living worms 30 C,0.183,0.643,0.0010411
living worms 30 C,0.183,0.665,0.000515728
living worms 30 C,0.189,0.203,0.00061048
living worms 30 C,0.189,0.225,0.000576572
living worms 30 C,0.189,0.247,0.000632831
living worms 30 C,0.189,0.269,0.00071752
living worms 30 C,0.189,0.291,0.000828667
living worms 30 C,0.189,0.313,0.000997862
living worms 30 C,0.189,0.335,0.00115532
living worms 30 C,0.189,0.357,0.00134496
living worms 30 C,0.189,0.379,0.00157349
living worms 30 C,0.189,0.401,0.00172994
living worms 30 C,0.189,0.423,0.00184416
living worms 30 C,0.189,0.445,0.00192298
living worms 30 C,0.189,0.467,0.00199507
living worms 30 C,0.189,0.489,0.00202572
living worms 30 C,0.189,0.511,0.0019567
living worms 30 C,0.189,0.533,0.00180247
living worms 30 C,0.189,0.555,0.00171568
living worms 30 C,0.189,0.577,0.0018503
living worms 30 C,0.189,0.599,0.00214497
living worms 30 C,0.189,0.621,0.00219199
living worms 30 C,0.189,0.643,0.00170547
living worms 30 C,0.189,0.665,0.00104092
living worms 30 C,0.189,0.687,0.000537523
living worms 30 C,0.195,0.247,0.000640101
living worms 30 C,0.195,0.269,0.00071278
living worms 30 C,0.195,0.291,0.000791379
living worms 30 C,0.195,0.313,0.000960825
living worms 30 C,0.195,0.335,0.00112833
living worms 30 C,0.195,0.357,0.00129758
living worms 30 C,0.195,0.379,0.00151719
living worms 30 C,0.195,0.401,0.00175382
living worms 30 C,0.195,0.423,0.00192802
living worms 30 C,0.195,0.445,0.00194024
living worms 30 C,0.195,0.467,0.0020033
living worms 30 C,0.195,0.489,0.00213872
living worms 30 C,0.195,0.511,0.00216765
living worms 30 C,0.195,0.533,0.00204345
living worms 30 C,0.195,0.555,0.00193163
living worms 30 C,0.195,0.577,0.00200986
living worms 30 C,0.195,0.599,0.00222797
living worms 30 C,0.195,0.621,0.00234289
living worms 30 C,0.195,0.643,0.00210754
living worms 30 C,0.195,0.665,0.00160889
living worms 30 C,0.195,0.687,0.00106431
living worms 30 C,0.195,0.709,0.000587479
living worms 30 C,0.201,0.291,0.000666563
living worms 30 C,0.201,0.313,0.000821372
living worms 30 C,0.201,0.335,0.000959027
living worms 30 C,0.201,0.357,0.0011247
living worms 30 C,0.201,0.379,0.00146473
living worms 30 C,0.201,0.401,0.00193205
living worms 30 C,0.201,0.423,0.00219776
living worms 30 C,0.201,0.445,0.00212094
living worms 30 C,0.201,0.467,0.00217504
living worms 30 C,0.201,0.489,0.00243546
living worms 30 C,0.201,0.511,0.00258947
living worms 30 C,0.201,0.533,0.00254139
living worms 30 C,0.201,0.555,0.00241193
living worms 30 C,0.201,0.577,0.00234189
living worms 30 C,0.201,0.599,0.00232796
living worms 30 C,0.201,0.621,0.00239094
living worms 30 C,0.201,0.643,0.00240777
living worms 30 C,0.201,0.665,0.00216812
living worms 30 C,0.201,0.687,0.00170453
living worms 30 C,0.201,0.709,0.00118743
living worms 30 C,0.207,0.335,0.00072865
living worms 30 C,0.207,0.357,0.000857404
living worms 30 C,0.207,0.379,0.00119518
living worms 30 C,0.207,0.401,0.00171126
living worms 30 C,0.207,0.423,0.00203582
living worms 30 C,0.207,0.445,0.00203705
living worms 30 C,0.207,0.467,0.00216937
living worms 30 C,0.207,0.489,0.00249443
living worms 30 C,0.207,0.511,0.00268532
living worms 30 C,0.207,0.533,0.00273848
living worms 30 C,0.207,0.555,0.00278325
living worms 30 C,0.207,0.577,0.00274108
living worms 30 C,0.207,0.599,0.00252562
living worms 30 C,0.207,0.621,0.00242849
living worms 30 C,0.207,0.643,0.00253794
living worms 30 C,0.207,0.665,0.00250862
living worms 30 C,0.207,0.687,0.00223219
living worms 30 C,0.207,0.709,0.00189564
living worms 30 C,0.207,0.731,0.00135809
living worms 30 C,0.213,0.357,0.00059988
living worms 30 C,0.213,0.379,0.000806995
living worms 30 C,0.213,0.401,0.001144
living worms 30 C,0.213,0.423,0.00143044
living worms 30 C,0.213,0.445,0.00157129
living worms 30 C,0.213,0.467,0.00179825
living worms 30 C,0.213,0.489,0.00212965
living worms 30 C,0.213,0.511,0.00232567
living worms 30 C,0.213,0.533,0.00244683
living worms 30 C,0.213,0.555,0.00260713
living worms 30 C,0.213,0.577,0.00264291
living worms 30 C,0.213,0.599,0.00239378
living worms 30 C,0.213,0.621,0.00219004
living worms 30 C,0.213,0.643,0.00225548
living worms 30 C,0.213,0.665,0.00234914
living worms 30 C,0.213,0.687,0.00244802
living worms 30 C,0.213,0.709,0.00256294
living worms 30 C,0.213,0.731,0.00215789
living worms 30 C,0.213,0.753,0.00126821
living worms 30 C,0.219,0.401,0.000673576
living worms 30 C,0.219,0.423,0.000853856
living worms 30 C,0.219,0.445,0.00101048
living worms 30 C,0.219,0.467,0.00126505
living worms 30 C,0.219,0.489,0.00159038
living worms 30 C,0.219,0.511,0.00181683
living worms 30 C,0.219,0.533,0.00200401
living worms 30 C,0.219,0.555,0.00215751
living worms 30 C,0.219,0.577,0.00217915
living worms 30 C,0.219,0.599,0.00202334
living worms 30 C,0.219,0.621,0.00189326
living worms 30 C,0.219,0.643,0.00190173
living worms 30 C,0.219,0.665,0.00200854
living worms 30 C,0.219,0.687,0.00244837
living worms 30 C,0.219,0.709,0.00299162
living worms 30 C,0.219,0.731,0.00275332
living worms 30 C,0.219,0.753,0.00180207
living worms 30 C,0.219,0.775,0.000894022
living worms 30 C,0.225,0.445,0.000585465
living worms 30 C,0.225,0.467,0.000807098
living worms 30 C,0.225,0.489,0.00111714
living worms 30 C,0.225,0.511,0.00137281
living worms 30 C,0.225,0.533,0.00161196
living worms 30 C,0.225,0.555,0.00179011
living worms 30 C,0.225,0.577,0.00184767
living worms 30 C,0.225,0.599,0.00180148
living worms 30 C,0.225,0.621,0.00173624
living worms 30 C,0.225,0.643,0.00168066
living worms 30 C,0.225,0.665,0.00173709
living worms 30 C,0.225,0.687,0.00221225
living worms 30 C,0.225,0.709,0.00280865
living worms 30 C,0.225,0.731,0.00269079
living worms 30 C,0.225,0.753,0.00197516
living worms 30 C,0.225,0.775,0.00121487
living worms 30 C,0.225,0.797,0.000619637
living worms 30 C,0.231,0.511,0.00110529
living worms 30 C,0.231,0.533,0.00142296
living worms 30 C,0.231,0.555,0.00156477
living worms 30 C,0.231,0.577,0.00158974
living worms 30 C,0.231,0.599,0.00158398
living worms 30 C,0.231,0.621,0.0015572
living worms 30 C,0.231,0.643,0.00150102
living worms 30 C,0.231,0.665,0.00149856
living worms 30 C,0.231,0.687,0.00174349
living worms 30 C,0.231,0.709,0.00208041
living worms 30 C,0.231,0.731,0.00206749
living worms 30 C,0.231,0.753,0.00178336
living worms 30 C,0.231,0.775,0.00143104
living worms 30 C,0.231,0.797,0.000990262
living worms 30 C,0.237,0.555,0.00155569
living worms 30 C,0.237,0.577,0.00137315
living worms 30 C,0.237,0.599,0.00126255
living worms 30 C,0.237,0.621,0.00126249
living worms 30 C,0.237,0.643,0.00128905
living worms 30 C,0.237,0.665,0.00127367
living worms 30 C,0.237,0.687,0.00132437
living worms 30 C,0.237,0.709,0.00145627
living worms 30 C,0.237,0.731,0.00150728
living worms 30 C,0.237,0.753,0.00150025
living worms 30 C,0.237,0.775,0.0014776
living worms 30 C,0.237,0.797,0.00127466
living worms 30 C,0.237,0.819,0.000832446
living worms 30 C,0.243,0.599,0.000998231
living worms 30 C,0.243,0.621,0.000982787
living worms 30 C,0.243,0.643,0.00106114
living worms 30 C,0.243,0.665,0.00108308
living worms 30 C,0.243,0.687,0.00111714
living worms 30 C,0.243,0.709,0.00121583
living worms 30 C,0.243,0.731,0.00127764
living worms 30 C,0.243,0.753,0.00127855
living worms 30 C,0.243,0.775,0.00126945
living worms 30 C,0.243,0.797,0.00117518
living worms 30 C,0.243,0.819,0.000884203
living worms 30 C,0.243,0.841,0.000481497
living worms 30 C,0.249,0.643,0.000788282
living worms 30 C,0.249,0.665,0.000897742
living worms 30 C,0.249,0.687,0.00106212
living worms 30 C,0.249,0.709,0.00125224
living worms 30 C,0.249,0.731,0.0013293
living worms 30 C,0.249,0.753,0.00122857
living worms 30 C,0.249,0.775,0.00105057
living worms 30 C,0.249,0.797,0.000885469
living worms 30 C,0.249,0.819,0.000706882
living worms 30 C,0.249,0.841,0.000468017
living worms 30 C,0.249,0.863,0.000235613
living worms 30 C,0.255,0.687,0.000953932
living worms 30 C,0.255,0.709,0.0012545
living worms 30 C,0.255,0.731,0.00138947
living worms 30 C,0.255,0.753,0.00127049
living worms 30 C,0.255,0.775,0.0010273
living worms 30 C,0.255,0.797,0.00079206
living worms 30 C,0.255,0.819,0.000608727
living worms 30 C,0.255,0.841,0.000442554
living worms 30 C,0.255,0.863,0.000274409
living worms 30 C,0.261,0.753,0.0011557
living worms 30 C,0.261,0.775,0.00107892
living worms 30 C,0.261,0.797,0.000915931
living worms 30 C,0.261,0.819,0.000699467
living worms 30 C,0.261,0.841,0.000498572
living worms 30 C,0.261,0.863,0.000339595
living worms 30 C,0.261,0.885,0.000260064
living worms 30 C,0.267,0.797,0.000954552
living worms 30 C,0.267,0.819,0.000748915
living worms 30 C,0.267,0.841,0.000539922
living worms 30 C,0.267,0.863,0.000402882
living worms 30 C,0.267,0.885,0.000366001
living worms 30 C,0.267,0.907,0.000384217
living worms 30 C,0.273,0.863,0.000376409
living worms 30 C,0.273,0.885,0.000374396
living worms 30 C,0.273,0.907,0.000439239
living worms 30 C,0.279,0.907,0.00034948
living worms 30 C,0.279,0.929,0.000416591
living worms 30 C,0.285,0.973,0.000161331
